[2026-05-18 23:01:08] ==========================================================================================
[2026-05-18 23:01:08] JOBVITE APPLICATION SYNC STARTED
[2026-05-18 23:01:08] Run started at: 2026-05-18 23:01:08 UTC
[2026-05-18 23:01:08] Local DB before sync | total_records=65258 | hibob_records=9043 | first_sent_date=2022-03-28 07:00:00 UTC | last_sent_date=2026-04-16 14:07:53 UTC | last_updated_date=2026-04-16 14:08:46 UTC
[2026-05-18 23:01:08] Date ranges to process:
[2026-05-18 23:01:08]   1. 2026-05 | 05-01-2026T00:00:00+0000 -> 05-31-2026T23:59:59+0000
[2026-05-18 23:01:08] ------------------------------------------------------------------------------------------
[2026-05-18 23:01:08] WARNING: Starting range: 2026-05 | 05-01-2026T00:00:00+0000 -> 05-31-2026T23:59:59+0000
[2026-05-18 23:01:08] Requesting page | start=1 | count=25 | date_start=05-01-2026T00:00:00+0000 | date_end=05-31-2026T23:59:59+0000
[2026-05-18 23:01:26] Page received | start=1 | records=25 | hibob_records=12 | sent_date_min=2026-03-24 19:22:46 UTC | sent_date_max=2026-05-01 05:39:54 UTC | last_updated_min=2026-05-01 00:39:41 UTC | last_updated_max=2026-05-01 05:39:54 UTC
[2026-05-18 23:01:27] Page processed | start=1 | range_processed=25 | range_created=24 | range_updated=1 | range_skipped_no_hibob=0 | range_errors=0
[2026-05-18 23:01:27] Sleeping 3s before next page...
[2026-05-18 23:01:30] Requesting page | start=26 | count=25 | date_start=05-01-2026T00:00:00+0000 | date_end=05-31-2026T23:59:59+0000
[2026-05-18 23:01:35] Page received | start=26 | records=25 | hibob_records=5 | sent_date_min=2026-04-13 16:27:12 UTC | sent_date_max=2026-05-01 07:07:12 UTC | last_updated_min=2026-05-01 05:49:30 UTC | last_updated_max=2026-05-01 07:11:50 UTC
[2026-05-18 23:01:35] Page processed | start=26 | range_processed=50 | range_created=49 | range_updated=1 | range_skipped_no_hibob=0 | range_errors=0
[2026-05-18 23:01:35] Sleeping 3s before next page...
[2026-05-18 23:01:38] Requesting page | start=51 | count=25 | date_start=05-01-2026T00:00:00+0000 | date_end=05-31-2026T23:59:59+0000
[2026-05-18 23:01:43] Page received | start=51 | records=25 | hibob_records=5 | sent_date_min=2026-04-09 14:24:55 UTC | sent_date_max=2026-05-01 07:38:41 UTC | last_updated_min=2026-05-01 07:12:03 UTC | last_updated_max=2026-05-01 07:39:44 UTC
[2026-05-18 23:01:43] Page processed | start=51 | range_processed=75 | range_created=74 | range_updated=1 | range_skipped_no_hibob=0 | range_errors=0
[2026-05-18 23:01:43] Sleeping 3s before next page...
[2026-05-18 23:01:46] Requesting page | start=76 | count=25 | date_start=05-01-2026T00:00:00+0000 | date_end=05-31-2026T23:59:59+0000
[2026-05-18 23:02:04] Page received | start=76 | records=25 | hibob_records=9 | sent_date_min=2025-04-30 14:15:41 UTC | sent_date_max=2026-05-01 08:52:10 UTC | last_updated_min=2026-05-01 07:43:53 UTC | last_updated_max=2026-05-01 09:07:12 UTC
[2026-05-18 23:02:04] Page processed | start=76 | range_processed=100 | range_created=93 | range_updated=7 | range_skipped_no_hibob=0 | range_errors=0
[2026-05-18 23:02:04] Sleeping 3s before next page...
[2026-05-18 23:02:07] Requesting page | start=101 | count=25 | date_start=05-01-2026T00:00:00+0000 | date_end=05-31-2026T23:59:59+0000
[2026-05-18 23:02:11] Page received | start=101 | records=25 | hibob_records=8 | sent_date_min=2026-03-19 21:37:15 UTC | sent_date_max=2026-05-01 10:18:30 UTC | last_updated_min=2026-05-01 09:09:23 UTC | last_updated_max=2026-05-01 10:18:30 UTC
[2026-05-18 23:02:12] Page processed | start=101 | range_processed=125 | range_created=117 | range_updated=8 | range_skipped_no_hibob=0 | range_errors=0
[2026-05-18 23:02:12] Sleeping 3s before next page...
[2026-05-18 23:02:15] Requesting page | start=126 | count=25 | date_start=05-01-2026T00:00:00+0000 | date_end=05-31-2026T23:59:59+0000
[2026-05-18 23:02:19] Page received | start=126 | records=25 | hibob_records=4 | sent_date_min=2025-01-09 13:25:07 UTC | sent_date_max=2026-05-01 10:52:16 UTC | last_updated_min=2026-05-01 10:22:06 UTC | last_updated_max=2026-05-01 11:11:44 UTC
[2026-05-18 23:02:20] Page processed | start=126 | range_processed=150 | range_created=141 | range_updated=9 | range_skipped_no_hibob=0 | range_errors=0
[2026-05-18 23:02:20] Sleeping 3s before next page...
[2026-05-18 23:02:23] Requesting page | start=151 | count=25 | date_start=05-01-2026T00:00:00+0000 | date_end=05-31-2026T23:59:59+0000
[2026-05-18 23:02:28] Page received | start=151 | records=25 | hibob_records=4 | sent_date_min=2026-04-15 09:25:00 UTC | sent_date_max=2026-05-01 11:27:37 UTC | last_updated_min=2026-05-01 11:13:21 UTC | last_updated_max=2026-05-01 11:30:04 UTC
[2026-05-18 23:02:28] Page processed | start=151 | range_processed=175 | range_created=165 | range_updated=10 | range_skipped_no_hibob=0 | range_errors=0
[2026-05-18 23:02:28] Sleeping 3s before next page...
[2026-05-18 23:02:31] Requesting page | start=176 | count=25 | date_start=05-01-2026T00:00:00+0000 | date_end=05-31-2026T23:59:59+0000
[2026-05-18 23:02:37] Page received | start=176 | records=25 | hibob_records=7 | sent_date_min=2026-04-02 22:22:29 UTC | sent_date_max=2026-04-29 11:22:07 UTC | last_updated_min=2026-05-01 11:30:04 UTC | last_updated_max=2026-05-01 11:30:05 UTC
[2026-05-18 23:02:37] Page processed | start=176 | range_processed=200 | range_created=189 | range_updated=11 | range_skipped_no_hibob=0 | range_errors=0
[2026-05-18 23:02:37] Sleeping 3s before next page...
[2026-05-18 23:02:40] Requesting page | start=201 | count=25 | date_start=05-01-2026T00:00:00+0000 | date_end=05-31-2026T23:59:59+0000
[2026-05-18 23:02:46] Page received | start=201 | records=25 | hibob_records=11 | sent_date_min=2026-02-21 12:05:19 UTC | sent_date_max=2026-05-01 11:52:43 UTC | last_updated_min=2026-05-01 11:30:05 UTC | last_updated_max=2026-05-01 12:00:04 UTC
[2026-05-18 23:02:46] Page processed | start=201 | range_processed=225 | range_created=214 | range_updated=11 | range_skipped_no_hibob=0 | range_errors=0
[2026-05-18 23:02:46] Sleeping 3s before next page...
[2026-05-18 23:02:49] Requesting page | start=226 | count=25 | date_start=05-01-2026T00:00:00+0000 | date_end=05-31-2026T23:59:59+0000
[2026-05-18 23:02:54] Page received | start=226 | records=25 | hibob_records=5 | sent_date_min=2026-04-19 13:19:08 UTC | sent_date_max=2026-04-28 14:37:11 UTC | last_updated_min=2026-05-01 12:00:04 UTC | last_updated_max=2026-05-01 12:00:04 UTC
[2026-05-18 23:02:54] Page processed | start=226 | range_processed=250 | range_created=239 | range_updated=11 | range_skipped_no_hibob=0 | range_errors=0
[2026-05-18 23:02:54] Sleeping 3s before next page...
[2026-05-18 23:02:57] Requesting page | start=251 | count=25 | date_start=05-01-2026T00:00:00+0000 | date_end=05-31-2026T23:59:59+0000
[2026-05-18 23:03:02] Page received | start=251 | records=25 | hibob_records=4 | sent_date_min=2026-03-17 12:15:29 UTC | sent_date_max=2026-05-01 12:15:00 UTC | last_updated_min=2026-05-01 12:00:04 UTC | last_updated_max=2026-05-01 12:15:00 UTC
[2026-05-18 23:03:02] Page processed | start=251 | range_processed=275 | range_created=261 | range_updated=14 | range_skipped_no_hibob=0 | range_errors=0
[2026-05-18 23:03:02] Sleeping 3s before next page...
[2026-05-18 23:03:05] Requesting page | start=276 | count=25 | date_start=05-01-2026T00:00:00+0000 | date_end=05-31-2026T23:59:59+0000
[2026-05-18 23:03:10] Page received | start=276 | records=25 | hibob_records=4 | sent_date_min=2026-02-25 05:07:15 UTC | sent_date_max=2026-05-01 12:22:30 UTC | last_updated_min=2026-05-01 12:15:38 UTC | last_updated_max=2026-05-01 12:30:08 UTC
[2026-05-18 23:03:11] Page processed | start=276 | range_processed=300 | range_created=284 | range_updated=16 | range_skipped_no_hibob=0 | range_errors=0
[2026-05-18 23:03:11] Sleeping 3s before next page...
[2026-05-18 23:03:14] Requesting page | start=301 | count=25 | date_start=05-01-2026T00:00:00+0000 | date_end=05-31-2026T23:59:59+0000
[2026-05-18 23:03:19] Page received | start=301 | records=25 | hibob_records=5 | sent_date_min=2026-04-08 17:07:45 UTC | sent_date_max=2026-04-29 06:07:08 UTC | last_updated_min=2026-05-01 12:30:08 UTC | last_updated_max=2026-05-01 12:30:09 UTC
[2026-05-18 23:03:20] Page processed | start=301 | range_processed=325 | range_created=309 | range_updated=16 | range_skipped_no_hibob=0 | range_errors=0
[2026-05-18 23:03:20] Sleeping 3s before next page...
[2026-05-18 23:03:23] Requesting page | start=326 | count=25 | date_start=05-01-2026T00:00:00+0000 | date_end=05-31-2026T23:59:59+0000
[2026-05-18 23:03:35] Page received | start=326 | records=25 | hibob_records=7 | sent_date_min=2026-04-07 09:53:25 UTC | sent_date_max=2026-04-29 10:52:14 UTC | last_updated_min=2026-05-01 12:30:09 UTC | last_updated_max=2026-05-01 12:30:10 UTC
[2026-05-18 23:03:35] Page processed | start=326 | range_processed=350 | range_created=334 | range_updated=16 | range_skipped_no_hibob=0 | range_errors=0
[2026-05-18 23:03:35] Sleeping 3s before next page...
[2026-05-18 23:03:38] Requesting page | start=351 | count=25 | date_start=05-01-2026T00:00:00+0000 | date_end=05-31-2026T23:59:59+0000
[2026-05-18 23:03:43] Page received | start=351 | records=25 | hibob_records=11 | sent_date_min=2026-04-06 14:32:40 UTC | sent_date_max=2026-04-29 14:37:28 UTC | last_updated_min=2026-05-01 12:30:10 UTC | last_updated_max=2026-05-01 12:32:23 UTC
[2026-05-18 23:03:43] Page processed | start=351 | range_processed=375 | range_created=359 | range_updated=16 | range_skipped_no_hibob=0 | range_errors=0
[2026-05-18 23:03:43] Sleeping 3s before next page...
[2026-05-18 23:03:46] Requesting page | start=376 | count=25 | date_start=05-01-2026T00:00:00+0000 | date_end=05-31-2026T23:59:59+0000
[2026-05-18 23:03:51] Page received | start=376 | records=25 | hibob_records=7 | sent_date_min=2026-02-11 16:52:40 UTC | sent_date_max=2026-05-01 12:38:07 UTC | last_updated_min=2026-05-01 12:34:24 UTC | last_updated_max=2026-05-01 12:50:55 UTC
[2026-05-18 23:03:51] Page processed | start=376 | range_processed=400 | range_created=370 | range_updated=30 | range_skipped_no_hibob=0 | range_errors=0
[2026-05-18 23:03:51] Sleeping 3s before next page...
[2026-05-18 23:03:54] Requesting page | start=401 | count=25 | date_start=05-01-2026T00:00:00+0000 | date_end=05-31-2026T23:59:59+0000
[2026-05-18 23:03:59] Page received | start=401 | records=25 | hibob_records=1 | sent_date_min=2026-02-20 12:37:18 UTC | sent_date_max=2026-05-01 12:51:46 UTC | last_updated_min=2026-05-01 12:51:14 UTC | last_updated_max=2026-05-01 13:00:04 UTC
[2026-05-18 23:03:59] Page processed | start=401 | range_processed=425 | range_created=391 | range_updated=34 | range_skipped_no_hibob=0 | range_errors=0
[2026-05-18 23:03:59] Sleeping 3s before next page...
[2026-05-18 23:04:02] Requesting page | start=426 | count=25 | date_start=05-01-2026T00:00:00+0000 | date_end=05-31-2026T23:59:59+0000
[2026-05-18 23:04:09] Page received | start=426 | records=25 | hibob_records=3 | sent_date_min=2026-02-11 14:42:15 UTC | sent_date_max=2026-05-01 11:47:09 UTC | last_updated_min=2026-05-01 13:00:04 UTC | last_updated_max=2026-05-01 13:05:19 UTC
[2026-05-18 23:04:09] Page processed | start=426 | range_processed=450 | range_created=406 | range_updated=44 | range_skipped_no_hibob=0 | range_errors=0
[2026-05-18 23:04:09] Sleeping 3s before next page...
[2026-05-18 23:04:12] Requesting page | start=451 | count=25 | date_start=05-01-2026T00:00:00+0000 | date_end=05-31-2026T23:59:59+0000
[2026-05-18 23:04:16] Page received | start=451 | records=25 | hibob_records=10 | sent_date_min=2025-07-25 14:17:33 UTC | sent_date_max=2026-05-01 13:33:25 UTC | last_updated_min=2026-05-01 13:06:48 UTC | last_updated_max=2026-05-01 13:33:41 UTC
[2026-05-18 23:04:17] Page processed | start=451 | range_processed=475 | range_created=413 | range_updated=62 | range_skipped_no_hibob=0 | range_errors=0
[2026-05-18 23:04:17] Sleeping 3s before next page...
[2026-05-18 23:04:20] Requesting page | start=476 | count=25 | date_start=05-01-2026T00:00:00+0000 | date_end=05-31-2026T23:59:59+0000
[2026-05-18 23:04:27] Page received | start=476 | records=25 | hibob_records=2 | sent_date_min=2025-07-25 19:21:28 UTC | sent_date_max=2026-04-30 16:07:20 UTC | last_updated_min=2026-05-01 13:34:01 UTC | last_updated_max=2026-05-01 13:39:47 UTC
[2026-05-18 23:04:27] Page processed | start=476 | range_processed=500 | range_created=417 | range_updated=83 | range_skipped_no_hibob=0 | range_errors=0
[2026-05-18 23:04:27] Sleeping 3s before next page...
[2026-05-18 23:04:30] Requesting page | start=501 | count=25 | date_start=05-01-2026T00:00:00+0000 | date_end=05-31-2026T23:59:59+0000
[2026-05-18 23:04:35] Page received | start=501 | records=25 | hibob_records=2 | sent_date_min=2026-01-28 16:26:49 UTC | sent_date_max=2026-05-01 13:58:08 UTC | last_updated_min=2026-05-01 13:39:47 UTC | last_updated_max=2026-05-01 13:59:19 UTC
[2026-05-18 23:04:35] Page processed | start=501 | range_processed=525 | range_created=424 | range_updated=101 | range_skipped_no_hibob=0 | range_errors=0
[2026-05-18 23:04:35] Sleeping 3s before next page...
[2026-05-18 23:04:38] Requesting page | start=526 | count=25 | date_start=05-01-2026T00:00:00+0000 | date_end=05-31-2026T23:59:59+0000
[2026-05-18 23:04:42] Page received | start=526 | records=25 | hibob_records=5 | sent_date_min=2025-12-08 10:08:11 UTC | sent_date_max=2026-05-01 14:42:14 UTC | last_updated_min=2026-05-01 13:59:33 UTC | last_updated_max=2026-05-01 14:44:38 UTC
[2026-05-18 23:04:42] Page processed | start=526 | range_processed=550 | range_created=441 | range_updated=109 | range_skipped_no_hibob=0 | range_errors=0
[2026-05-18 23:04:42] Sleeping 3s before next page...
[2026-05-18 23:04:45] Requesting page | start=551 | count=25 | date_start=05-01-2026T00:00:00+0000 | date_end=05-31-2026T23:59:59+0000
[2026-05-18 23:04:49] Page received | start=551 | records=25 | hibob_records=5 | sent_date_min=2025-12-23 05:52:47 UTC | sent_date_max=2026-04-24 14:24:27 UTC | last_updated_min=2026-05-01 14:45:12 UTC | last_updated_max=2026-05-01 15:01:35 UTC
[2026-05-18 23:04:49] Page processed | start=551 | range_processed=575 | range_created=443 | range_updated=132 | range_skipped_no_hibob=0 | range_errors=0
[2026-05-18 23:04:49] Sleeping 3s before next page...
[2026-05-18 23:04:52] Requesting page | start=576 | count=25 | date_start=05-01-2026T00:00:00+0000 | date_end=05-31-2026T23:59:59+0000
[2026-05-18 23:04:58] Page received | start=576 | records=25 | hibob_records=5 | sent_date_min=2026-01-14 13:25:01 UTC | sent_date_max=2026-05-01 17:22:11 UTC | last_updated_min=2026-05-01 15:02:21 UTC | last_updated_max=2026-05-01 17:22:11 UTC
[2026-05-18 23:04:58] Page processed | start=576 | range_processed=600 | range_created=456 | range_updated=144 | range_skipped_no_hibob=0 | range_errors=0
[2026-05-18 23:04:58] Sleeping 3s before next page...
[2026-05-18 23:05:01] Requesting page | start=601 | count=25 | date_start=05-01-2026T00:00:00+0000 | date_end=05-31-2026T23:59:59+0000
[2026-05-18 23:05:09] Page received | start=601 | records=25 | hibob_records=4 | sent_date_min=2026-03-17 14:40:00 UTC | sent_date_max=2026-05-01 19:22:04 UTC | last_updated_min=2026-05-01 17:37:14 UTC | last_updated_max=2026-05-01 19:30:11 UTC
[2026-05-18 23:05:10] Page processed | start=601 | range_processed=625 | range_created=481 | range_updated=144 | range_skipped_no_hibob=0 | range_errors=0
[2026-05-18 23:05:10] Sleeping 3s before next page...
[2026-05-18 23:05:13] Requesting page | start=626 | count=25 | date_start=05-01-2026T00:00:00+0000 | date_end=05-31-2026T23:59:59+0000
[2026-05-18 23:05:17] Page received | start=626 | records=25 | hibob_records=3 | sent_date_min=2026-03-27 15:07:19 UTC | sent_date_max=2026-05-01 21:22:10 UTC | last_updated_min=2026-05-01 19:30:12 UTC | last_updated_max=2026-05-01 21:22:10 UTC
[2026-05-18 23:05:18] Page processed | start=626 | range_processed=650 | range_created=506 | range_updated=144 | range_skipped_no_hibob=0 | range_errors=0
[2026-05-18 23:05:18] Sleeping 3s before next page...
[2026-05-18 23:05:21] Requesting page | start=651 | count=25 | date_start=05-01-2026T00:00:00+0000 | date_end=05-31-2026T23:59:59+0000
[2026-05-18 23:05:27] Page received | start=651 | records=25 | hibob_records=5 | sent_date_min=2025-06-06 14:53:53 UTC | sent_date_max=2026-05-02 01:16:00 UTC | last_updated_min=2026-05-01 21:37:12 UTC | last_updated_max=2026-05-02 02:36:29 UTC
[2026-05-18 23:05:27] Page processed | start=651 | range_processed=675 | range_created=529 | range_updated=146 | range_skipped_no_hibob=0 | range_errors=0
[2026-05-18 23:05:27] Sleeping 3s before next page...
[2026-05-18 23:05:30] Requesting page | start=676 | count=25 | date_start=05-01-2026T00:00:00+0000 | date_end=05-31-2026T23:59:59+0000
[2026-05-18 23:05:36] Page received | start=676 | records=25 | hibob_records=1 | sent_date_min=2025-09-29 21:23:56 UTC | sent_date_max=2026-05-02 02:54:22 UTC | last_updated_min=2026-05-02 02:36:59 UTC | last_updated_max=2026-05-02 02:58:41 UTC
[2026-05-18 23:05:36] Page processed | start=676 | range_processed=700 | range_created=540 | range_updated=160 | range_skipped_no_hibob=0 | range_errors=0
[2026-05-18 23:05:36] Sleeping 3s before next page...
[2026-05-18 23:05:39] Requesting page | start=701 | count=25 | date_start=05-01-2026T00:00:00+0000 | date_end=05-31-2026T23:59:59+0000
[2026-05-18 23:05:43] Page received | start=701 | records=25 | hibob_records=0 | sent_date_min=2025-07-03 20:08:29 UTC | sent_date_max=2025-11-23 19:23:54 UTC | last_updated_min=2026-05-02 02:59:35 UTC | last_updated_max=2026-05-02 03:19:19 UTC
[2026-05-18 23:05:43] Page processed | start=701 | range_processed=725 | range_created=558 | range_updated=167 | range_skipped_no_hibob=0 | range_errors=0
[2026-05-18 23:05:43] Sleeping 3s before next page...
[2026-05-18 23:05:46] Requesting page | start=726 | count=25 | date_start=05-01-2026T00:00:00+0000 | date_end=05-31-2026T23:59:59+0000
[2026-05-18 23:05:51] Page received | start=726 | records=25 | hibob_records=1 | sent_date_min=2025-06-16 21:50:04 UTC | sent_date_max=2025-11-24 12:08:34 UTC | last_updated_min=2026-05-02 03:20:09 UTC | last_updated_max=2026-05-02 03:35:09 UTC
[2026-05-18 23:05:51] Page processed | start=726 | range_processed=750 | range_created=573 | range_updated=177 | range_skipped_no_hibob=0 | range_errors=0
[2026-05-18 23:05:51] Sleeping 3s before next page...
[2026-05-18 23:05:54] Requesting page | start=751 | count=25 | date_start=05-01-2026T00:00:00+0000 | date_end=05-31-2026T23:59:59+0000
[2026-05-18 23:05:59] Page received | start=751 | records=25 | hibob_records=0 | sent_date_min=2025-06-27 21:22:29 UTC | sent_date_max=2026-05-02 03:37:04 UTC | last_updated_min=2026-05-02 03:35:32 UTC | last_updated_max=2026-05-02 03:47:39 UTC
[2026-05-18 23:05:59] Page processed | start=751 | range_processed=775 | range_created=590 | range_updated=185 | range_skipped_no_hibob=0 | range_errors=0
[2026-05-18 23:05:59] Sleeping 3s before next page...
[2026-05-18 23:06:02] Requesting page | start=776 | count=25 | date_start=05-01-2026T00:00:00+0000 | date_end=05-31-2026T23:59:59+0000
[2026-05-18 23:06:06] Page received | start=776 | records=25 | hibob_records=0 | sent_date_min=2025-10-09 15:37:38 UTC | sent_date_max=2026-05-02 03:52:02 UTC | last_updated_min=2026-05-02 03:48:11 UTC | last_updated_max=2026-05-02 04:01:34 UTC
[2026-05-18 23:06:06] Page processed | start=776 | range_processed=800 | range_created=604 | range_updated=196 | range_skipped_no_hibob=0 | range_errors=0
[2026-05-18 23:06:06] Sleeping 3s before next page...
[2026-05-18 23:06:09] Requesting page | start=801 | count=25 | date_start=05-01-2026T00:00:00+0000 | date_end=05-31-2026T23:59:59+0000
[2026-05-18 23:06:15] Page received | start=801 | records=25 | hibob_records=1 | sent_date_min=2025-06-01 23:52:28 UTC | sent_date_max=2026-05-02 04:15:59 UTC | last_updated_min=2026-05-02 04:04:33 UTC | last_updated_max=2026-05-02 04:16:11 UTC
[2026-05-18 23:06:15] Page processed | start=801 | range_processed=825 | range_created=620 | range_updated=205 | range_skipped_no_hibob=0 | range_errors=0
[2026-05-18 23:06:15] Sleeping 3s before next page...
[2026-05-18 23:06:18] Requesting page | start=826 | count=25 | date_start=05-01-2026T00:00:00+0000 | date_end=05-31-2026T23:59:59+0000
[2026-05-18 23:06:22] Page received | start=826 | records=25 | hibob_records=2 | sent_date_min=2025-06-03 17:02:20 UTC | sent_date_max=2026-05-02 04:30:52 UTC | last_updated_min=2026-05-02 04:16:47 UTC | last_updated_max=2026-05-02 04:30:52 UTC
[2026-05-18 23:06:23] Page processed | start=826 | range_processed=850 | range_created=634 | range_updated=216 | range_skipped_no_hibob=0 | range_errors=0
[2026-05-18 23:06:23] Sleeping 3s before next page...
[2026-05-18 23:06:26] Requesting page | start=851 | count=25 | date_start=05-01-2026T00:00:00+0000 | date_end=05-31-2026T23:59:59+0000
[2026-05-18 23:06:30] Page received | start=851 | records=25 | hibob_records=0 | sent_date_min=2025-06-13 00:26:58 UTC | sent_date_max=2026-05-02 04:37:04 UTC | last_updated_min=2026-05-02 04:32:57 UTC | last_updated_max=2026-05-02 04:46:03 UTC
[2026-05-18 23:06:30] Page processed | start=851 | range_processed=875 | range_created=652 | range_updated=223 | range_skipped_no_hibob=0 | range_errors=0
[2026-05-18 23:06:30] Sleeping 3s before next page...
[2026-05-18 23:06:33] Requesting page | start=876 | count=25 | date_start=05-01-2026T00:00:00+0000 | date_end=05-31-2026T23:59:59+0000
[2026-05-18 23:06:38] Page received | start=876 | records=25 | hibob_records=0 | sent_date_min=2025-08-26 15:29:46 UTC | sent_date_max=2026-05-02 05:41:20 UTC | last_updated_min=2026-05-02 04:46:21 UTC | last_updated_max=2026-05-02 05:41:20 UTC
[2026-05-18 23:06:38] Page processed | start=876 | range_processed=900 | range_created=667 | range_updated=233 | range_skipped_no_hibob=0 | range_errors=0
[2026-05-18 23:06:38] Sleeping 3s before next page...
[2026-05-18 23:06:41] Requesting page | start=901 | count=25 | date_start=05-01-2026T00:00:00+0000 | date_end=05-31-2026T23:59:59+0000
[2026-05-18 23:06:46] Page received | start=901 | records=25 | hibob_records=0 | sent_date_min=2026-04-27 13:37:11 UTC | sent_date_max=2026-05-02 10:22:38 UTC | last_updated_min=2026-05-02 06:22:16 UTC | last_updated_max=2026-05-02 10:30:05 UTC
[2026-05-18 23:06:46] Page processed | start=901 | range_processed=925 | range_created=692 | range_updated=233 | range_skipped_no_hibob=0 | range_errors=0
[2026-05-18 23:06:46] Sleeping 3s before next page...
[2026-05-18 23:06:49] Requesting page | start=926 | count=25 | date_start=05-01-2026T00:00:00+0000 | date_end=05-31-2026T23:59:59+0000
[2026-05-18 23:06:54] Page received | start=926 | records=25 | hibob_records=5 | sent_date_min=2026-04-17 13:31:26 UTC | sent_date_max=2026-05-02 11:22:25 UTC | last_updated_min=2026-05-02 10:30:05 UTC | last_updated_max=2026-05-02 12:30:05 UTC
[2026-05-18 23:06:55] Page processed | start=926 | range_processed=950 | range_created=717 | range_updated=233 | range_skipped_no_hibob=0 | range_errors=0
[2026-05-18 23:06:55] Sleeping 3s before next page...
[2026-05-18 23:06:58] Requesting page | start=951 | count=25 | date_start=05-01-2026T00:00:00+0000 | date_end=05-31-2026T23:59:59+0000
[2026-05-18 23:07:03] Page received | start=951 | records=25 | hibob_records=0 | sent_date_min=2026-04-29 09:22:25 UTC | sent_date_max=2026-05-02 16:37:04 UTC | last_updated_min=2026-05-02 12:37:03 UTC | last_updated_max=2026-05-02 17:00:14 UTC
[2026-05-18 23:07:03] Page processed | start=951 | range_processed=975 | range_created=742 | range_updated=233 | range_skipped_no_hibob=0 | range_errors=0
[2026-05-18 23:07:03] Sleeping 3s before next page...
[2026-05-18 23:07:06] Requesting page | start=976 | count=25 | date_start=05-01-2026T00:00:00+0000 | date_end=05-31-2026T23:59:59+0000
[2026-05-18 23:07:12] Page received | start=976 | records=25 | hibob_records=1 | sent_date_min=2026-04-21 18:30:54 UTC | sent_date_max=2026-05-02 21:52:31 UTC | last_updated_min=2026-05-02 17:07:06 UTC | last_updated_max=2026-05-02 21:52:31 UTC
[2026-05-18 23:07:12] Page processed | start=976 | range_processed=1000 | range_created=767 | range_updated=233 | range_skipped_no_hibob=0 | range_errors=0
[2026-05-18 23:07:12] Sleeping 3s before next page...
[2026-05-18 23:07:15] Requesting page | start=1001 | count=25 | date_start=05-01-2026T00:00:00+0000 | date_end=05-31-2026T23:59:59+0000
[2026-05-18 23:07:20] Page received | start=1001 | records=25 | hibob_records=2 | sent_date_min=2026-02-18 07:39:45 UTC | sent_date_max=2026-05-03 06:07:03 UTC | last_updated_min=2026-05-02 22:00:17 UTC | last_updated_max=2026-05-03 06:07:03 UTC
[2026-05-18 23:07:20] Page processed | start=1001 | range_processed=1025 | range_created=791 | range_updated=234 | range_skipped_no_hibob=0 | range_errors=0
[2026-05-18 23:07:20] Sleeping 3s before next page...
[2026-05-18 23:07:23] Requesting page | start=1026 | count=25 | date_start=05-01-2026T00:00:00+0000 | date_end=05-31-2026T23:59:59+0000
[2026-05-18 23:07:28] Page received | start=1026 | records=25 | hibob_records=1 | sent_date_min=2026-03-20 19:22:23 UTC | sent_date_max=2026-05-03 10:22:10 UTC | last_updated_min=2026-05-03 06:07:07 UTC | last_updated_max=2026-05-03 10:30:04 UTC
[2026-05-18 23:07:28] Page processed | start=1026 | range_processed=1050 | range_created=816 | range_updated=234 | range_skipped_no_hibob=0 | range_errors=0
[2026-05-18 23:07:28] Sleeping 3s before next page...
[2026-05-18 23:07:31] Requesting page | start=1051 | count=25 | date_start=05-01-2026T00:00:00+0000 | date_end=05-31-2026T23:59:59+0000
[2026-05-18 23:07:37] Page received | start=1051 | records=25 | hibob_records=0 | sent_date_min=2026-03-17 18:52:17 UTC | sent_date_max=2026-05-03 10:52:26 UTC | last_updated_min=2026-05-03 10:30:04 UTC | last_updated_max=2026-05-03 11:00:04 UTC
[2026-05-18 23:07:37] Page processed | start=1051 | range_processed=1075 | range_created=841 | range_updated=234 | range_skipped_no_hibob=0 | range_errors=0
[2026-05-18 23:07:37] Sleeping 3s before next page...
[2026-05-18 23:07:40] Requesting page | start=1076 | count=25 | date_start=05-01-2026T00:00:00+0000 | date_end=05-31-2026T23:59:59+0000
[2026-05-18 23:07:45] Page received | start=1076 | records=25 | hibob_records=1 | sent_date_min=2026-04-01 22:07:24 UTC | sent_date_max=2026-05-03 12:22:11 UTC | last_updated_min=2026-05-03 11:00:04 UTC | last_updated_max=2026-05-03 12:22:11 UTC
[2026-05-18 23:07:45] Page processed | start=1076 | range_processed=1100 | range_created=866 | range_updated=234 | range_skipped_no_hibob=0 | range_errors=0
[2026-05-18 23:07:45] Sleeping 3s before next page...
[2026-05-18 23:07:48] Requesting page | start=1101 | count=25 | date_start=05-01-2026T00:00:00+0000 | date_end=05-31-2026T23:59:59+0000
[2026-05-18 23:07:53] Page received | start=1101 | records=25 | hibob_records=3 | sent_date_min=2026-02-28 12:17:06 UTC | sent_date_max=2026-05-03 13:49:40 UTC | last_updated_min=2026-05-03 12:28:12 UTC | last_updated_max=2026-05-03 13:49:40 UTC
[2026-05-18 23:07:53] Page processed | start=1101 | range_processed=1125 | range_created=889 | range_updated=236 | range_skipped_no_hibob=0 | range_errors=0
[2026-05-18 23:07:53] Sleeping 3s before next page...
[2026-05-18 23:07:56] Requesting page | start=1126 | count=25 | date_start=05-01-2026T00:00:00+0000 | date_end=05-31-2026T23:59:59+0000
[2026-05-18 23:08:01] Page received | start=1126 | records=25 | hibob_records=1 | sent_date_min=2025-10-01 07:52:16 UTC | sent_date_max=2026-05-03 18:37:17 UTC | last_updated_min=2026-05-03 13:52:04 UTC | last_updated_max=2026-05-03 18:37:17 UTC
[2026-05-18 23:08:01] Page processed | start=1126 | range_processed=1150 | range_created=914 | range_updated=236 | range_skipped_no_hibob=0 | range_errors=0
[2026-05-18 23:08:01] Sleeping 3s before next page...
[2026-05-18 23:08:04] Requesting page | start=1151 | count=25 | date_start=05-01-2026T00:00:00+0000 | date_end=05-31-2026T23:59:59+0000
[2026-05-18 23:08:09] Page received | start=1151 | records=25 | hibob_records=3 | sent_date_min=2026-03-14 14:36:59 UTC | sent_date_max=2026-05-03 20:37:26 UTC | last_updated_min=2026-05-03 18:37:21 UTC | last_updated_max=2026-05-03 21:00:22 UTC
[2026-05-18 23:08:09] Page processed | start=1151 | range_processed=1175 | range_created=939 | range_updated=236 | range_skipped_no_hibob=0 | range_errors=0
[2026-05-18 23:08:09] Sleeping 3s before next page...
[2026-05-18 23:08:12] Requesting page | start=1176 | count=25 | date_start=05-01-2026T00:00:00+0000 | date_end=05-31-2026T23:59:59+0000
[2026-05-18 23:08:16] Page received | start=1176 | records=25 | hibob_records=5 | sent_date_min=2026-03-28 12:29:25 UTC | sent_date_max=2026-05-03 21:22:16 UTC | last_updated_min=2026-05-03 21:00:22 UTC | last_updated_max=2026-05-03 21:35:59 UTC
[2026-05-18 23:08:16] Page processed | start=1176 | range_processed=1200 | range_created=962 | range_updated=238 | range_skipped_no_hibob=0 | range_errors=0
[2026-05-18 23:08:16] Sleeping 3s before next page...
[2026-05-18 23:08:19] Requesting page | start=1201 | count=25 | date_start=05-01-2026T00:00:00+0000 | date_end=05-31-2026T23:59:59+0000
[2026-05-18 23:08:24] Page received | start=1201 | records=25 | hibob_records=4 | sent_date_min=2025-12-17 14:16:04 UTC | sent_date_max=2026-05-04 06:37:09 UTC | last_updated_min=2026-05-03 21:36:29 UTC | last_updated_max=2026-05-04 06:37:09 UTC
[2026-05-18 23:08:24] Page processed | start=1201 | range_processed=1225 | range_created=985 | range_updated=240 | range_skipped_no_hibob=0 | range_errors=0
[2026-05-18 23:08:24] Sleeping 3s before next page...
[2026-05-18 23:08:27] Requesting page | start=1226 | count=25 | date_start=05-01-2026T00:00:00+0000 | date_end=05-31-2026T23:59:59+0000
[2026-05-18 23:08:34] Page received | start=1226 | records=25 | hibob_records=7 | sent_date_min=2026-02-16 18:37:20 UTC | sent_date_max=2026-05-04 07:22:49 UTC | last_updated_min=2026-05-04 06:44:10 UTC | last_updated_max=2026-05-04 07:24:17 UTC
[2026-05-18 23:08:34] Page processed | start=1226 | range_processed=1250 | range_created=1003 | range_updated=247 | range_skipped_no_hibob=0 | range_errors=0
[2026-05-18 23:08:34] Sleeping 3s before next page...
[2026-05-18 23:08:37] Requesting page | start=1251 | count=25 | date_start=05-01-2026T00:00:00+0000 | date_end=05-31-2026T23:59:59+0000
[2026-05-18 23:08:42] Page received | start=1251 | records=25 | hibob_records=6 | sent_date_min=2026-02-23 17:06:43 UTC | sent_date_max=2026-05-04 07:27:33 UTC | last_updated_min=2026-05-04 07:24:30 UTC | last_updated_max=2026-05-04 07:44:43 UTC
[2026-05-18 23:08:42] Page processed | start=1251 | range_processed=1275 | range_created=1025 | range_updated=250 | range_skipped_no_hibob=0 | range_errors=0
[2026-05-18 23:08:42] Sleeping 3s before next page...
[2026-05-18 23:08:45] Requesting page | start=1276 | count=25 | date_start=05-01-2026T00:00:00+0000 | date_end=05-31-2026T23:59:59+0000
[2026-05-18 23:08:51] Page received | start=1276 | records=25 | hibob_records=1 | sent_date_min=2025-12-29 18:52:36 UTC | sent_date_max=2026-05-04 08:07:28 UTC | last_updated_min=2026-05-04 07:44:43 UTC | last_updated_max=2026-05-04 08:09:55 UTC
[2026-05-18 23:08:51] Page processed | start=1276 | range_processed=1300 | range_created=1048 | range_updated=252 | range_skipped_no_hibob=0 | range_errors=0
[2026-05-18 23:08:51] Sleeping 3s before next page...
[2026-05-18 23:08:54] Requesting page | start=1301 | count=25 | date_start=05-01-2026T00:00:00+0000 | date_end=05-31-2026T23:59:59+0000
[2026-05-18 23:08:58] Page received | start=1301 | records=25 | hibob_records=4 | sent_date_min=2025-06-11 09:54:58 UTC | sent_date_max=2026-05-04 08:31:58 UTC | last_updated_min=2026-05-04 08:13:51 UTC | last_updated_max=2026-05-04 08:31:58 UTC
[2026-05-18 23:08:59] Page processed | start=1301 | range_processed=1325 | range_created=1071 | range_updated=254 | range_skipped_no_hibob=0 | range_errors=0
[2026-05-18 23:08:59] Sleeping 3s before next page...
[2026-05-18 23:09:02] Requesting page | start=1326 | count=25 | date_start=05-01-2026T00:00:00+0000 | date_end=05-31-2026T23:59:59+0000
[2026-05-18 23:09:07] Page received | start=1326 | records=25 | hibob_records=4 | sent_date_min=2025-08-01 08:53:32 UTC | sent_date_max=2026-05-04 08:42:42 UTC | last_updated_min=2026-05-04 08:32:09 UTC | last_updated_max=2026-05-04 08:45:08 UTC
[2026-05-18 23:09:07] Page processed | start=1326 | range_processed=1350 | range_created=1095 | range_updated=255 | range_skipped_no_hibob=0 | range_errors=0
[2026-05-18 23:09:07] Sleeping 3s before next page...
[2026-05-18 23:09:10] Requesting page | start=1351 | count=25 | date_start=05-01-2026T00:00:00+0000 | date_end=05-31-2026T23:59:59+0000
[2026-05-18 23:09:15] Page received | start=1351 | records=25 | hibob_records=2 | sent_date_min=2025-06-25 09:32:29 UTC | sent_date_max=2026-05-04 08:53:07 UTC | last_updated_min=2026-05-04 08:45:57 UTC | last_updated_max=2026-05-04 08:53:07 UTC
[2026-05-18 23:09:15] Page processed | start=1351 | range_processed=1375 | range_created=1120 | range_updated=255 | range_skipped_no_hibob=0 | range_errors=0
[2026-05-18 23:09:15] Sleeping 3s before next page...
[2026-05-18 23:09:18] Requesting page | start=1376 | count=25 | date_start=05-01-2026T00:00:00+0000 | date_end=05-31-2026T23:59:59+0000
[2026-05-18 23:09:23] Page received | start=1376 | records=25 | hibob_records=4 | sent_date_min=2025-07-31 09:31:07 UTC | sent_date_max=2026-04-30 18:45:07 UTC | last_updated_min=2026-05-04 08:53:34 UTC | last_updated_max=2026-05-04 09:02:00 UTC
[2026-05-18 23:09:23] Page processed | start=1376 | range_processed=1400 | range_created=1142 | range_updated=258 | range_skipped_no_hibob=0 | range_errors=0
[2026-05-18 23:09:23] Sleeping 3s before next page...
[2026-05-18 23:09:26] Requesting page | start=1401 | count=25 | date_start=05-01-2026T00:00:00+0000 | date_end=05-31-2026T23:59:59+0000
[2026-05-18 23:09:30] Page received | start=1401 | records=25 | hibob_records=4 | sent_date_min=2025-10-04 12:06:18 UTC | sent_date_max=2026-05-04 09:22:20 UTC | last_updated_min=2026-05-04 09:02:12 UTC | last_updated_max=2026-05-04 09:22:20 UTC
[2026-05-18 23:09:30] Page processed | start=1401 | range_processed=1425 | range_created=1163 | range_updated=262 | range_skipped_no_hibob=0 | range_errors=0
[2026-05-18 23:09:30] Sleeping 3s before next page...
[2026-05-18 23:09:33] Requesting page | start=1426 | count=25 | date_start=05-01-2026T00:00:00+0000 | date_end=05-31-2026T23:59:59+0000
[2026-05-18 23:09:39] Page received | start=1426 | records=25 | hibob_records=5 | sent_date_min=2025-02-23 07:53:01 UTC | sent_date_max=2026-05-04 09:37:59 UTC | last_updated_min=2026-05-04 09:22:42 UTC | last_updated_max=2026-05-04 09:38:03 UTC
[2026-05-18 23:09:39] Page processed | start=1426 | range_processed=1450 | range_created=1185 | range_updated=265 | range_skipped_no_hibob=0 | range_errors=0
[2026-05-18 23:09:39] Sleeping 3s before next page...
[2026-05-18 23:09:42] Requesting page | start=1451 | count=25 | date_start=05-01-2026T00:00:00+0000 | date_end=05-31-2026T23:59:59+0000
[2026-05-18 23:09:51] Page received | start=1451 | records=25 | hibob_records=2 | sent_date_min=2026-01-22 11:37:58 UTC | sent_date_max=2026-05-04 09:52:28 UTC | last_updated_min=2026-05-04 09:38:09 UTC | last_updated_max=2026-05-04 09:56:29 UTC
[2026-05-18 23:09:51] Page processed | start=1451 | range_processed=1475 | range_created=1204 | range_updated=271 | range_skipped_no_hibob=0 | range_errors=0
[2026-05-18 23:09:51] Sleeping 3s before next page...
[2026-05-18 23:09:54] Requesting page | start=1476 | count=25 | date_start=05-01-2026T00:00:00+0000 | date_end=05-31-2026T23:59:59+0000
[2026-05-18 23:09:59] Page received | start=1476 | records=25 | hibob_records=6 | sent_date_min=2026-03-06 11:22:10 UTC | sent_date_max=2026-05-04 10:22:39 UTC | last_updated_min=2026-05-04 09:56:32 UTC | last_updated_max=2026-05-04 10:23:12 UTC
[2026-05-18 23:09:59] Page processed | start=1476 | range_processed=1500 | range_created=1225 | range_updated=275 | range_skipped_no_hibob=0 | range_errors=0
[2026-05-18 23:09:59] Sleeping 3s before next page...
[2026-05-18 23:10:02] Requesting page | start=1501 | count=25 | date_start=05-01-2026T00:00:00+0000 | date_end=05-31-2026T23:59:59+0000
[2026-05-18 23:10:07] Page received | start=1501 | records=25 | hibob_records=1 | sent_date_min=2026-04-06 09:11:29 UTC | sent_date_max=2026-05-04 10:30:14 UTC | last_updated_min=2026-05-04 10:26:54 UTC | last_updated_max=2026-05-04 10:30:46 UTC
[2026-05-18 23:10:07] Page processed | start=1501 | range_processed=1525 | range_created=1249 | range_updated=276 | range_skipped_no_hibob=0 | range_errors=0
[2026-05-18 23:10:07] Sleeping 3s before next page...
[2026-05-18 23:10:10] Requesting page | start=1526 | count=25 | date_start=05-01-2026T00:00:00+0000 | date_end=05-31-2026T23:59:59+0000
[2026-05-18 23:10:15] Page received | start=1526 | records=25 | hibob_records=3 | sent_date_min=2026-01-13 19:07:29 UTC | sent_date_max=2026-05-04 10:39:11 UTC | last_updated_min=2026-05-04 10:30:46 UTC | last_updated_max=2026-05-04 10:40:40 UTC
[2026-05-18 23:10:16] Page processed | start=1526 | range_processed=1550 | range_created=1263 | range_updated=287 | range_skipped_no_hibob=0 | range_errors=0
[2026-05-18 23:10:16] Sleeping 3s before next page...
[2026-05-18 23:10:19] Requesting page | start=1551 | count=25 | date_start=05-01-2026T00:00:00+0000 | date_end=05-31-2026T23:59:59+0000
[2026-05-18 23:10:23] Page received | start=1551 | records=25 | hibob_records=6 | sent_date_min=2026-03-10 15:18:25 UTC | sent_date_max=2026-05-04 10:52:46 UTC | last_updated_min=2026-05-04 10:41:46 UTC | last_updated_max=2026-05-04 10:54:52 UTC
[2026-05-18 23:10:23] Page processed | start=1551 | range_processed=1575 | range_created=1281 | range_updated=294 | range_skipped_no_hibob=0 | range_errors=0
[2026-05-18 23:10:23] Sleeping 3s before next page...
[2026-05-18 23:10:26] Requesting page | start=1576 | count=25 | date_start=05-01-2026T00:00:00+0000 | date_end=05-31-2026T23:59:59+0000
[2026-05-18 23:10:31] Page received | start=1576 | records=25 | hibob_records=3 | sent_date_min=2025-12-10 12:24:42 UTC | sent_date_max=2026-05-04 11:01:03 UTC | last_updated_min=2026-05-04 10:55:38 UTC | last_updated_max=2026-05-04 11:06:38 UTC
[2026-05-18 23:10:31] Page processed | start=1576 | range_processed=1600 | range_created=1304 | range_updated=296 | range_skipped_no_hibob=0 | range_errors=0
[2026-05-18 23:10:31] Sleeping 3s before next page...
[2026-05-18 23:10:34] Requesting page | start=1601 | count=25 | date_start=05-01-2026T00:00:00+0000 | date_end=05-31-2026T23:59:59+0000
[2026-05-18 23:10:38] Page received | start=1601 | records=25 | hibob_records=2 | sent_date_min=2026-04-01 09:37:20 UTC | sent_date_max=2026-05-04 11:22:36 UTC | last_updated_min=2026-05-04 11:07:12 UTC | last_updated_max=2026-05-04 11:22:36 UTC
[2026-05-18 23:10:39] Page processed | start=1601 | range_processed=1625 | range_created=1329 | range_updated=296 | range_skipped_no_hibob=0 | range_errors=0
[2026-05-18 23:10:39] Sleeping 3s before next page...
[2026-05-18 23:10:42] Requesting page | start=1626 | count=25 | date_start=05-01-2026T00:00:00+0000 | date_end=05-31-2026T23:59:59+0000
[2026-05-18 23:10:46] Page received | start=1626 | records=25 | hibob_records=13 | sent_date_min=2026-03-13 11:07:06 UTC | sent_date_max=2026-05-04 11:26:57 UTC | last_updated_min=2026-05-04 11:23:16 UTC | last_updated_max=2026-05-04 11:30:03 UTC
[2026-05-18 23:10:46] Page processed | start=1626 | range_processed=1650 | range_created=1354 | range_updated=296 | range_skipped_no_hibob=0 | range_errors=0
[2026-05-18 23:10:46] Sleeping 3s before next page...
[2026-05-18 23:10:49] Requesting page | start=1651 | count=25 | date_start=05-01-2026T00:00:00+0000 | date_end=05-31-2026T23:59:59+0000
[2026-05-18 23:10:53] Page received | start=1651 | records=25 | hibob_records=9 | sent_date_min=2026-02-21 14:08:14 UTC | sent_date_max=2026-04-29 08:41:14 UTC | last_updated_min=2026-05-04 11:30:03 UTC | last_updated_max=2026-05-04 11:30:04 UTC
[2026-05-18 23:10:53] Page processed | start=1651 | range_processed=1675 | range_created=1379 | range_updated=296 | range_skipped_no_hibob=0 | range_errors=0
[2026-05-18 23:10:53] Sleeping 3s before next page...
[2026-05-18 23:10:56] Requesting page | start=1676 | count=25 | date_start=05-01-2026T00:00:00+0000 | date_end=05-31-2026T23:59:59+0000
[2026-05-18 23:11:01] Page received | start=1676 | records=25 | hibob_records=12 | sent_date_min=2026-03-28 06:30:33 UTC | sent_date_max=2026-04-29 23:50:47 UTC | last_updated_min=2026-05-04 11:30:04 UTC | last_updated_max=2026-05-04 11:30:04 UTC
[2026-05-18 23:11:01] Page processed | start=1676 | range_processed=1700 | range_created=1404 | range_updated=296 | range_skipped_no_hibob=0 | range_errors=0
[2026-05-18 23:11:01] Sleeping 3s before next page...
[2026-05-18 23:11:04] Requesting page | start=1701 | count=25 | date_start=05-01-2026T00:00:00+0000 | date_end=05-31-2026T23:59:59+0000
[2026-05-18 23:11:07] Page received | start=1701 | records=25 | hibob_records=15 | sent_date_min=2026-04-19 19:37:04 UTC | sent_date_max=2026-05-01 08:51:35 UTC | last_updated_min=2026-05-04 11:30:04 UTC | last_updated_max=2026-05-04 11:30:04 UTC
[2026-05-18 23:11:08] Page processed | start=1701 | range_processed=1725 | range_created=1429 | range_updated=296 | range_skipped_no_hibob=0 | range_errors=0
[2026-05-18 23:11:08] Sleeping 3s before next page...
[2026-05-18 23:11:11] Requesting page | start=1726 | count=25 | date_start=05-01-2026T00:00:00+0000 | date_end=05-31-2026T23:59:59+0000
[2026-05-18 23:11:16] Page received | start=1726 | records=25 | hibob_records=4 | sent_date_min=2026-01-03 09:34:45 UTC | sent_date_max=2026-05-04 11:37:20 UTC | last_updated_min=2026-05-04 11:30:05 UTC | last_updated_max=2026-05-04 11:47:11 UTC
[2026-05-18 23:11:16] Page processed | start=1726 | range_processed=1750 | range_created=1453 | range_updated=297 | range_skipped_no_hibob=0 | range_errors=0
[2026-05-18 23:11:16] Sleeping 3s before next page...
[2026-05-18 23:11:19] Requesting page | start=1751 | count=25 | date_start=05-01-2026T00:00:00+0000 | date_end=05-31-2026T23:59:59+0000
[2026-05-18 23:11:23] Page received | start=1751 | records=25 | hibob_records=1 | sent_date_min=2025-07-28 10:26:00 UTC | sent_date_max=2026-05-04 11:52:33 UTC | last_updated_min=2026-05-04 11:47:11 UTC | last_updated_max=2026-05-04 11:56:49 UTC
[2026-05-18 23:11:23] Page processed | start=1751 | range_processed=1775 | range_created=1476 | range_updated=299 | range_skipped_no_hibob=0 | range_errors=0
[2026-05-18 23:11:23] Sleeping 3s before next page...
[2026-05-18 23:11:26] Requesting page | start=1776 | count=25 | date_start=05-01-2026T00:00:00+0000 | date_end=05-31-2026T23:59:59+0000
[2026-05-18 23:11:30] Page received | start=1776 | records=25 | hibob_records=13 | sent_date_min=2025-10-07 03:26:26 UTC | sent_date_max=2026-05-04 11:58:57 UTC | last_updated_min=2026-05-04 11:58:17 UTC | last_updated_max=2026-05-04 12:00:04 UTC
[2026-05-18 23:11:30] Page processed | start=1776 | range_processed=1800 | range_created=1500 | range_updated=300 | range_skipped_no_hibob=0 | range_errors=0
[2026-05-18 23:11:30] Sleeping 3s before next page...
[2026-05-18 23:11:33] Requesting page | start=1801 | count=25 | date_start=05-01-2026T00:00:00+0000 | date_end=05-31-2026T23:59:59+0000
[2026-05-18 23:11:38] Page received | start=1801 | records=25 | hibob_records=14 | sent_date_min=2026-04-22 07:22:27 UTC | sent_date_max=2026-04-30 07:21:50 UTC | last_updated_min=2026-05-04 12:00:04 UTC | last_updated_max=2026-05-04 12:00:04 UTC
[2026-05-18 23:11:38] Page processed | start=1801 | range_processed=1825 | range_created=1525 | range_updated=300 | range_skipped_no_hibob=0 | range_errors=0
[2026-05-18 23:11:38] Sleeping 3s before next page...
[2026-05-18 23:11:41] Requesting page | start=1826 | count=25 | date_start=05-01-2026T00:00:00+0000 | date_end=05-31-2026T23:59:59+0000
[2026-05-18 23:11:45] Page received | start=1826 | records=25 | hibob_records=17 | sent_date_min=2026-04-28 19:37:32 UTC | sent_date_max=2026-04-30 05:13:46 UTC | last_updated_min=2026-05-04 12:00:04 UTC | last_updated_max=2026-05-04 12:00:04 UTC
[2026-05-18 23:11:46] Page processed | start=1826 | range_processed=1850 | range_created=1550 | range_updated=300 | range_skipped_no_hibob=0 | range_errors=0
[2026-05-18 23:11:46] Sleeping 3s before next page...
[2026-05-18 23:11:49] Requesting page | start=1851 | count=25 | date_start=05-01-2026T00:00:00+0000 | date_end=05-31-2026T23:59:59+0000
[2026-05-18 23:11:53] Page received | start=1851 | records=25 | hibob_records=17 | sent_date_min=2026-04-23 21:23:12 UTC | sent_date_max=2026-04-30 10:39:56 UTC | last_updated_min=2026-05-04 12:00:04 UTC | last_updated_max=2026-05-04 12:00:05 UTC
[2026-05-18 23:11:53] Page processed | start=1851 | range_processed=1875 | range_created=1575 | range_updated=300 | range_skipped_no_hibob=0 | range_errors=0
[2026-05-18 23:11:53] Sleeping 3s before next page...
[2026-05-18 23:11:56] Requesting page | start=1876 | count=25 | date_start=05-01-2026T00:00:00+0000 | date_end=05-31-2026T23:59:59+0000
[2026-05-18 23:12:01] Page received | start=1876 | records=25 | hibob_records=12 | sent_date_min=2026-04-22 08:32:34 UTC | sent_date_max=2026-05-01 08:38:55 UTC | last_updated_min=2026-05-04 12:00:05 UTC | last_updated_max=2026-05-04 12:00:05 UTC
[2026-05-18 23:12:01] Page processed | start=1876 | range_processed=1900 | range_created=1600 | range_updated=300 | range_skipped_no_hibob=0 | range_errors=0
[2026-05-18 23:12:01] Sleeping 3s before next page...
[2026-05-18 23:12:04] Requesting page | start=1901 | count=25 | date_start=05-01-2026T00:00:00+0000 | date_end=05-31-2026T23:59:59+0000
[2026-05-18 23:12:08] Page received | start=1901 | records=25 | hibob_records=7 | sent_date_min=2026-04-26 18:18:28 UTC | sent_date_max=2026-05-01 14:02:47 UTC | last_updated_min=2026-05-04 12:00:05 UTC | last_updated_max=2026-05-04 12:00:06 UTC
[2026-05-18 23:12:09] Page processed | start=1901 | range_processed=1925 | range_created=1625 | range_updated=300 | range_skipped_no_hibob=0 | range_errors=0
[2026-05-18 23:12:09] Sleeping 3s before next page...
[2026-05-18 23:12:12] Requesting page | start=1926 | count=25 | date_start=05-01-2026T00:00:00+0000 | date_end=05-31-2026T23:59:59+0000
[2026-05-18 23:12:16] Page received | start=1926 | records=25 | hibob_records=6 | sent_date_min=2026-04-20 08:47:08 UTC | sent_date_max=2026-05-01 07:44:17 UTC | last_updated_min=2026-05-04 12:00:07 UTC | last_updated_max=2026-05-04 12:03:38 UTC
[2026-05-18 23:12:16] Page processed | start=1926 | range_processed=1950 | range_created=1650 | range_updated=300 | range_skipped_no_hibob=0 | range_errors=0
[2026-05-18 23:12:16] Sleeping 3s before next page...
[2026-05-18 23:12:19] Requesting page | start=1951 | count=25 | date_start=05-01-2026T00:00:00+0000 | date_end=05-31-2026T23:59:59+0000
[2026-05-18 23:12:23] Page received | start=1951 | records=25 | hibob_records=13 | sent_date_min=2026-02-28 15:00:31 UTC | sent_date_max=2026-05-04 12:07:04 UTC | last_updated_min=2026-05-04 12:03:45 UTC | last_updated_max=2026-05-04 12:11:08 UTC
[2026-05-18 23:12:24] Page processed | start=1951 | range_processed=1975 | range_created=1674 | range_updated=301 | range_skipped_no_hibob=0 | range_errors=0
[2026-05-18 23:12:24] Sleeping 3s before next page...
[2026-05-18 23:12:27] Requesting page | start=1976 | count=25 | date_start=05-01-2026T00:00:00+0000 | date_end=05-31-2026T23:59:59+0000
[2026-05-18 23:12:33] Page received | start=1976 | records=25 | hibob_records=7 | sent_date_min=2026-01-08 07:07:39 UTC | sent_date_max=2026-05-04 12:22:32 UTC | last_updated_min=2026-05-04 12:11:19 UTC | last_updated_max=2026-05-04 12:22:32 UTC
[2026-05-18 23:12:33] Page processed | start=1976 | range_processed=2000 | range_created=1697 | range_updated=303 | range_skipped_no_hibob=0 | range_errors=0
[2026-05-18 23:12:33] Sleeping 3s before next page...
[2026-05-18 23:12:36] Requesting page | start=2001 | count=25 | date_start=05-01-2026T00:00:00+0000 | date_end=05-31-2026T23:59:59+0000
[2026-05-18 23:12:41] Page received | start=2001 | records=25 | hibob_records=7 | sent_date_min=2026-03-01 13:30:03 UTC | sent_date_max=2026-05-04 12:22:38 UTC | last_updated_min=2026-05-04 12:22:38 UTC | last_updated_max=2026-05-04 12:30:04 UTC
[2026-05-18 23:12:42] Page processed | start=2001 | range_processed=2025 | range_created=1721 | range_updated=304 | range_skipped_no_hibob=0 | range_errors=0
[2026-05-18 23:12:42] Sleeping 3s before next page...
[2026-05-18 23:12:45] Requesting page | start=2026 | count=25 | date_start=05-01-2026T00:00:00+0000 | date_end=05-31-2026T23:59:59+0000
[2026-05-18 23:12:49] Page received | start=2026 | records=25 | hibob_records=16 | sent_date_min=2026-04-23 08:37:31 UTC | sent_date_max=2026-04-30 07:35:58 UTC | last_updated_min=2026-05-04 12:30:04 UTC | last_updated_max=2026-05-04 12:30:04 UTC
[2026-05-18 23:12:49] Page processed | start=2026 | range_processed=2050 | range_created=1746 | range_updated=304 | range_skipped_no_hibob=0 | range_errors=0
[2026-05-18 23:12:49] Sleeping 3s before next page...
[2026-05-18 23:12:52] Requesting page | start=2051 | count=25 | date_start=05-01-2026T00:00:00+0000 | date_end=05-31-2026T23:59:59+0000
[2026-05-18 23:12:56] Page received | start=2051 | records=25 | hibob_records=13 | sent_date_min=2026-04-09 12:46:58 UTC | sent_date_max=2026-04-30 16:37:26 UTC | last_updated_min=2026-05-04 12:30:04 UTC | last_updated_max=2026-05-04 12:30:05 UTC
[2026-05-18 23:12:56] Page processed | start=2051 | range_processed=2075 | range_created=1770 | range_updated=305 | range_skipped_no_hibob=0 | range_errors=0
[2026-05-18 23:12:56] Sleeping 3s before next page...
[2026-05-18 23:12:59] Requesting page | start=2076 | count=25 | date_start=05-01-2026T00:00:00+0000 | date_end=05-31-2026T23:59:59+0000
[2026-05-18 23:13:04] Page received | start=2076 | records=25 | hibob_records=9 | sent_date_min=2026-02-28 23:52:22 UTC | sent_date_max=2026-04-30 23:07:19 UTC | last_updated_min=2026-05-04 12:30:05 UTC | last_updated_max=2026-05-04 12:36:17 UTC
[2026-05-18 23:13:04] Page processed | start=2076 | range_processed=2100 | range_created=1791 | range_updated=309 | range_skipped_no_hibob=0 | range_errors=0
[2026-05-18 23:13:04] Sleeping 3s before next page...
[2026-05-18 23:13:07] Requesting page | start=2101 | count=25 | date_start=05-01-2026T00:00:00+0000 | date_end=05-31-2026T23:59:59+0000
[2026-05-18 23:13:12] Page received | start=2101 | records=25 | hibob_records=9 | sent_date_min=2025-09-29 03:54:01 UTC | sent_date_max=2026-05-04 12:52:36 UTC | last_updated_min=2026-05-04 12:37:00 UTC | last_updated_max=2026-05-04 12:52:36 UTC
[2026-05-18 23:13:12] Page processed | start=2101 | range_processed=2125 | range_created=1814 | range_updated=311 | range_skipped_no_hibob=0 | range_errors=0
[2026-05-18 23:13:12] Sleeping 3s before next page...
[2026-05-18 23:13:15] Requesting page | start=2126 | count=25 | date_start=05-01-2026T00:00:00+0000 | date_end=05-31-2026T23:59:59+0000
[2026-05-18 23:13:20] Page received | start=2126 | records=25 | hibob_records=5 | sent_date_min=2025-01-28 09:32:48 UTC | sent_date_max=2026-05-01 18:57:47 UTC | last_updated_min=2026-05-04 12:53:09 UTC | last_updated_max=2026-05-04 13:00:05 UTC
[2026-05-18 23:13:20] Page processed | start=2126 | range_processed=2150 | range_created=1833 | range_updated=317 | range_skipped_no_hibob=0 | range_errors=0
[2026-05-18 23:13:20] Sleeping 3s before next page...
[2026-05-18 23:13:23] Requesting page | start=2151 | count=25 | date_start=05-01-2026T00:00:00+0000 | date_end=05-31-2026T23:59:59+0000
[2026-05-18 23:13:28] Page received | start=2151 | records=25 | hibob_records=6 | sent_date_min=2026-03-05 04:55:36 UTC | sent_date_max=2026-04-30 08:28:41 UTC | last_updated_min=2026-05-04 13:00:05 UTC | last_updated_max=2026-05-04 13:00:05 UTC
[2026-05-18 23:13:28] Page processed | start=2151 | range_processed=2175 | range_created=1858 | range_updated=317 | range_skipped_no_hibob=0 | range_errors=0
[2026-05-18 23:13:28] Sleeping 3s before next page...
[2026-05-18 23:13:31] Requesting page | start=2176 | count=25 | date_start=05-01-2026T00:00:00+0000 | date_end=05-31-2026T23:59:59+0000
[2026-05-18 23:13:35] Page received | start=2176 | records=25 | hibob_records=11 | sent_date_min=2026-02-28 06:59:22 UTC | sent_date_max=2026-04-30 23:22:06 UTC | last_updated_min=2026-05-04 13:00:05 UTC | last_updated_max=2026-05-04 13:00:05 UTC
[2026-05-18 23:13:35] Page processed | start=2176 | range_processed=2200 | range_created=1882 | range_updated=318 | range_skipped_no_hibob=0 | range_errors=0
[2026-05-18 23:13:35] Sleeping 3s before next page...
[2026-05-18 23:13:38] Requesting page | start=2201 | count=25 | date_start=05-01-2026T00:00:00+0000 | date_end=05-31-2026T23:59:59+0000
[2026-05-18 23:13:43] Page received | start=2201 | records=25 | hibob_records=7 | sent_date_min=2026-04-20 09:19:35 UTC | sent_date_max=2026-05-03 18:07:03 UTC | last_updated_min=2026-05-04 13:00:06 UTC | last_updated_max=2026-05-04 13:00:06 UTC
[2026-05-18 23:13:43] Page processed | start=2201 | range_processed=2225 | range_created=1907 | range_updated=318 | range_skipped_no_hibob=0 | range_errors=0
[2026-05-18 23:13:43] Sleeping 3s before next page...
[2026-05-18 23:13:46] Requesting page | start=2226 | count=25 | date_start=05-01-2026T00:00:00+0000 | date_end=05-31-2026T23:59:59+0000
[2026-05-18 23:13:50] Page received | start=2226 | records=25 | hibob_records=4 | sent_date_min=2026-03-01 17:41:48 UTC | sent_date_max=2026-05-02 19:26:32 UTC | last_updated_min=2026-05-04 13:00:06 UTC | last_updated_max=2026-05-04 13:00:09 UTC
[2026-05-18 23:13:51] Page processed | start=2226 | range_processed=2250 | range_created=1931 | range_updated=319 | range_skipped_no_hibob=0 | range_errors=0
[2026-05-18 23:13:51] Sleeping 3s before next page...
[2026-05-18 23:13:54] Requesting page | start=2251 | count=25 | date_start=05-01-2026T00:00:00+0000 | date_end=05-31-2026T23:59:59+0000
[2026-05-18 23:13:58] Page received | start=2251 | records=25 | hibob_records=3 | sent_date_min=2025-05-03 21:22:22 UTC | sent_date_max=2026-05-04 13:07:37 UTC | last_updated_min=2026-05-04 13:00:47 UTC | last_updated_max=2026-05-04 13:25:39 UTC
[2026-05-18 23:13:58] Page processed | start=2251 | range_processed=2275 | range_created=1952 | range_updated=323 | range_skipped_no_hibob=0 | range_errors=0
[2026-05-18 23:13:58] Sleeping 3s before next page...
[2026-05-18 23:14:01] Requesting page | start=2276 | count=25 | date_start=05-01-2026T00:00:00+0000 | date_end=05-31-2026T23:59:59+0000
[2026-05-18 23:14:06] Page received | start=2276 | records=25 | hibob_records=8 | sent_date_min=2025-07-18 17:09:03 UTC | sent_date_max=2026-05-04 09:23:22 UTC | last_updated_min=2026-05-04 13:26:13 UTC | last_updated_max=2026-05-04 13:34:08 UTC
[2026-05-18 23:14:06] Page processed | start=2276 | range_processed=2300 | range_created=1972 | range_updated=328 | range_skipped_no_hibob=0 | range_errors=0
[2026-05-18 23:14:06] Sleeping 3s before next page...
[2026-05-18 23:14:09] Requesting page | start=2301 | count=25 | date_start=05-01-2026T00:00:00+0000 | date_end=05-31-2026T23:59:59+0000
[2026-05-18 23:14:13] Page received | start=2301 | records=25 | hibob_records=6 | sent_date_min=2025-06-27 16:33:28 UTC | sent_date_max=2026-05-04 13:37:41 UTC | last_updated_min=2026-05-04 13:34:52 UTC | last_updated_max=2026-05-04 13:40:56 UTC
[2026-05-18 23:14:13] Page processed | start=2301 | range_processed=2325 | range_created=1991 | range_updated=334 | range_skipped_no_hibob=0 | range_errors=0
[2026-05-18 23:14:13] Sleeping 3s before next page...
[2026-05-18 23:14:16] Requesting page | start=2326 | count=25 | date_start=05-01-2026T00:00:00+0000 | date_end=05-31-2026T23:59:59+0000
[2026-05-18 23:14:21] Page received | start=2326 | records=25 | hibob_records=8 | sent_date_min=2025-09-29 01:03:02 UTC | sent_date_max=2026-05-04 09:25:17 UTC | last_updated_min=2026-05-04 13:41:27 UTC | last_updated_max=2026-05-04 13:50:14 UTC
[2026-05-18 23:14:21] Page processed | start=2326 | range_processed=2350 | range_created=2001 | range_updated=349 | range_skipped_no_hibob=0 | range_errors=0
[2026-05-18 23:14:21] Sleeping 3s before next page...
[2026-05-18 23:14:24] Requesting page | start=2351 | count=25 | date_start=05-01-2026T00:00:00+0000 | date_end=05-31-2026T23:59:59+0000
[2026-05-18 23:14:37] Page received | start=2351 | records=25 | hibob_records=4 | sent_date_min=2025-09-27 10:58:38 UTC | sent_date_max=2026-05-04 13:52:53 UTC | last_updated_min=2026-05-04 13:50:41 UTC | last_updated_max=2026-05-04 13:55:10 UTC
[2026-05-18 23:14:37] Page processed | start=2351 | range_processed=2375 | range_created=2018 | range_updated=357 | range_skipped_no_hibob=0 | range_errors=0
[2026-05-18 23:14:37] Sleeping 3s before next page...
[2026-05-18 23:14:40] Requesting page | start=2376 | count=25 | date_start=05-01-2026T00:00:00+0000 | date_end=05-31-2026T23:59:59+0000
[2026-05-18 23:14:45] Page received | start=2376 | records=25 | hibob_records=6 | sent_date_min=2026-02-10 08:42:32 UTC | sent_date_max=2026-05-04 05:43:36 UTC | last_updated_min=2026-05-04 13:55:16 UTC | last_updated_max=2026-05-04 14:00:04 UTC
[2026-05-18 23:14:46] Page processed | start=2376 | range_processed=2400 | range_created=2035 | range_updated=365 | range_skipped_no_hibob=0 | range_errors=0
[2026-05-18 23:14:46] Sleeping 3s before next page...
[2026-05-18 23:14:49] Requesting page | start=2401 | count=25 | date_start=05-01-2026T00:00:00+0000 | date_end=05-31-2026T23:59:59+0000
[2026-05-18 23:14:55] Page received | start=2401 | records=25 | hibob_records=4 | sent_date_min=2025-05-08 13:35:28 UTC | sent_date_max=2026-05-04 11:17:17 UTC | last_updated_min=2026-05-04 14:00:04 UTC | last_updated_max=2026-05-04 14:04:14 UTC
[2026-05-18 23:14:55] Page processed | start=2401 | range_processed=2425 | range_created=2050 | range_updated=375 | range_skipped_no_hibob=0 | range_errors=0
[2026-05-18 23:14:55] Sleeping 3s before next page...
[2026-05-18 23:14:58] Requesting page | start=2426 | count=25 | date_start=05-01-2026T00:00:00+0000 | date_end=05-31-2026T23:59:59+0000
[2026-05-18 23:15:07] Page received | start=2426 | records=25 | hibob_records=8 | sent_date_min=2026-02-07 21:52:33 UTC | sent_date_max=2026-05-04 14:07:11 UTC | last_updated_min=2026-05-04 14:04:35 UTC | last_updated_max=2026-05-04 14:08:48 UTC
[2026-05-18 23:15:07] Page processed | start=2426 | range_processed=2450 | range_created=2066 | range_updated=384 | range_skipped_no_hibob=0 | range_errors=0
[2026-05-18 23:15:07] Sleeping 3s before next page...
[2026-05-18 23:15:10] Requesting page | start=2451 | count=25 | date_start=05-01-2026T00:00:00+0000 | date_end=05-31-2026T23:59:59+0000
[2026-05-18 23:15:16] Page received | start=2451 | records=25 | hibob_records=6 | sent_date_min=2025-10-31 14:49:48 UTC | sent_date_max=2026-05-04 07:22:16 UTC | last_updated_min=2026-05-04 14:09:04 UTC | last_updated_max=2026-05-04 14:15:06 UTC
[2026-05-18 23:15:16] Page processed | start=2451 | range_processed=2475 | range_created=2082 | range_updated=393 | range_skipped_no_hibob=0 | range_errors=0
[2026-05-18 23:15:16] Sleeping 3s before next page...
[2026-05-18 23:15:19] Requesting page | start=2476 | count=25 | date_start=05-01-2026T00:00:00+0000 | date_end=05-31-2026T23:59:59+0000
[2026-05-18 23:15:23] Page received | start=2476 | records=25 | hibob_records=12 | sent_date_min=2025-07-23 02:32:04 UTC | sent_date_max=2026-05-04 09:13:54 UTC | last_updated_min=2026-05-04 14:15:51 UTC | last_updated_max=2026-05-04 14:20:30 UTC
[2026-05-18 23:15:23] Page processed | start=2476 | range_processed=2500 | range_created=2095 | range_updated=405 | range_skipped_no_hibob=0 | range_errors=0
[2026-05-18 23:15:23] Sleeping 3s before next page...
[2026-05-18 23:15:26] Requesting page | start=2501 | count=25 | date_start=05-01-2026T00:00:00+0000 | date_end=05-31-2026T23:59:59+0000
[2026-05-18 23:15:31] Page received | start=2501 | records=25 | hibob_records=6 | sent_date_min=2025-10-19 23:23:06 UTC | sent_date_max=2026-05-04 14:22:56 UTC | last_updated_min=2026-05-04 14:20:39 UTC | last_updated_max=2026-05-04 14:29:01 UTC
[2026-05-18 23:15:31] Page processed | start=2501 | range_processed=2525 | range_created=2117 | range_updated=408 | range_skipped_no_hibob=0 | range_errors=0
[2026-05-18 23:15:31] Sleeping 3s before next page...
[2026-05-18 23:15:34] Requesting page | start=2526 | count=25 | date_start=05-01-2026T00:00:00+0000 | date_end=05-31-2026T23:59:59+0000
[2026-05-18 23:15:39] Page received | start=2526 | records=25 | hibob_records=1 | sent_date_min=2026-02-09 12:17:55 UTC | sent_date_max=2026-05-04 02:07:04 UTC | last_updated_min=2026-05-04 14:29:01 UTC | last_updated_max=2026-05-04 14:37:00 UTC
[2026-05-18 23:15:39] Page processed | start=2526 | range_processed=2550 | range_created=2142 | range_updated=408 | range_skipped_no_hibob=0 | range_errors=0
[2026-05-18 23:15:39] Sleeping 3s before next page...
[2026-05-18 23:15:42] Requesting page | start=2551 | count=25 | date_start=05-01-2026T00:00:00+0000 | date_end=05-31-2026T23:59:59+0000
[2026-05-18 23:15:47] Page received | start=2551 | records=25 | hibob_records=3 | sent_date_min=2025-04-15 02:17:58 UTC | sent_date_max=2026-05-04 14:40:46 UTC | last_updated_min=2026-05-04 14:37:10 UTC | last_updated_max=2026-05-04 14:42:15 UTC
[2026-05-18 23:15:47] Page processed | start=2551 | range_processed=2575 | range_created=2162 | range_updated=413 | range_skipped_no_hibob=0 | range_errors=0
[2026-05-18 23:15:47] Sleeping 3s before next page...
[2026-05-18 23:15:50] Requesting page | start=2576 | count=25 | date_start=05-01-2026T00:00:00+0000 | date_end=05-31-2026T23:59:59+0000
[2026-05-18 23:15:56] Page received | start=2576 | records=25 | hibob_records=11 | sent_date_min=2026-01-18 04:55:12 UTC | sent_date_max=2026-05-03 22:37:03 UTC | last_updated_min=2026-05-04 14:42:15 UTC | last_updated_max=2026-05-04 14:51:38 UTC
[2026-05-18 23:15:56] Page processed | start=2576 | range_processed=2600 | range_created=2184 | range_updated=416 | range_skipped_no_hibob=0 | range_errors=0
[2026-05-18 23:15:56] Sleeping 3s before next page...
[2026-05-18 23:15:59] Requesting page | start=2601 | count=25 | date_start=05-01-2026T00:00:00+0000 | date_end=05-31-2026T23:59:59+0000
[2026-05-18 23:16:03] Page received | start=2601 | records=25 | hibob_records=8 | sent_date_min=2026-02-01 21:06:47 UTC | sent_date_max=2026-05-04 14:56:12 UTC | last_updated_min=2026-05-04 14:52:11 UTC | last_updated_max=2026-05-04 15:05:02 UTC
[2026-05-18 23:16:04] Page processed | start=2601 | range_processed=2625 | range_created=2201 | range_updated=424 | range_skipped_no_hibob=0 | range_errors=0
[2026-05-18 23:16:04] Sleeping 3s before next page...
[2026-05-18 23:16:07] Requesting page | start=2626 | count=25 | date_start=05-01-2026T00:00:00+0000 | date_end=05-31-2026T23:59:59+0000
[2026-05-18 23:16:13] Page received | start=2626 | records=25 | hibob_records=2 | sent_date_min=2025-08-05 22:52:08 UTC | sent_date_max=2026-05-04 15:22:29 UTC | last_updated_min=2026-05-04 15:06:08 UTC | last_updated_max=2026-05-04 15:31:03 UTC
[2026-05-18 23:16:13] Page processed | start=2626 | range_processed=2650 | range_created=2221 | range_updated=429 | range_skipped_no_hibob=0 | range_errors=0
[2026-05-18 23:16:13] Sleeping 3s before next page...
[2026-05-18 23:16:16] Requesting page | start=2651 | count=25 | date_start=05-01-2026T00:00:00+0000 | date_end=05-31-2026T23:59:59+0000
[2026-05-18 23:16:20] Page received | start=2651 | records=25 | hibob_records=2 | sent_date_min=2025-10-11 05:07:15 UTC | sent_date_max=2026-05-02 13:22:10 UTC | last_updated_min=2026-05-04 15:31:11 UTC | last_updated_max=2026-05-04 15:36:38 UTC
[2026-05-18 23:16:21] Page processed | start=2651 | range_processed=2675 | range_created=2232 | range_updated=443 | range_skipped_no_hibob=0 | range_errors=0
[2026-05-18 23:16:21] Sleeping 3s before next page...
[2026-05-18 23:16:24] Requesting page | start=2676 | count=25 | date_start=05-01-2026T00:00:00+0000 | date_end=05-31-2026T23:59:59+0000
[2026-05-18 23:16:28] Page received | start=2676 | records=25 | hibob_records=0 | sent_date_min=2025-02-24 19:56:21 UTC | sent_date_max=2026-05-04 15:38:15 UTC | last_updated_min=2026-05-04 15:36:54 UTC | last_updated_max=2026-05-04 15:41:30 UTC
[2026-05-18 23:16:28] Page processed | start=2676 | range_processed=2700 | range_created=2246 | range_updated=454 | range_skipped_no_hibob=0 | range_errors=0
[2026-05-18 23:16:28] Sleeping 3s before next page...
[2026-05-18 23:16:31] Requesting page | start=2701 | count=25 | date_start=05-01-2026T00:00:00+0000 | date_end=05-31-2026T23:59:59+0000
[2026-05-18 23:16:35] Page received | start=2701 | records=25 | hibob_records=1 | sent_date_min=2025-06-05 21:18:41 UTC | sent_date_max=2026-05-04 15:45:46 UTC | last_updated_min=2026-05-04 15:41:30 UTC | last_updated_max=2026-05-04 15:46:58 UTC
[2026-05-18 23:16:36] Page processed | start=2701 | range_processed=2725 | range_created=2257 | range_updated=468 | range_skipped_no_hibob=0 | range_errors=0
[2026-05-18 23:16:36] Sleeping 3s before next page...
[2026-05-18 23:16:39] Requesting page | start=2726 | count=25 | date_start=05-01-2026T00:00:00+0000 | date_end=05-31-2026T23:59:59+0000
[2026-05-18 23:16:42] Page received | start=2726 | records=25 | hibob_records=1 | sent_date_min=2025-09-25 19:49:41 UTC | sent_date_max=2026-05-04 15:52:31 UTC | last_updated_min=2026-05-04 15:47:19 UTC | last_updated_max=2026-05-04 15:52:52 UTC
[2026-05-18 23:16:43] Page processed | start=2726 | range_processed=2750 | range_created=2274 | range_updated=476 | range_skipped_no_hibob=0 | range_errors=0
[2026-05-18 23:16:43] Sleeping 3s before next page...
[2026-05-18 23:16:46] Requesting page | start=2751 | count=25 | date_start=05-01-2026T00:00:00+0000 | date_end=05-31-2026T23:59:59+0000
[2026-05-18 23:16:49] Page received | start=2751 | records=25 | hibob_records=1 | sent_date_min=2025-09-08 16:37:49 UTC | sent_date_max=2026-05-01 02:37:15 UTC | last_updated_min=2026-05-04 15:53:08 UTC | last_updated_max=2026-05-04 15:56:34 UTC
[2026-05-18 23:16:49] Page processed | start=2751 | range_processed=2775 | range_created=2292 | range_updated=483 | range_skipped_no_hibob=0 | range_errors=0
[2026-05-18 23:16:49] Sleeping 3s before next page...
[2026-05-18 23:16:52] Requesting page | start=2776 | count=25 | date_start=05-01-2026T00:00:00+0000 | date_end=05-31-2026T23:59:59+0000
[2026-05-18 23:16:57] Page received | start=2776 | records=25 | hibob_records=0 | sent_date_min=2025-10-15 15:08:47 UTC | sent_date_max=2026-05-01 02:22:28 UTC | last_updated_min=2026-05-04 15:56:34 UTC | last_updated_max=2026-05-04 15:59:14 UTC
[2026-05-18 23:16:58] Page processed | start=2776 | range_processed=2800 | range_created=2308 | range_updated=492 | range_skipped_no_hibob=0 | range_errors=0
[2026-05-18 23:16:58] Sleeping 3s before next page...
[2026-05-18 23:17:01] Requesting page | start=2801 | count=25 | date_start=05-01-2026T00:00:00+0000 | date_end=05-31-2026T23:59:59+0000
[2026-05-18 23:17:05] Page received | start=2801 | records=25 | hibob_records=0 | sent_date_min=2025-10-17 04:37:09 UTC | sent_date_max=2026-05-02 11:22:15 UTC | last_updated_min=2026-05-04 15:59:29 UTC | last_updated_max=2026-05-04 16:00:59 UTC
[2026-05-18 23:17:05] Page processed | start=2801 | range_processed=2825 | range_created=2331 | range_updated=494 | range_skipped_no_hibob=0 | range_errors=0
[2026-05-18 23:17:05] Sleeping 3s before next page...
[2026-05-18 23:17:08] Requesting page | start=2826 | count=25 | date_start=05-01-2026T00:00:00+0000 | date_end=05-31-2026T23:59:59+0000
[2026-05-18 23:17:12] Page received | start=2826 | records=25 | hibob_records=0 | sent_date_min=2025-08-17 16:47:33 UTC | sent_date_max=2026-05-02 18:56:41 UTC | last_updated_min=2026-05-04 16:01:00 UTC | last_updated_max=2026-05-04 16:04:42 UTC
[2026-05-18 23:17:12] Page processed | start=2826 | range_processed=2850 | range_created=2348 | range_updated=502 | range_skipped_no_hibob=0 | range_errors=0
[2026-05-18 23:17:12] Sleeping 3s before next page...
[2026-05-18 23:17:15] Requesting page | start=2851 | count=25 | date_start=05-01-2026T00:00:00+0000 | date_end=05-31-2026T23:59:59+0000
[2026-05-18 23:17:21] Page received | start=2851 | records=25 | hibob_records=0 | sent_date_min=2025-08-10 04:52:08 UTC | sent_date_max=2026-05-04 16:23:02 UTC | last_updated_min=2026-05-04 16:04:59 UTC | last_updated_max=2026-05-04 16:23:14 UTC
[2026-05-18 23:17:21] Page processed | start=2851 | range_processed=2875 | range_created=2367 | range_updated=508 | range_skipped_no_hibob=0 | range_errors=0
[2026-05-18 23:17:21] Sleeping 3s before next page...
[2026-05-18 23:17:24] Requesting page | start=2876 | count=25 | date_start=05-01-2026T00:00:00+0000 | date_end=05-31-2026T23:59:59+0000
[2026-05-18 23:17:29] Page received | start=2876 | records=25 | hibob_records=5 | sent_date_min=2026-04-14 14:37:19 UTC | sent_date_max=2026-05-04 17:24:08 UTC | last_updated_min=2026-05-04 16:24:35 UTC | last_updated_max=2026-05-04 17:30:04 UTC
[2026-05-18 23:17:29] Page processed | start=2876 | range_processed=2900 | range_created=2391 | range_updated=509 | range_skipped_no_hibob=0 | range_errors=0
[2026-05-18 23:17:29] Sleeping 3s before next page...
[2026-05-18 23:17:32] Requesting page | start=2901 | count=25 | date_start=05-01-2026T00:00:00+0000 | date_end=05-31-2026T23:59:59+0000
[2026-05-18 23:17:36] Page received | start=2901 | records=25 | hibob_records=2 | sent_date_min=2024-11-11 05:37:51 UTC | sent_date_max=2026-05-04 18:22:05 UTC | last_updated_min=2026-05-04 17:30:04 UTC | last_updated_max=2026-05-04 18:30:36 UTC
[2026-05-18 23:17:37] Page processed | start=2901 | range_processed=2925 | range_created=2413 | range_updated=512 | range_skipped_no_hibob=0 | range_errors=0
[2026-05-18 23:17:37] Sleeping 3s before next page...
[2026-05-18 23:17:40] Requesting page | start=2926 | count=25 | date_start=05-01-2026T00:00:00+0000 | date_end=05-31-2026T23:59:59+0000
[2026-05-18 23:17:44] Page received | start=2926 | records=25 | hibob_records=11 | sent_date_min=2025-11-19 19:24:48 UTC | sent_date_max=2026-05-04 19:02:16 UTC | last_updated_min=2026-05-04 18:30:36 UTC | last_updated_max=2026-05-04 19:08:51 UTC
[2026-05-18 23:17:44] Page processed | start=2926 | range_processed=2950 | range_created=2434 | range_updated=516 | range_skipped_no_hibob=0 | range_errors=0
[2026-05-18 23:17:44] Sleeping 3s before next page...
[2026-05-18 23:17:47] Requesting page | start=2951 | count=25 | date_start=05-01-2026T00:00:00+0000 | date_end=05-31-2026T23:59:59+0000
[2026-05-18 23:17:51] Page received | start=2951 | records=25 | hibob_records=7 | sent_date_min=2025-12-20 15:37:54 UTC | sent_date_max=2026-05-04 19:22:32 UTC | last_updated_min=2026-05-04 19:10:45 UTC | last_updated_max=2026-05-04 19:30:10 UTC
[2026-05-18 23:17:51] Page processed | start=2951 | range_processed=2975 | range_created=2456 | range_updated=519 | range_skipped_no_hibob=0 | range_errors=0
[2026-05-18 23:17:51] Sleeping 3s before next page...
[2026-05-18 23:17:54] Requesting page | start=2976 | count=25 | date_start=05-01-2026T00:00:00+0000 | date_end=05-31-2026T23:59:59+0000
[2026-05-18 23:17:59] Page received | start=2976 | records=25 | hibob_records=5 | sent_date_min=2025-10-14 06:22:21 UTC | sent_date_max=2026-05-04 20:07:31 UTC | last_updated_min=2026-05-04 19:30:12 UTC | last_updated_max=2026-05-04 20:10:23 UTC
[2026-05-18 23:17:59] Page processed | start=2976 | range_processed=3000 | range_created=2479 | range_updated=521 | range_skipped_no_hibob=0 | range_errors=0
[2026-05-18 23:17:59] Sleeping 3s before next page...
[2026-05-18 23:18:02] Requesting page | start=3001 | count=25 | date_start=05-01-2026T00:00:00+0000 | date_end=05-31-2026T23:59:59+0000
[2026-05-18 23:18:07] Page received | start=3001 | records=25 | hibob_records=2 | sent_date_min=2025-10-09 20:02:58 UTC | sent_date_max=2026-05-04 20:22:41 UTC | last_updated_min=2026-05-04 20:10:40 UTC | last_updated_max=2026-05-04 20:32:18 UTC
[2026-05-18 23:18:07] Page processed | start=3001 | range_processed=3025 | range_created=2496 | range_updated=529 | range_skipped_no_hibob=0 | range_errors=0
[2026-05-18 23:18:07] Sleeping 3s before next page...
[2026-05-18 23:18:10] Requesting page | start=3026 | count=25 | date_start=05-01-2026T00:00:00+0000 | date_end=05-31-2026T23:59:59+0000
[2026-05-18 23:18:14] Page received | start=3026 | records=25 | hibob_records=1 | sent_date_min=2025-06-27 16:22:37 UTC | sent_date_max=2026-04-28 07:07:43 UTC | last_updated_min=2026-05-04 20:32:32 UTC | last_updated_max=2026-05-04 20:38:06 UTC
[2026-05-18 23:18:14] Page processed | start=3026 | range_processed=3050 | range_created=2512 | range_updated=538 | range_skipped_no_hibob=0 | range_errors=0
[2026-05-18 23:18:14] Sleeping 3s before next page...
[2026-05-18 23:18:17] Requesting page | start=3051 | count=25 | date_start=05-01-2026T00:00:00+0000 | date_end=05-31-2026T23:59:59+0000
[2026-05-18 23:18:21] Page received | start=3051 | records=25 | hibob_records=3 | sent_date_min=2025-09-07 17:43:27 UTC | sent_date_max=2026-04-28 12:37:32 UTC | last_updated_min=2026-05-04 20:38:21 UTC | last_updated_max=2026-05-04 20:43:42 UTC
[2026-05-18 23:18:21] Page processed | start=3051 | range_processed=3075 | range_created=2527 | range_updated=548 | range_skipped_no_hibob=0 | range_errors=0
[2026-05-18 23:18:21] Sleeping 3s before next page...
[2026-05-18 23:18:24] Requesting page | start=3076 | count=25 | date_start=05-01-2026T00:00:00+0000 | date_end=05-31-2026T23:59:59+0000
[2026-05-18 23:18:28] Page received | start=3076 | records=25 | hibob_records=1 | sent_date_min=2025-06-16 16:38:16 UTC | sent_date_max=2026-05-04 20:47:10 UTC | last_updated_min=2026-05-04 20:43:59 UTC | last_updated_max=2026-05-04 20:51:55 UTC
[2026-05-18 23:18:28] Page processed | start=3076 | range_processed=3100 | range_created=2542 | range_updated=558 | range_skipped_no_hibob=0 | range_errors=0
[2026-05-18 23:18:28] Sleeping 3s before next page...
[2026-05-18 23:18:31] Requesting page | start=3101 | count=25 | date_start=05-01-2026T00:00:00+0000 | date_end=05-31-2026T23:59:59+0000
[2026-05-18 23:18:36] Page received | start=3101 | records=25 | hibob_records=0 | sent_date_min=2025-08-26 23:52:35 UTC | sent_date_max=2026-05-04 20:52:19 UTC | last_updated_min=2026-05-04 20:52:06 UTC | last_updated_max=2026-05-04 20:58:31 UTC
[2026-05-18 23:18:36] Page processed | start=3101 | range_processed=3125 | range_created=2563 | range_updated=562 | range_skipped_no_hibob=0 | range_errors=0
[2026-05-18 23:18:36] Sleeping 3s before next page...
[2026-05-18 23:18:39] Requesting page | start=3126 | count=25 | date_start=05-01-2026T00:00:00+0000 | date_end=05-31-2026T23:59:59+0000
[2026-05-18 23:18:43] Page received | start=3126 | records=25 | hibob_records=0 | sent_date_min=2025-05-30 19:57:43 UTC | sent_date_max=2026-05-04 21:07:22 UTC | last_updated_min=2026-05-04 20:58:46 UTC | last_updated_max=2026-05-04 21:08:07 UTC
[2026-05-18 23:18:43] Page processed | start=3126 | range_processed=3150 | range_created=2581 | range_updated=569 | range_skipped_no_hibob=0 | range_errors=0
[2026-05-18 23:18:43] Sleeping 3s before next page...
[2026-05-18 23:18:46] Requesting page | start=3151 | count=25 | date_start=05-01-2026T00:00:00+0000 | date_end=05-31-2026T23:59:59+0000
[2026-05-18 23:18:50] Page received | start=3151 | records=25 | hibob_records=1 | sent_date_min=2025-06-09 15:04:19 UTC | sent_date_max=2026-04-28 16:52:18 UTC | last_updated_min=2026-05-04 21:08:24 UTC | last_updated_max=2026-05-04 21:14:10 UTC
[2026-05-18 23:18:50] Page processed | start=3151 | range_processed=3175 | range_created=2603 | range_updated=572 | range_skipped_no_hibob=0 | range_errors=0
[2026-05-18 23:18:50] Sleeping 3s before next page...
[2026-05-18 23:18:53] Requesting page | start=3176 | count=25 | date_start=05-01-2026T00:00:00+0000 | date_end=05-31-2026T23:59:59+0000
[2026-05-18 23:19:00] Page received | start=3176 | records=25 | hibob_records=1 | sent_date_min=2025-05-31 21:22:50 UTC | sent_date_max=2025-11-23 21:37:52 UTC | last_updated_min=2026-05-04 21:14:27 UTC | last_updated_max=2026-05-04 21:20:45 UTC
[2026-05-18 23:19:00] Page processed | start=3176 | range_processed=3200 | range_created=2619 | range_updated=581 | range_skipped_no_hibob=0 | range_errors=0
[2026-05-18 23:19:00] Sleeping 3s before next page...
[2026-05-18 23:19:03] Requesting page | start=3201 | count=25 | date_start=05-01-2026T00:00:00+0000 | date_end=05-31-2026T23:59:59+0000
[2026-05-18 23:19:08] Page received | start=3201 | records=25 | hibob_records=1 | sent_date_min=2025-08-07 15:52:12 UTC | sent_date_max=2026-05-03 02:46:12 UTC | last_updated_min=2026-05-04 21:21:01 UTC | last_updated_max=2026-05-04 21:29:24 UTC
[2026-05-18 23:19:08] Page processed | start=3201 | range_processed=3225 | range_created=2636 | range_updated=589 | range_skipped_no_hibob=0 | range_errors=0
[2026-05-18 23:19:08] Sleeping 3s before next page...
[2026-05-18 23:19:11] Requesting page | start=3226 | count=25 | date_start=05-01-2026T00:00:00+0000 | date_end=05-31-2026T23:59:59+0000
[2026-05-18 23:19:16] Page received | start=3226 | records=25 | hibob_records=2 | sent_date_min=2025-10-13 23:07:56 UTC | sent_date_max=2026-05-05 02:37:10 UTC | last_updated_min=2026-05-04 21:29:39 UTC | last_updated_max=2026-05-05 02:37:10 UTC
[2026-05-18 23:19:16] Page processed | start=3226 | range_processed=3250 | range_created=2655 | range_updated=595 | range_skipped_no_hibob=0 | range_errors=0
[2026-05-18 23:19:16] Sleeping 3s before next page...
[2026-05-18 23:19:19] Requesting page | start=3251 | count=25 | date_start=05-01-2026T00:00:00+0000 | date_end=05-31-2026T23:59:59+0000
[2026-05-18 23:19:25] Page received | start=3251 | records=25 | hibob_records=3 | sent_date_min=2026-02-27 15:58:52 UTC | sent_date_max=2026-05-05 06:22:28 UTC | last_updated_min=2026-05-05 02:52:10 UTC | last_updated_max=2026-05-05 06:31:21 UTC
[2026-05-18 23:19:25] Page processed | start=3251 | range_processed=3275 | range_created=2679 | range_updated=596 | range_skipped_no_hibob=0 | range_errors=0
[2026-05-18 23:19:25] Sleeping 3s before next page...
[2026-05-18 23:19:28] Requesting page | start=3276 | count=25 | date_start=05-01-2026T00:00:00+0000 | date_end=05-31-2026T23:59:59+0000
[2026-05-18 23:19:32] Page received | start=3276 | records=25 | hibob_records=6 | sent_date_min=2025-09-27 12:38:03 UTC | sent_date_max=2026-05-05 07:37:07 UTC | last_updated_min=2026-05-05 06:37:12 UTC | last_updated_max=2026-05-05 07:37:07 UTC
[2026-05-18 23:19:32] Page processed | start=3276 | range_processed=3300 | range_created=2701 | range_updated=599 | range_skipped_no_hibob=0 | range_errors=0
[2026-05-18 23:19:32] Sleeping 3s before next page...
[2026-05-18 23:19:35] Requesting page | start=3301 | count=25 | date_start=05-01-2026T00:00:00+0000 | date_end=05-31-2026T23:59:59+0000
[2026-05-18 23:19:40] Page received | start=3301 | records=25 | hibob_records=8 | sent_date_min=2025-05-13 06:52:52 UTC | sent_date_max=2026-05-05 08:10:19 UTC | last_updated_min=2026-05-05 07:37:12 UTC | last_updated_max=2026-05-05 08:12:52 UTC
[2026-05-18 23:19:40] Page processed | start=3301 | range_processed=3325 | range_created=2722 | range_updated=603 | range_skipped_no_hibob=0 | range_errors=0
[2026-05-18 23:19:40] Sleeping 3s before next page...
[2026-05-18 23:19:43] Requesting page | start=3326 | count=25 | date_start=05-01-2026T00:00:00+0000 | date_end=05-31-2026T23:59:59+0000
[2026-05-18 23:19:52] Page received | start=3326 | records=25 | hibob_records=8 | sent_date_min=2025-01-15 20:55:34 UTC | sent_date_max=2026-05-05 08:35:37 UTC | last_updated_min=2026-05-05 08:12:56 UTC | last_updated_max=2026-05-05 08:38:10 UTC
[2026-05-18 23:19:52] Page processed | start=3326 | range_processed=3350 | range_created=2743 | range_updated=607 | range_skipped_no_hibob=0 | range_errors=0
[2026-05-18 23:19:52] Sleeping 3s before next page...
[2026-05-18 23:19:55] Requesting page | start=3351 | count=25 | date_start=05-01-2026T00:00:00+0000 | date_end=05-31-2026T23:59:59+0000
[2026-05-18 23:20:00] Page received | start=3351 | records=25 | hibob_records=1 | sent_date_min=2025-01-02 21:09:49 UTC | sent_date_max=2026-05-05 08:54:52 UTC | last_updated_min=2026-05-05 08:39:35 UTC | last_updated_max=2026-05-05 08:56:07 UTC
[2026-05-18 23:20:00] Page processed | start=3351 | range_processed=3375 | range_created=2764 | range_updated=611 | range_skipped_no_hibob=0 | range_errors=0
[2026-05-18 23:20:00] Sleeping 3s before next page...
[2026-05-18 23:20:03] Requesting page | start=3376 | count=25 | date_start=05-01-2026T00:00:00+0000 | date_end=05-31-2026T23:59:59+0000
[2026-05-18 23:20:10] Page received | start=3376 | records=25 | hibob_records=6 | sent_date_min=2025-05-13 08:22:33 UTC | sent_date_max=2026-05-05 09:07:11 UTC | last_updated_min=2026-05-05 08:56:07 UTC | last_updated_max=2026-05-05 09:07:11 UTC
[2026-05-18 23:20:10] Page processed | start=3376 | range_processed=3400 | range_created=2787 | range_updated=613 | range_skipped_no_hibob=0 | range_errors=0
[2026-05-18 23:20:10] Sleeping 3s before next page...
[2026-05-18 23:20:13] Requesting page | start=3401 | count=25 | date_start=05-01-2026T00:00:00+0000 | date_end=05-31-2026T23:59:59+0000
[2026-05-18 23:20:19] Page received | start=3401 | records=25 | hibob_records=7 | sent_date_min=2025-09-24 18:19:55 UTC | sent_date_max=2026-05-05 09:26:15 UTC | last_updated_min=2026-05-05 09:07:23 UTC | last_updated_max=2026-05-05 09:29:06 UTC
[2026-05-18 23:20:19] Page processed | start=3401 | range_processed=3425 | range_created=2809 | range_updated=616 | range_skipped_no_hibob=0 | range_errors=0
[2026-05-18 23:20:19] Sleeping 3s before next page...
[2026-05-18 23:20:22] Requesting page | start=3426 | count=25 | date_start=05-01-2026T00:00:00+0000 | date_end=05-31-2026T23:59:59+0000
[2026-05-18 23:20:27] Page received | start=3426 | records=25 | hibob_records=7 | sent_date_min=2025-09-28 17:46:30 UTC | sent_date_max=2026-05-05 09:37:22 UTC | last_updated_min=2026-05-05 09:30:53 UTC | last_updated_max=2026-05-05 09:43:40 UTC
[2026-05-18 23:20:27] Page processed | start=3426 | range_processed=3450 | range_created=2831 | range_updated=619 | range_skipped_no_hibob=0 | range_errors=0
[2026-05-18 23:20:27] Sleeping 3s before next page...
[2026-05-18 23:20:30] Requesting page | start=3451 | count=25 | date_start=05-01-2026T00:00:00+0000 | date_end=05-31-2026T23:59:59+0000
[2026-05-18 23:20:37] Page received | start=3451 | records=25 | hibob_records=7 | sent_date_min=2026-02-28 06:38:48 UTC | sent_date_max=2026-05-05 10:07:55 UTC | last_updated_min=2026-05-05 09:43:53 UTC | last_updated_max=2026-05-05 10:08:45 UTC
[2026-05-18 23:20:37] Page processed | start=3451 | range_processed=3475 | range_created=2852 | range_updated=623 | range_skipped_no_hibob=0 | range_errors=0
[2026-05-18 23:20:37] Sleeping 3s before next page...
[2026-05-18 23:20:40] Requesting page | start=3476 | count=25 | date_start=05-01-2026T00:00:00+0000 | date_end=05-31-2026T23:59:59+0000
[2026-05-18 23:20:45] Page received | start=3476 | records=25 | hibob_records=0 | sent_date_min=2025-12-10 18:37:19 UTC | sent_date_max=2026-05-04 06:37:19 UTC | last_updated_min=2026-05-05 10:14:39 UTC | last_updated_max=2026-05-05 10:21:46 UTC
[2026-05-18 23:20:46] Page processed | start=3476 | range_processed=3500 | range_created=2872 | range_updated=628 | range_skipped_no_hibob=0 | range_errors=0
[2026-05-18 23:20:46] Sleeping 3s before next page...
[2026-05-18 23:20:49] Requesting page | start=3501 | count=25 | date_start=05-01-2026T00:00:00+0000 | date_end=05-31-2026T23:59:59+0000
[2026-05-18 23:20:53] Page received | start=3501 | records=25 | hibob_records=2 | sent_date_min=2026-01-09 16:23:29 UTC | sent_date_max=2026-03-04 15:22:37 UTC | last_updated_min=2026-05-05 10:21:46 UTC | last_updated_max=2026-05-05 10:22:11 UTC
[2026-05-18 23:20:53] Page processed | start=3501 | range_processed=3525 | range_created=2876 | range_updated=649 | range_skipped_no_hibob=0 | range_errors=0
[2026-05-18 23:20:53] Sleeping 3s before next page...
[2026-05-18 23:20:56] Requesting page | start=3526 | count=25 | date_start=05-01-2026T00:00:00+0000 | date_end=05-31-2026T23:59:59+0000
[2026-05-18 23:21:01] Page received | start=3526 | records=25 | hibob_records=5 | sent_date_min=2025-09-28 23:10:41 UTC | sent_date_max=2026-05-05 10:52:19 UTC | last_updated_min=2026-05-05 10:22:12 UTC | last_updated_max=2026-05-05 11:02:58 UTC
[2026-05-18 23:21:01] Page processed | start=3526 | range_processed=3550 | range_created=2896 | range_updated=654 | range_skipped_no_hibob=0 | range_errors=0
[2026-05-18 23:21:01] Sleeping 3s before next page...
[2026-05-18 23:21:04] Requesting page | start=3551 | count=25 | date_start=05-01-2026T00:00:00+0000 | date_end=05-31-2026T23:59:59+0000
[2026-05-18 23:21:09] Page received | start=3551 | records=25 | hibob_records=1 | sent_date_min=2025-12-17 13:37:09 UTC | sent_date_max=2026-05-05 11:26:07 UTC | last_updated_min=2026-05-05 11:06:55 UTC | last_updated_max=2026-05-05 11:30:03 UTC
[2026-05-18 23:21:09] Page processed | start=3551 | range_processed=3575 | range_created=2920 | range_updated=655 | range_skipped_no_hibob=0 | range_errors=0
[2026-05-18 23:21:09] Sleeping 3s before next page...
[2026-05-18 23:21:12] Requesting page | start=3576 | count=25 | date_start=05-01-2026T00:00:00+0000 | date_end=05-31-2026T23:59:59+0000
[2026-05-18 23:21:17] Page received | start=3576 | records=25 | hibob_records=5 | sent_date_min=2026-03-13 20:44:04 UTC | sent_date_max=2026-05-05 11:37:51 UTC | last_updated_min=2026-05-05 11:30:03 UTC | last_updated_max=2026-05-05 11:40:22 UTC
[2026-05-18 23:21:17] Page processed | start=3576 | range_processed=3600 | range_created=2944 | range_updated=656 | range_skipped_no_hibob=0 | range_errors=0
[2026-05-18 23:21:17] Sleeping 3s before next page...
[2026-05-18 23:21:20] Requesting page | start=3601 | count=25 | date_start=05-01-2026T00:00:00+0000 | date_end=05-31-2026T23:59:59+0000
[2026-05-18 23:21:25] Page received | start=3601 | records=25 | hibob_records=5 | sent_date_min=2025-05-26 07:49:05 UTC | sent_date_max=2026-05-05 11:53:02 UTC | last_updated_min=2026-05-05 11:40:31 UTC | last_updated_max=2026-05-05 11:58:00 UTC
[2026-05-18 23:21:25] Page processed | start=3601 | range_processed=3625 | range_created=2967 | range_updated=658 | range_skipped_no_hibob=0 | range_errors=0
[2026-05-18 23:21:25] Sleeping 3s before next page...
[2026-05-18 23:21:28] Requesting page | start=3626 | count=25 | date_start=05-01-2026T00:00:00+0000 | date_end=05-31-2026T23:59:59+0000
[2026-05-18 23:21:32] Page received | start=3626 | records=25 | hibob_records=7 | sent_date_min=2025-09-29 03:04:50 UTC | sent_date_max=2026-05-04 15:43:50 UTC | last_updated_min=2026-05-05 11:58:27 UTC | last_updated_max=2026-05-05 12:00:04 UTC
[2026-05-18 23:21:32] Page processed | start=3626 | range_processed=3650 | range_created=2988 | range_updated=662 | range_skipped_no_hibob=0 | range_errors=0
[2026-05-18 23:21:32] Sleeping 3s before next page...
[2026-05-18 23:21:35] Requesting page | start=3651 | count=25 | date_start=05-01-2026T00:00:00+0000 | date_end=05-31-2026T23:59:59+0000
[2026-05-18 23:21:40] Page received | start=3651 | records=25 | hibob_records=7 | sent_date_min=2025-09-26 17:53:51 UTC | sent_date_max=2026-05-05 12:07:16 UTC | last_updated_min=2026-05-05 12:00:04 UTC | last_updated_max=2026-05-05 12:14:12 UTC
[2026-05-18 23:21:41] Page processed | start=3651 | range_processed=3675 | range_created=3006 | range_updated=669 | range_skipped_no_hibob=0 | range_errors=0
[2026-05-18 23:21:41] Sleeping 3s before next page...
[2026-05-18 23:21:44] Requesting page | start=3676 | count=25 | date_start=05-01-2026T00:00:00+0000 | date_end=05-31-2026T23:59:59+0000
[2026-05-18 23:21:48] Page received | start=3676 | records=25 | hibob_records=4 | sent_date_min=2026-01-18 04:52:31 UTC | sent_date_max=2026-05-05 12:22:55 UTC | last_updated_min=2026-05-05 12:14:13 UTC | last_updated_max=2026-05-05 12:22:55 UTC
[2026-05-18 23:21:48] Page processed | start=3676 | range_processed=3700 | range_created=3019 | range_updated=681 | range_skipped_no_hibob=0 | range_errors=0
[2026-05-18 23:21:48] Sleeping 3s before next page...
[2026-05-18 23:21:51] Requesting page | start=3701 | count=25 | date_start=05-01-2026T00:00:00+0000 | date_end=05-31-2026T23:59:59+0000
[2026-05-18 23:21:56] Page received | start=3701 | records=25 | hibob_records=4 | sent_date_min=2026-02-13 16:21:36 UTC | sent_date_max=2026-05-05 12:23:37 UTC | last_updated_min=2026-05-05 12:23:02 UTC | last_updated_max=2026-05-05 12:30:04 UTC
[2026-05-18 23:21:56] Page processed | start=3701 | range_processed=3725 | range_created=3040 | range_updated=685 | range_skipped_no_hibob=0 | range_errors=0
[2026-05-18 23:21:56] Sleeping 3s before next page...
[2026-05-18 23:21:59] Requesting page | start=3726 | count=25 | date_start=05-01-2026T00:00:00+0000 | date_end=05-31-2026T23:59:59+0000
[2026-05-18 23:22:06] Page received | start=3726 | records=25 | hibob_records=1 | sent_date_min=2025-07-31 11:52:09 UTC | sent_date_max=2026-05-05 12:38:01 UTC | last_updated_min=2026-05-05 12:30:04 UTC | last_updated_max=2026-05-05 12:41:37 UTC
[2026-05-18 23:22:06] Page processed | start=3726 | range_processed=3750 | range_created=3061 | range_updated=689 | range_skipped_no_hibob=0 | range_errors=0
[2026-05-18 23:22:06] Sleeping 3s before next page...
[2026-05-18 23:22:09] Requesting page | start=3751 | count=25 | date_start=05-01-2026T00:00:00+0000 | date_end=05-31-2026T23:59:59+0000
[2026-05-18 23:22:14] Page received | start=3751 | records=25 | hibob_records=1 | sent_date_min=2026-02-17 17:54:49 UTC | sent_date_max=2026-05-05 08:48:46 UTC | last_updated_min=2026-05-05 12:42:38 UTC | last_updated_max=2026-05-05 12:51:08 UTC
[2026-05-18 23:22:15] Page processed | start=3751 | range_processed=3775 | range_created=3085 | range_updated=690 | range_skipped_no_hibob=0 | range_errors=0
[2026-05-18 23:22:15] Sleeping 3s before next page...
[2026-05-18 23:22:18] Requesting page | start=3776 | count=25 | date_start=05-01-2026T00:00:00+0000 | date_end=05-31-2026T23:59:59+0000
[2026-05-18 23:22:23] Page received | start=3776 | records=25 | hibob_records=9 | sent_date_min=2026-02-17 22:51:54 UTC | sent_date_max=2026-05-05 12:53:18 UTC | last_updated_min=2026-05-05 12:51:21 UTC | last_updated_max=2026-05-05 12:55:42 UTC
[2026-05-18 23:22:24] Page processed | start=3776 | range_processed=3800 | range_created=3109 | range_updated=691 | range_skipped_no_hibob=0 | range_errors=0
[2026-05-18 23:22:24] Sleeping 3s before next page...
[2026-05-18 23:22:27] Requesting page | start=3801 | count=25 | date_start=05-01-2026T00:00:00+0000 | date_end=05-31-2026T23:59:59+0000
[2026-05-18 23:22:31] Page received | start=3801 | records=25 | hibob_records=8 | sent_date_min=2025-11-12 04:52:26 UTC | sent_date_max=2026-05-05 11:50:04 UTC | last_updated_min=2026-05-05 12:56:11 UTC | last_updated_max=2026-05-05 13:00:57 UTC
[2026-05-18 23:22:32] Page processed | start=3801 | range_processed=3825 | range_created=3130 | range_updated=695 | range_skipped_no_hibob=0 | range_errors=0
[2026-05-18 23:22:32] Sleeping 3s before next page...
[2026-05-18 23:22:35] Requesting page | start=3826 | count=25 | date_start=05-01-2026T00:00:00+0000 | date_end=05-31-2026T23:59:59+0000
[2026-05-18 23:22:39] Page received | start=3826 | records=25 | hibob_records=3 | sent_date_min=2025-05-30 00:21:24 UTC | sent_date_max=2026-05-05 13:07:18 UTC | last_updated_min=2026-05-05 13:01:12 UTC | last_updated_max=2026-05-05 13:07:18 UTC
[2026-05-18 23:22:39] Page processed | start=3826 | range_processed=3850 | range_created=3147 | range_updated=703 | range_skipped_no_hibob=0 | range_errors=0
[2026-05-18 23:22:39] Sleeping 3s before next page...
[2026-05-18 23:22:42] Requesting page | start=3851 | count=25 | date_start=05-01-2026T00:00:00+0000 | date_end=05-31-2026T23:59:59+0000
[2026-05-18 23:22:47] Page received | start=3851 | records=25 | hibob_records=3 | sent_date_min=2025-08-06 23:22:20 UTC | sent_date_max=2026-05-05 13:07:42 UTC | last_updated_min=2026-05-05 13:07:25 UTC | last_updated_max=2026-05-05 13:13:17 UTC
[2026-05-18 23:22:47] Page processed | start=3851 | range_processed=3875 | range_created=3162 | range_updated=713 | range_skipped_no_hibob=0 | range_errors=0
[2026-05-18 23:22:47] Sleeping 3s before next page...
[2026-05-18 23:22:50] Requesting page | start=3876 | count=25 | date_start=05-01-2026T00:00:00+0000 | date_end=05-31-2026T23:59:59+0000
[2026-05-18 23:22:54] Page received | start=3876 | records=25 | hibob_records=2 | sent_date_min=2025-08-20 20:53:23 UTC | sent_date_max=2026-05-04 00:07:11 UTC | last_updated_min=2026-05-05 13:13:23 UTC | last_updated_max=2026-05-05 13:19:05 UTC
[2026-05-18 23:22:54] Page processed | start=3876 | range_processed=3900 | range_created=3179 | range_updated=721 | range_skipped_no_hibob=0 | range_errors=0
[2026-05-18 23:22:54] Sleeping 3s before next page...
[2026-05-18 23:22:57] Requesting page | start=3901 | count=25 | date_start=05-01-2026T00:00:00+0000 | date_end=05-31-2026T23:59:59+0000
[2026-05-18 23:23:02] Page received | start=3901 | records=25 | hibob_records=3 | sent_date_min=2025-03-17 11:08:48 UTC | sent_date_max=2026-05-05 13:22:04 UTC | last_updated_min=2026-05-05 13:19:17 UTC | last_updated_max=2026-05-05 13:24:42 UTC
[2026-05-18 23:23:02] Page processed | start=3901 | range_processed=3925 | range_created=3195 | range_updated=730 | range_skipped_no_hibob=0 | range_errors=0
[2026-05-18 23:23:02] Sleeping 3s before next page...
[2026-05-18 23:23:05] Requesting page | start=3926 | count=25 | date_start=05-01-2026T00:00:00+0000 | date_end=05-31-2026T23:59:59+0000
[2026-05-18 23:23:10] Page received | start=3926 | records=25 | hibob_records=4 | sent_date_min=2025-06-18 15:39:37 UTC | sent_date_max=2026-05-04 07:53:20 UTC | last_updated_min=2026-05-05 13:24:46 UTC | last_updated_max=2026-05-05 13:29:05 UTC
[2026-05-18 23:23:10] Page processed | start=3926 | range_processed=3950 | range_created=3215 | range_updated=735 | range_skipped_no_hibob=0 | range_errors=0
[2026-05-18 23:23:10] Sleeping 3s before next page...
[2026-05-18 23:23:13] Requesting page | start=3951 | count=25 | date_start=05-01-2026T00:00:00+0000 | date_end=05-31-2026T23:59:59+0000
[2026-05-18 23:23:23] Page received | start=3951 | records=25 | hibob_records=2 | sent_date_min=2025-04-10 19:01:09 UTC | sent_date_max=2026-05-05 09:08:59 UTC | last_updated_min=2026-05-05 13:29:39 UTC | last_updated_max=2026-05-05 13:36:38 UTC
[2026-05-18 23:23:24] Page processed | start=3951 | range_processed=3975 | range_created=3235 | range_updated=740 | range_skipped_no_hibob=0 | range_errors=0
[2026-05-18 23:23:24] Sleeping 3s before next page...
[2026-05-18 23:23:27] Requesting page | start=3976 | count=25 | date_start=05-01-2026T00:00:00+0000 | date_end=05-31-2026T23:59:59+0000
[2026-05-18 23:23:32] Page received | start=3976 | records=25 | hibob_records=4 | sent_date_min=2025-10-06 05:43:06 UTC | sent_date_max=2026-05-05 13:39:34 UTC | last_updated_min=2026-05-05 13:36:39 UTC | last_updated_max=2026-05-05 13:41:08 UTC
[2026-05-18 23:23:32] Page processed | start=3976 | range_processed=4000 | range_created=3256 | range_updated=744 | range_skipped_no_hibob=0 | range_errors=0
[2026-05-18 23:23:32] Sleeping 3s before next page...
[2026-05-18 23:23:35] Requesting page | start=4001 | count=25 | date_start=05-01-2026T00:00:00+0000 | date_end=05-31-2026T23:59:59+0000
[2026-05-18 23:23:41] Page received | start=4001 | records=25 | hibob_records=5 | sent_date_min=2026-03-13 19:39:12 UTC | sent_date_max=2026-05-05 13:47:19 UTC | last_updated_min=2026-05-05 13:41:13 UTC | last_updated_max=2026-05-05 13:50:18 UTC
[2026-05-18 23:23:41] Page processed | start=4001 | range_processed=4025 | range_created=3281 | range_updated=744 | range_skipped_no_hibob=0 | range_errors=0
[2026-05-18 23:23:41] Sleeping 3s before next page...
[2026-05-18 23:23:44] Requesting page | start=4026 | count=25 | date_start=05-01-2026T00:00:00+0000 | date_end=05-31-2026T23:59:59+0000
[2026-05-18 23:23:48] Page received | start=4026 | records=25 | hibob_records=5 | sent_date_min=2025-05-02 20:24:53 UTC | sent_date_max=2026-05-05 13:02:23 UTC | last_updated_min=2026-05-05 13:50:18 UTC | last_updated_max=2026-05-05 13:56:31 UTC
[2026-05-18 23:23:49] Page processed | start=4026 | range_processed=4050 | range_created=3304 | range_updated=746 | range_skipped_no_hibob=0 | range_errors=0
[2026-05-18 23:23:49] Sleeping 3s before next page...
[2026-05-18 23:23:52] Requesting page | start=4051 | count=25 | date_start=05-01-2026T00:00:00+0000 | date_end=05-31-2026T23:59:59+0000
[2026-05-18 23:24:01] Page received | start=4051 | records=25 | hibob_records=8 | sent_date_min=2025-10-05 12:54:47 UTC | sent_date_max=2026-05-04 18:37:46 UTC | last_updated_min=2026-05-05 13:56:47 UTC | last_updated_max=2026-05-05 14:05:49 UTC
[2026-05-18 23:24:01] Page processed | start=4051 | range_processed=4075 | range_created=3327 | range_updated=748 | range_skipped_no_hibob=0 | range_errors=0
[2026-05-18 23:24:01] Sleeping 3s before next page...
[2026-05-18 23:24:04] Requesting page | start=4076 | count=25 | date_start=05-01-2026T00:00:00+0000 | date_end=05-31-2026T23:59:59+0000
[2026-05-18 23:24:09] Page received | start=4076 | records=25 | hibob_records=1 | sent_date_min=2025-04-26 14:39:32 UTC | sent_date_max=2026-05-05 14:08:50 UTC | last_updated_min=2026-05-05 14:06:16 UTC | last_updated_max=2026-05-05 14:15:49 UTC
[2026-05-18 23:24:09] Page processed | start=4076 | range_processed=4100 | range_created=3352 | range_updated=748 | range_skipped_no_hibob=0 | range_errors=0
[2026-05-18 23:24:09] Sleeping 3s before next page...
[2026-05-18 23:24:12] Requesting page | start=4101 | count=25 | date_start=05-01-2026T00:00:00+0000 | date_end=05-31-2026T23:59:59+0000
[2026-05-18 23:24:16] Page received | start=4101 | records=25 | hibob_records=7 | sent_date_min=2025-04-21 21:44:10 UTC | sent_date_max=2026-05-05 14:16:59 UTC | last_updated_min=2026-05-05 14:16:31 UTC | last_updated_max=2026-05-05 14:21:20 UTC
[2026-05-18 23:24:16] Page processed | start=4101 | range_processed=4125 | range_created=3377 | range_updated=748 | range_skipped_no_hibob=0 | range_errors=0
[2026-05-18 23:24:16] Sleeping 3s before next page...
[2026-05-18 23:24:19] Requesting page | start=4126 | count=25 | date_start=05-01-2026T00:00:00+0000 | date_end=05-31-2026T23:59:59+0000
[2026-05-18 23:24:25] Page received | start=4126 | records=25 | hibob_records=12 | sent_date_min=2025-09-30 15:21:52 UTC | sent_date_max=2026-05-05 14:22:55 UTC | last_updated_min=2026-05-05 14:21:24 UTC | last_updated_max=2026-05-05 14:28:34 UTC
[2026-05-18 23:24:26] Page processed | start=4126 | range_processed=4150 | range_created=3401 | range_updated=749 | range_skipped_no_hibob=0 | range_errors=0
[2026-05-18 23:24:26] Sleeping 3s before next page...
[2026-05-18 23:24:29] Requesting page | start=4151 | count=25 | date_start=05-01-2026T00:00:00+0000 | date_end=05-31-2026T23:59:59+0000
[2026-05-18 23:24:33] Page received | start=4151 | records=25 | hibob_records=3 | sent_date_min=2026-03-24 07:27:39 UTC | sent_date_max=2026-05-05 14:29:18 UTC | last_updated_min=2026-05-05 14:28:43 UTC | last_updated_max=2026-05-05 14:34:50 UTC
[2026-05-18 23:24:33] Page processed | start=4151 | range_processed=4175 | range_created=3426 | range_updated=749 | range_skipped_no_hibob=0 | range_errors=0
[2026-05-18 23:24:33] Sleeping 3s before next page...
[2026-05-18 23:24:36] Requesting page | start=4176 | count=25 | date_start=05-01-2026T00:00:00+0000 | date_end=05-31-2026T23:59:59+0000
[2026-05-18 23:24:42] Page received | start=4176 | records=25 | hibob_records=2 | sent_date_min=2026-02-19 20:23:48 UTC | sent_date_max=2026-05-05 14:37:27 UTC | last_updated_min=2026-05-05 14:34:53 UTC | last_updated_max=2026-05-05 14:37:57 UTC
[2026-05-18 23:24:43] Page processed | start=4176 | range_processed=4200 | range_created=3450 | range_updated=750 | range_skipped_no_hibob=0 | range_errors=0
[2026-05-18 23:24:43] Sleeping 3s before next page...
[2026-05-18 23:24:46] Requesting page | start=4201 | count=25 | date_start=05-01-2026T00:00:00+0000 | date_end=05-31-2026T23:59:59+0000
[2026-05-18 23:24:50] Page received | start=4201 | records=25 | hibob_records=3 | sent_date_min=2026-04-02 05:41:53 UTC | sent_date_max=2026-05-05 11:56:49 UTC | last_updated_min=2026-05-05 14:37:59 UTC | last_updated_max=2026-05-05 14:44:49 UTC
[2026-05-18 23:24:50] Page processed | start=4201 | range_processed=4225 | range_created=3475 | range_updated=750 | range_skipped_no_hibob=0 | range_errors=0
[2026-05-18 23:24:50] Sleeping 3s before next page...
[2026-05-18 23:24:53] Requesting page | start=4226 | count=25 | date_start=05-01-2026T00:00:00+0000 | date_end=05-31-2026T23:59:59+0000
[2026-05-18 23:24:58] Page received | start=4226 | records=25 | hibob_records=1 | sent_date_min=2026-04-06 07:47:37 UTC | sent_date_max=2026-05-04 11:06:05 UTC | last_updated_min=2026-05-05 14:44:59 UTC | last_updated_max=2026-05-05 14:49:11 UTC
[2026-05-18 23:24:59] Page processed | start=4226 | range_processed=4250 | range_created=3484 | range_updated=766 | range_skipped_no_hibob=0 | range_errors=0
[2026-05-18 23:24:59] Sleeping 3s before next page...
[2026-05-18 23:25:02] Requesting page | start=4251 | count=25 | date_start=05-01-2026T00:00:00+0000 | date_end=05-31-2026T23:59:59+0000
[2026-05-18 23:25:07] Page received | start=4251 | records=25 | hibob_records=1 | sent_date_min=2026-03-12 05:22:03 UTC | sent_date_max=2026-05-05 14:52:22 UTC | last_updated_min=2026-05-05 14:49:23 UTC | last_updated_max=2026-05-05 14:54:20 UTC
[2026-05-18 23:25:07] Page processed | start=4251 | range_processed=4275 | range_created=3509 | range_updated=766 | range_skipped_no_hibob=0 | range_errors=0
[2026-05-18 23:25:07] Sleeping 3s before next page...
[2026-05-18 23:25:10] Requesting page | start=4276 | count=25 | date_start=05-01-2026T00:00:00+0000 | date_end=05-31-2026T23:59:59+0000
[2026-05-18 23:25:15] Page received | start=4276 | records=25 | hibob_records=0 | sent_date_min=2025-07-28 08:25:41 UTC | sent_date_max=2026-05-05 14:58:12 UTC | last_updated_min=2026-05-05 14:55:03 UTC | last_updated_max=2026-05-05 15:04:33 UTC
[2026-05-18 23:25:15] Page processed | start=4276 | range_processed=4300 | range_created=3532 | range_updated=768 | range_skipped_no_hibob=0 | range_errors=0
[2026-05-18 23:25:15] Sleeping 3s before next page...
[2026-05-18 23:25:18] Requesting page | start=4301 | count=25 | date_start=05-01-2026T00:00:00+0000 | date_end=05-31-2026T23:59:59+0000
[2026-05-18 23:25:24] Page received | start=4301 | records=25 | hibob_records=2 | sent_date_min=2025-08-06 19:22:13 UTC | sent_date_max=2026-05-05 15:07:56 UTC | last_updated_min=2026-05-05 15:04:38 UTC | last_updated_max=2026-05-05 15:10:19 UTC
[2026-05-18 23:25:25] Page processed | start=4301 | range_processed=4325 | range_created=3548 | range_updated=777 | range_skipped_no_hibob=0 | range_errors=0
[2026-05-18 23:25:25] Sleeping 3s before next page...
[2026-05-18 23:25:28] Requesting page | start=4326 | count=25 | date_start=05-01-2026T00:00:00+0000 | date_end=05-31-2026T23:59:59+0000
[2026-05-18 23:25:32] Page received | start=4326 | records=25 | hibob_records=1 | sent_date_min=2025-05-20 01:26:06 UTC | sent_date_max=2026-05-05 15:16:16 UTC | last_updated_min=2026-05-05 15:10:35 UTC | last_updated_max=2026-05-05 15:17:55 UTC
[2026-05-18 23:25:32] Page processed | start=4326 | range_processed=4350 | range_created=3560 | range_updated=790 | range_skipped_no_hibob=0 | range_errors=0
[2026-05-18 23:25:32] Sleeping 3s before next page...
[2026-05-18 23:25:35] Requesting page | start=4351 | count=25 | date_start=05-01-2026T00:00:00+0000 | date_end=05-31-2026T23:59:59+0000
[2026-05-18 23:25:40] Page received | start=4351 | records=25 | hibob_records=0 | sent_date_min=2025-07-28 17:37:31 UTC | sent_date_max=2026-05-05 15:22:38 UTC | last_updated_min=2026-05-05 15:18:12 UTC | last_updated_max=2026-05-05 15:24:40 UTC
[2026-05-18 23:25:40] Page processed | start=4351 | range_processed=4375 | range_created=3578 | range_updated=797 | range_skipped_no_hibob=0 | range_errors=0
[2026-05-18 23:25:40] Sleeping 3s before next page...
[2026-05-18 23:25:43] Requesting page | start=4376 | count=25 | date_start=05-01-2026T00:00:00+0000 | date_end=05-31-2026T23:59:59+0000
[2026-05-18 23:25:48] Page received | start=4376 | records=25 | hibob_records=0 | sent_date_min=2025-07-22 03:07:33 UTC | sent_date_max=2026-05-05 06:27:50 UTC | last_updated_min=2026-05-05 15:24:42 UTC | last_updated_max=2026-05-05 15:31:37 UTC
[2026-05-18 23:25:48] Page processed | start=4376 | range_processed=4400 | range_created=3596 | range_updated=804 | range_skipped_no_hibob=0 | range_errors=0
[2026-05-18 23:25:48] Sleeping 3s before next page...
[2026-05-18 23:25:51] Requesting page | start=4401 | count=25 | date_start=05-01-2026T00:00:00+0000 | date_end=05-31-2026T23:59:59+0000
[2026-05-18 23:25:55] Page received | start=4401 | records=25 | hibob_records=1 | sent_date_min=2025-10-14 17:09:07 UTC | sent_date_max=2026-05-05 15:37:31 UTC | last_updated_min=2026-05-05 15:31:39 UTC | last_updated_max=2026-05-05 15:37:35 UTC
[2026-05-18 23:25:56] Page processed | start=4401 | range_processed=4425 | range_created=3609 | range_updated=816 | range_skipped_no_hibob=0 | range_errors=0
[2026-05-18 23:25:56] Sleeping 3s before next page...
[2026-05-18 23:25:59] Requesting page | start=4426 | count=25 | date_start=05-01-2026T00:00:00+0000 | date_end=05-31-2026T23:59:59+0000
[2026-05-18 23:26:04] Page received | start=4426 | records=25 | hibob_records=0 | sent_date_min=2025-07-03 16:37:37 UTC | sent_date_max=2026-05-05 15:38:22 UTC | last_updated_min=2026-05-05 15:37:43 UTC | last_updated_max=2026-05-05 15:48:18 UTC
[2026-05-18 23:26:04] Page processed | start=4426 | range_processed=4450 | range_created=3620 | range_updated=830 | range_skipped_no_hibob=0 | range_errors=0
[2026-05-18 23:26:04] Sleeping 3s before next page...
[2026-05-18 23:26:07] Requesting page | start=4451 | count=25 | date_start=05-01-2026T00:00:00+0000 | date_end=05-31-2026T23:59:59+0000
[2026-05-18 23:26:11] Page received | start=4451 | records=25 | hibob_records=1 | sent_date_min=2025-06-15 08:01:06 UTC | sent_date_max=2026-05-05 15:53:11 UTC | last_updated_min=2026-05-05 15:48:40 UTC | last_updated_max=2026-05-05 15:55:00 UTC
[2026-05-18 23:26:12] Page processed | start=4451 | range_processed=4475 | range_created=3636 | range_updated=839 | range_skipped_no_hibob=0 | range_errors=0
[2026-05-18 23:26:12] Sleeping 3s before next page...
[2026-05-18 23:26:15] Requesting page | start=4476 | count=25 | date_start=05-01-2026T00:00:00+0000 | date_end=05-31-2026T23:59:59+0000
[2026-05-18 23:26:26] Page received | start=4476 | records=25 | hibob_records=2 | sent_date_min=2025-10-12 18:07:20 UTC | sent_date_max=2026-05-05 16:03:04 UTC | last_updated_min=2026-05-05 15:55:14 UTC | last_updated_max=2026-05-05 16:05:10 UTC
[2026-05-18 23:26:26] Page processed | start=4476 | range_processed=4500 | range_created=3658 | range_updated=842 | range_skipped_no_hibob=0 | range_errors=0
[2026-05-18 23:26:26] Sleeping 3s before next page...
[2026-05-18 23:26:29] Requesting page | start=4501 | count=25 | date_start=05-01-2026T00:00:00+0000 | date_end=05-31-2026T23:59:59+0000
[2026-05-18 23:26:33] Page received | start=4501 | records=25 | hibob_records=3 | sent_date_min=2025-08-23 16:22:23 UTC | sent_date_max=2026-05-05 16:10:16 UTC | last_updated_min=2026-05-05 16:05:36 UTC | last_updated_max=2026-05-05 16:12:58 UTC
[2026-05-18 23:26:34] Page processed | start=4501 | range_processed=4525 | range_created=3671 | range_updated=854 | range_skipped_no_hibob=0 | range_errors=0
[2026-05-18 23:26:34] Sleeping 3s before next page...
[2026-05-18 23:26:37] Requesting page | start=4526 | count=25 | date_start=05-01-2026T00:00:00+0000 | date_end=05-31-2026T23:59:59+0000
[2026-05-18 23:26:42] Page received | start=4526 | records=25 | hibob_records=2 | sent_date_min=2025-06-06 14:42:06 UTC | sent_date_max=2026-05-05 16:13:09 UTC | last_updated_min=2026-05-05 16:13:09 UTC | last_updated_max=2026-05-05 16:18:59 UTC
[2026-05-18 23:26:42] Page processed | start=4526 | range_processed=4550 | range_created=3691 | range_updated=859 | range_skipped_no_hibob=0 | range_errors=0
[2026-05-18 23:26:42] Sleeping 3s before next page...
[2026-05-18 23:26:45] Requesting page | start=4551 | count=25 | date_start=05-01-2026T00:00:00+0000 | date_end=05-31-2026T23:59:59+0000
[2026-05-18 23:26:50] Page received | start=4551 | records=25 | hibob_records=1 | sent_date_min=2025-06-27 00:37:22 UTC | sent_date_max=2026-05-05 16:22:57 UTC | last_updated_min=2026-05-05 16:19:22 UTC | last_updated_max=2026-05-05 16:23:37 UTC
[2026-05-18 23:26:50] Page processed | start=4551 | range_processed=4575 | range_created=3712 | range_updated=863 | range_skipped_no_hibob=0 | range_errors=0
[2026-05-18 23:26:50] Sleeping 3s before next page...
[2026-05-18 23:26:53] Requesting page | start=4576 | count=25 | date_start=05-01-2026T00:00:00+0000 | date_end=05-31-2026T23:59:59+0000
[2026-05-18 23:26:57] Page received | start=4576 | records=25 | hibob_records=1 | sent_date_min=2025-09-24 21:22:24 UTC | sent_date_max=2026-05-05 16:26:34 UTC | last_updated_min=2026-05-05 16:23:47 UTC | last_updated_max=2026-05-05 16:31:21 UTC
[2026-05-18 23:26:57] Page processed | start=4576 | range_processed=4600 | range_created=3732 | range_updated=868 | range_skipped_no_hibob=0 | range_errors=0
[2026-05-18 23:26:57] Sleeping 3s before next page...
[2026-05-18 23:27:00] Requesting page | start=4601 | count=25 | date_start=05-01-2026T00:00:00+0000 | date_end=05-31-2026T23:59:59+0000
[2026-05-18 23:27:06] Page received | start=4601 | records=25 | hibob_records=0 | sent_date_min=2025-10-14 10:08:00 UTC | sent_date_max=2026-05-05 16:40:00 UTC | last_updated_min=2026-05-05 16:31:45 UTC | last_updated_max=2026-05-05 16:42:39 UTC
[2026-05-18 23:27:06] Page processed | start=4601 | range_processed=4625 | range_created=3753 | range_updated=872 | range_skipped_no_hibob=0 | range_errors=0
[2026-05-18 23:27:06] Sleeping 3s before next page...
[2026-05-18 23:27:09] Requesting page | start=4626 | count=25 | date_start=05-01-2026T00:00:00+0000 | date_end=05-31-2026T23:59:59+0000
[2026-05-18 23:27:14] Page received | start=4626 | records=25 | hibob_records=3 | sent_date_min=2026-03-24 01:48:22 UTC | sent_date_max=2026-05-05 16:58:41 UTC | last_updated_min=2026-05-05 16:43:55 UTC | last_updated_max=2026-05-05 16:58:41 UTC
[2026-05-18 23:27:15] Page processed | start=4626 | range_processed=4650 | range_created=3778 | range_updated=872 | range_skipped_no_hibob=0 | range_errors=0
[2026-05-18 23:27:15] Sleeping 3s before next page...
[2026-05-18 23:27:18] Requesting page | start=4651 | count=25 | date_start=05-01-2026T00:00:00+0000 | date_end=05-31-2026T23:59:59+0000
[2026-05-18 23:27:25] Page received | start=4651 | records=25 | hibob_records=4 | sent_date_min=2026-03-19 16:00:22 UTC | sent_date_max=2026-05-05 17:37:06 UTC | last_updated_min=2026-05-05 17:00:17 UTC | last_updated_max=2026-05-05 17:37:06 UTC
[2026-05-18 23:27:25] Page processed | start=4651 | range_processed=4675 | range_created=3803 | range_updated=872 | range_skipped_no_hibob=0 | range_errors=0
[2026-05-18 23:27:25] Sleeping 3s before next page...
[2026-05-18 23:27:28] Requesting page | start=4676 | count=25 | date_start=05-01-2026T00:00:00+0000 | date_end=05-31-2026T23:59:59+0000
[2026-05-18 23:27:33] Page received | start=4676 | records=25 | hibob_records=1 | sent_date_min=2026-03-17 23:22:16 UTC | sent_date_max=2026-05-05 18:25:36 UTC | last_updated_min=2026-05-05 17:51:01 UTC | last_updated_max=2026-05-05 18:34:51 UTC
[2026-05-18 23:27:33] Page processed | start=4676 | range_processed=4700 | range_created=3828 | range_updated=872 | range_skipped_no_hibob=0 | range_errors=0
[2026-05-18 23:27:33] Sleeping 3s before next page...
[2026-05-18 23:27:36] Requesting page | start=4701 | count=25 | date_start=05-01-2026T00:00:00+0000 | date_end=05-31-2026T23:59:59+0000
[2026-05-18 23:27:42] Page received | start=4701 | records=25 | hibob_records=0 | sent_date_min=2026-02-25 14:25:20 UTC | sent_date_max=2026-05-05 18:37:20 UTC | last_updated_min=2026-05-05 18:37:20 UTC | last_updated_max=2026-05-05 18:46:49 UTC
[2026-05-18 23:27:42] Page processed | start=4701 | range_processed=4725 | range_created=3852 | range_updated=873 | range_skipped_no_hibob=0 | range_errors=0
[2026-05-18 23:27:42] Sleeping 3s before next page...
[2026-05-18 23:27:45] Requesting page | start=4726 | count=25 | date_start=05-01-2026T00:00:00+0000 | date_end=05-31-2026T23:59:59+0000
[2026-05-18 23:27:51] Page received | start=4726 | records=25 | hibob_records=3 | sent_date_min=2026-03-24 13:53:38 UTC | sent_date_max=2026-05-04 12:58:11 UTC | last_updated_min=2026-05-05 18:46:49 UTC | last_updated_max=2026-05-05 18:47:20 UTC
[2026-05-18 23:27:51] Page processed | start=4726 | range_processed=4750 | range_created=3875 | range_updated=875 | range_skipped_no_hibob=0 | range_errors=0
[2026-05-18 23:27:51] Sleeping 3s before next page...
[2026-05-18 23:27:54] Requesting page | start=4751 | count=25 | date_start=05-01-2026T00:00:00+0000 | date_end=05-31-2026T23:59:59+0000
[2026-05-18 23:27:58] Page received | start=4751 | records=25 | hibob_records=2 | sent_date_min=2026-02-17 19:38:05 UTC | sent_date_max=2026-04-14 08:07:20 UTC | last_updated_min=2026-05-05 18:47:20 UTC | last_updated_max=2026-05-05 18:47:54 UTC
[2026-05-18 23:27:58] Page processed | start=4751 | range_processed=4775 | range_created=3900 | range_updated=875 | range_skipped_no_hibob=0 | range_errors=0
[2026-05-18 23:27:58] Sleeping 3s before next page...
[2026-05-18 23:28:01] Requesting page | start=4776 | count=25 | date_start=05-01-2026T00:00:00+0000 | date_end=05-31-2026T23:59:59+0000
[2026-05-18 23:28:09] Page received | start=4776 | records=25 | hibob_records=1 | sent_date_min=2026-02-18 12:58:20 UTC | sent_date_max=2026-05-05 18:48:10 UTC | last_updated_min=2026-05-05 18:47:54 UTC | last_updated_max=2026-05-05 18:50:47 UTC
[2026-05-18 23:28:09] Page processed | start=4776 | range_processed=4800 | range_created=3923 | range_updated=877 | range_skipped_no_hibob=0 | range_errors=0
[2026-05-18 23:28:09] Sleeping 3s before next page...
[2026-05-18 23:28:12] Requesting page | start=4801 | count=25 | date_start=05-01-2026T00:00:00+0000 | date_end=05-31-2026T23:59:59+0000
[2026-05-18 23:28:17] Page received | start=4801 | records=25 | hibob_records=0 | sent_date_min=2026-02-18 10:37:31 UTC | sent_date_max=2026-05-05 18:52:47 UTC | last_updated_min=2026-05-05 18:52:22 UTC | last_updated_max=2026-05-05 19:02:06 UTC
[2026-05-18 23:28:18] Page processed | start=4801 | range_processed=4825 | range_created=3930 | range_updated=895 | range_skipped_no_hibob=0 | range_errors=0
[2026-05-18 23:28:18] Sleeping 3s before next page...
[2026-05-18 23:28:21] Requesting page | start=4826 | count=25 | date_start=05-01-2026T00:00:00+0000 | date_end=05-31-2026T23:59:59+0000
[2026-05-18 23:28:26] Page received | start=4826 | records=25 | hibob_records=3 | sent_date_min=2026-02-26 14:37:57 UTC | sent_date_max=2026-05-05 19:23:32 UTC | last_updated_min=2026-05-05 19:02:07 UTC | last_updated_max=2026-05-05 19:23:32 UTC
[2026-05-18 23:28:26] Page processed | start=4826 | range_processed=4850 | range_created=3954 | range_updated=896 | range_skipped_no_hibob=0 | range_errors=0
[2026-05-18 23:28:26] Sleeping 3s before next page...
[2026-05-18 23:28:29] Requesting page | start=4851 | count=25 | date_start=05-01-2026T00:00:00+0000 | date_end=05-31-2026T23:59:59+0000
[2026-05-18 23:28:34] Page received | start=4851 | records=25 | hibob_records=7 | sent_date_min=2026-03-31 20:55:59 UTC | sent_date_max=2026-05-05 19:37:49 UTC | last_updated_min=2026-05-05 19:30:04 UTC | last_updated_max=2026-05-05 19:43:40 UTC
[2026-05-18 23:28:34] Page processed | start=4851 | range_processed=4875 | range_created=3979 | range_updated=896 | range_skipped_no_hibob=0 | range_errors=0
[2026-05-18 23:28:34] Sleeping 3s before next page...
[2026-05-18 23:28:37] Requesting page | start=4876 | count=25 | date_start=05-01-2026T00:00:00+0000 | date_end=05-31-2026T23:59:59+0000
[2026-05-18 23:28:43] Page received | start=4876 | records=25 | hibob_records=6 | sent_date_min=2026-02-25 12:40:46 UTC | sent_date_max=2026-05-05 20:03:09 UTC | last_updated_min=2026-05-05 19:45:56 UTC | last_updated_max=2026-05-05 20:03:09 UTC
[2026-05-18 23:28:44] Page processed | start=4876 | range_processed=4900 | range_created=4004 | range_updated=896 | range_skipped_no_hibob=0 | range_errors=0
[2026-05-18 23:28:44] Sleeping 3s before next page...
[2026-05-18 23:28:47] Requesting page | start=4901 | count=25 | date_start=05-01-2026T00:00:00+0000 | date_end=05-31-2026T23:59:59+0000
[2026-05-18 23:28:52] Page received | start=4901 | records=25 | hibob_records=6 | sent_date_min=2026-02-18 23:08:01 UTC | sent_date_max=2026-05-05 20:37:04 UTC | last_updated_min=2026-05-05 20:03:32 UTC | last_updated_max=2026-05-05 20:50:39 UTC
[2026-05-18 23:28:52] Page processed | start=4901 | range_processed=4925 | range_created=4029 | range_updated=896 | range_skipped_no_hibob=0 | range_errors=0
[2026-05-18 23:28:52] Sleeping 3s before next page...
[2026-05-18 23:28:55] Requesting page | start=4926 | count=25 | date_start=05-01-2026T00:00:00+0000 | date_end=05-31-2026T23:59:59+0000
[2026-05-18 23:29:00] Page received | start=4926 | records=25 | hibob_records=3 | sent_date_min=2026-04-07 21:07:21 UTC | sent_date_max=2026-05-05 21:53:14 UTC | last_updated_min=2026-05-05 20:57:22 UTC | last_updated_max=2026-05-05 22:21:39 UTC
[2026-05-18 23:29:00] Page processed | start=4926 | range_processed=4950 | range_created=4054 | range_updated=896 | range_skipped_no_hibob=0 | range_errors=0
[2026-05-18 23:29:00] Sleeping 3s before next page...
[2026-05-18 23:29:03] Requesting page | start=4951 | count=25 | date_start=05-01-2026T00:00:00+0000 | date_end=05-31-2026T23:59:59+0000
[2026-05-18 23:29:08] Page received | start=4951 | records=25 | hibob_records=3 | sent_date_min=2026-02-18 12:38:51 UTC | sent_date_max=2026-05-06 01:07:14 UTC | last_updated_min=2026-05-05 22:22:09 UTC | last_updated_max=2026-05-06 01:07:14 UTC
[2026-05-18 23:29:08] Page processed | start=4951 | range_processed=4975 | range_created=4077 | range_updated=898 | range_skipped_no_hibob=0 | range_errors=0
[2026-05-18 23:29:08] Sleeping 3s before next page...
[2026-05-18 23:29:11] Requesting page | start=4976 | count=25 | date_start=05-01-2026T00:00:00+0000 | date_end=05-31-2026T23:59:59+0000
[2026-05-18 23:29:16] Page received | start=4976 | records=25 | hibob_records=1 | sent_date_min=2026-04-29 23:56:59 UTC | sent_date_max=2026-05-06 06:07:43 UTC | last_updated_min=2026-05-06 01:15:08 UTC | last_updated_max=2026-05-06 06:07:43 UTC
[2026-05-18 23:29:16] Page processed | start=4976 | range_processed=5000 | range_created=4102 | range_updated=898 | range_skipped_no_hibob=0 | range_errors=0
[2026-05-18 23:29:16] Sleeping 3s before next page...
[2026-05-18 23:29:19] Requesting page | start=5001 | count=25 | date_start=05-01-2026T00:00:00+0000 | date_end=05-31-2026T23:59:59+0000
[2026-05-18 23:29:25] Page received | start=5001 | records=25 | hibob_records=2 | sent_date_min=2026-01-23 10:56:39 UTC | sent_date_max=2026-05-06 07:37:25 UTC | last_updated_min=2026-05-06 06:13:56 UTC | last_updated_max=2026-05-06 07:37:25 UTC
[2026-05-18 23:29:25] Page processed | start=5001 | range_processed=5025 | range_created=4126 | range_updated=899 | range_skipped_no_hibob=0 | range_errors=0
[2026-05-18 23:29:25] Sleeping 3s before next page...
[2026-05-18 23:29:28] Requesting page | start=5026 | count=25 | date_start=05-01-2026T00:00:00+0000 | date_end=05-31-2026T23:59:59+0000
[2026-05-18 23:29:33] Page received | start=5026 | records=25 | hibob_records=3 | sent_date_min=2025-10-06 23:07:57 UTC | sent_date_max=2026-05-06 07:52:09 UTC | last_updated_min=2026-05-06 07:37:34 UTC | last_updated_max=2026-05-06 07:59:36 UTC
[2026-05-18 23:29:34] Page processed | start=5026 | range_processed=5050 | range_created=4149 | range_updated=901 | range_skipped_no_hibob=0 | range_errors=0
[2026-05-18 23:29:34] Sleeping 3s before next page...
[2026-05-18 23:29:37] Requesting page | start=5051 | count=25 | date_start=05-01-2026T00:00:00+0000 | date_end=05-31-2026T23:59:59+0000
[2026-05-18 23:29:42] Page received | start=5051 | records=25 | hibob_records=7 | sent_date_min=2026-04-24 08:55:36 UTC | sent_date_max=2026-05-06 08:22:46 UTC | last_updated_min=2026-05-06 07:59:55 UTC | last_updated_max=2026-05-06 08:28:16 UTC
[2026-05-18 23:29:42] Page processed | start=5051 | range_processed=5075 | range_created=4174 | range_updated=901 | range_skipped_no_hibob=0 | range_errors=0
[2026-05-18 23:29:42] Sleeping 3s before next page...
[2026-05-18 23:29:45] Requesting page | start=5076 | count=25 | date_start=05-01-2026T00:00:00+0000 | date_end=05-31-2026T23:59:59+0000
[2026-05-18 23:29:49] Page received | start=5076 | records=25 | hibob_records=2 | sent_date_min=2025-07-24 16:48:46 UTC | sent_date_max=2026-05-06 08:54:48 UTC | last_updated_min=2026-05-06 08:28:23 UTC | last_updated_max=2026-05-06 08:56:33 UTC
[2026-05-18 23:29:49] Page processed | start=5076 | range_processed=5100 | range_created=4197 | range_updated=903 | range_skipped_no_hibob=0 | range_errors=0
[2026-05-18 23:29:49] Sleeping 3s before next page...
[2026-05-18 23:29:52] Requesting page | start=5101 | count=25 | date_start=05-01-2026T00:00:00+0000 | date_end=05-31-2026T23:59:59+0000
[2026-05-18 23:29:57] Page received | start=5101 | records=25 | hibob_records=5 | sent_date_min=2025-09-01 09:59:08 UTC | sent_date_max=2026-05-06 09:07:24 UTC | last_updated_min=2026-05-06 08:56:57 UTC | last_updated_max=2026-05-06 09:23:13 UTC
[2026-05-18 23:29:57] Page processed | start=5101 | range_processed=5125 | range_created=4220 | range_updated=905 | range_skipped_no_hibob=0 | range_errors=0
[2026-05-18 23:29:57] Sleeping 3s before next page...
[2026-05-18 23:30:00] Requesting page | start=5126 | count=25 | date_start=05-01-2026T00:00:00+0000 | date_end=05-31-2026T23:59:59+0000
[2026-05-18 23:30:05] Page received | start=5126 | records=25 | hibob_records=5 | sent_date_min=2025-06-19 14:07:05 UTC | sent_date_max=2026-05-06 09:45:29 UTC | last_updated_min=2026-05-06 09:23:49 UTC | last_updated_max=2026-05-06 09:48:48 UTC
[2026-05-18 23:30:05] Page processed | start=5126 | range_processed=5150 | range_created=4243 | range_updated=907 | range_skipped_no_hibob=0 | range_errors=0
[2026-05-18 23:30:05] Sleeping 3s before next page...
[2026-05-18 23:30:08] Requesting page | start=5151 | count=25 | date_start=05-01-2026T00:00:00+0000 | date_end=05-31-2026T23:59:59+0000
[2026-05-18 23:30:13] Page received | start=5151 | records=25 | hibob_records=6 | sent_date_min=2025-07-15 13:37:51 UTC | sent_date_max=2026-05-06 10:22:20 UTC | last_updated_min=2026-05-06 09:50:11 UTC | last_updated_max=2026-05-06 10:30:04 UTC
[2026-05-18 23:30:13] Page processed | start=5151 | range_processed=5175 | range_created=4265 | range_updated=910 | range_skipped_no_hibob=0 | range_errors=0
[2026-05-18 23:30:13] Sleeping 3s before next page...
[2026-05-18 23:30:16] Requesting page | start=5176 | count=25 | date_start=05-01-2026T00:00:00+0000 | date_end=05-31-2026T23:59:59+0000
[2026-05-18 23:30:21] Page received | start=5176 | records=25 | hibob_records=2 | sent_date_min=2025-03-24 23:24:16 UTC | sent_date_max=2026-05-06 11:07:52 UTC | last_updated_min=2026-05-06 10:31:31 UTC | last_updated_max=2026-05-06 11:12:56 UTC
[2026-05-18 23:30:21] Page processed | start=5176 | range_processed=5200 | range_created=4290 | range_updated=910 | range_skipped_no_hibob=0 | range_errors=0
[2026-05-18 23:30:21] Sleeping 3s before next page...
[2026-05-18 23:30:24] Requesting page | start=5201 | count=25 | date_start=05-01-2026T00:00:00+0000 | date_end=05-31-2026T23:59:59+0000
[2026-05-18 23:30:30] Page received | start=5201 | records=25 | hibob_records=1 | sent_date_min=2025-02-22 06:19:34 UTC | sent_date_max=2025-05-26 06:52:30 UTC | last_updated_min=2026-05-06 11:12:56 UTC | last_updated_max=2026-05-06 11:14:13 UTC
[2026-05-18 23:30:30] Page processed | start=5201 | range_processed=5225 | range_created=4315 | range_updated=910 | range_skipped_no_hibob=0 | range_errors=0
[2026-05-18 23:30:30] Sleeping 3s before next page...
[2026-05-18 23:30:33] Requesting page | start=5226 | count=25 | date_start=05-01-2026T00:00:00+0000 | date_end=05-31-2026T23:59:59+0000
[2026-05-18 23:30:37] Page received | start=5226 | records=25 | hibob_records=7 | sent_date_min=2025-02-22 06:22:39 UTC | sent_date_max=2026-05-06 11:22:10 UTC | last_updated_min=2026-05-06 11:14:13 UTC | last_updated_max=2026-05-06 11:30:04 UTC
[2026-05-18 23:30:38] Page processed | start=5226 | range_processed=5250 | range_created=4340 | range_updated=910 | range_skipped_no_hibob=0 | range_errors=0
[2026-05-18 23:30:38] Sleeping 3s before next page...
[2026-05-18 23:30:41] Requesting page | start=5251 | count=25 | date_start=05-01-2026T00:00:00+0000 | date_end=05-31-2026T23:59:59+0000
[2026-05-18 23:30:45] Page received | start=5251 | records=25 | hibob_records=10 | sent_date_min=2026-04-23 21:51:51 UTC | sent_date_max=2026-05-06 11:37:15 UTC | last_updated_min=2026-05-06 11:30:04 UTC | last_updated_max=2026-05-06 11:41:38 UTC
[2026-05-18 23:30:46] Page processed | start=5251 | range_processed=5275 | range_created=4365 | range_updated=910 | range_skipped_no_hibob=0 | range_errors=0
[2026-05-18 23:30:46] Sleeping 3s before next page...
[2026-05-18 23:30:49] Requesting page | start=5276 | count=25 | date_start=05-01-2026T00:00:00+0000 | date_end=05-31-2026T23:59:59+0000
[2026-05-18 23:30:54] Page received | start=5276 | records=25 | hibob_records=7 | sent_date_min=2026-01-28 17:08:19 UTC | sent_date_max=2026-05-06 11:52:46 UTC | last_updated_min=2026-05-06 11:41:38 UTC | last_updated_max=2026-05-06 11:59:50 UTC
[2026-05-18 23:30:54] Page processed | start=5276 | range_processed=5300 | range_created=4390 | range_updated=910 | range_skipped_no_hibob=0 | range_errors=0
[2026-05-18 23:30:54] Sleeping 3s before next page...
[2026-05-18 23:30:58] Requesting page | start=5301 | count=25 | date_start=05-01-2026T00:00:00+0000 | date_end=05-31-2026T23:59:59+0000
[2026-05-18 23:31:02] Page received | start=5301 | records=25 | hibob_records=1 | sent_date_min=2026-01-20 21:38:30 UTC | sent_date_max=2026-05-06 00:07:17 UTC | last_updated_min=2026-05-06 11:59:51 UTC | last_updated_max=2026-05-06 12:01:00 UTC
[2026-05-18 23:31:02] Page processed | start=5301 | range_processed=5325 | range_created=4413 | range_updated=912 | range_skipped_no_hibob=0 | range_errors=0
[2026-05-18 23:31:02] Sleeping 3s before next page...
[2026-05-18 23:31:05] Requesting page | start=5326 | count=25 | date_start=05-01-2026T00:00:00+0000 | date_end=05-31-2026T23:59:59+0000
[2026-05-18 23:31:10] Page received | start=5326 | records=25 | hibob_records=3 | sent_date_min=2024-10-09 10:38:30 UTC | sent_date_max=2026-05-06 12:07:52 UTC | last_updated_min=2026-05-06 12:01:46 UTC | last_updated_max=2026-05-06 12:08:12 UTC
[2026-05-18 23:31:10] Page processed | start=5326 | range_processed=5350 | range_created=4437 | range_updated=913 | range_skipped_no_hibob=0 | range_errors=0
[2026-05-18 23:31:10] Sleeping 3s before next page...
[2026-05-18 23:31:13] Requesting page | start=5351 | count=25 | date_start=05-01-2026T00:00:00+0000 | date_end=05-31-2026T23:59:59+0000
[2026-05-18 23:31:19] Page received | start=5351 | records=25 | hibob_records=4 | sent_date_min=2025-06-02 14:12:38 UTC | sent_date_max=2026-05-05 15:54:22 UTC | last_updated_min=2026-05-06 12:09:21 UTC | last_updated_max=2026-05-06 12:21:15 UTC
[2026-05-18 23:31:19] Page processed | start=5351 | range_processed=5375 | range_created=4460 | range_updated=915 | range_skipped_no_hibob=0 | range_errors=0
[2026-05-18 23:31:19] Sleeping 3s before next page...
[2026-05-18 23:31:22] Requesting page | start=5376 | count=25 | date_start=05-01-2026T00:00:00+0000 | date_end=05-31-2026T23:59:59+0000
[2026-05-18 23:31:27] Page received | start=5376 | records=25 | hibob_records=6 | sent_date_min=2025-08-10 00:37:18 UTC | sent_date_max=2026-05-06 12:23:00 UTC | last_updated_min=2026-05-06 12:21:30 UTC | last_updated_max=2026-05-06 12:30:04 UTC
[2026-05-18 23:31:27] Page processed | start=5376 | range_processed=5400 | range_created=4482 | range_updated=918 | range_skipped_no_hibob=0 | range_errors=0
[2026-05-18 23:31:27] Sleeping 3s before next page...
[2026-05-18 23:31:30] Requesting page | start=5401 | count=25 | date_start=05-01-2026T00:00:00+0000 | date_end=05-31-2026T23:59:59+0000
[2026-05-18 23:31:36] Page received | start=5401 | records=25 | hibob_records=4 | sent_date_min=2026-03-05 05:28:29 UTC | sent_date_max=2026-05-04 13:52:17 UTC | last_updated_min=2026-05-06 12:30:04 UTC | last_updated_max=2026-05-06 12:31:52 UTC
[2026-05-18 23:31:36] Page processed | start=5401 | range_processed=5425 | range_created=4507 | range_updated=918 | range_skipped_no_hibob=0 | range_errors=0
[2026-05-18 23:31:36] Sleeping 3s before next page...
[2026-05-18 23:31:39] Requesting page | start=5426 | count=25 | date_start=05-01-2026T00:00:00+0000 | date_end=05-31-2026T23:59:59+0000
[2026-05-18 23:31:45] Page received | start=5426 | records=25 | hibob_records=0 | sent_date_min=2025-10-15 10:52:25 UTC | sent_date_max=2026-05-06 12:37:13 UTC | last_updated_min=2026-05-06 12:36:11 UTC | last_updated_max=2026-05-06 12:50:19 UTC
[2026-05-18 23:31:46] Page processed | start=5426 | range_processed=5450 | range_created=4532 | range_updated=918 | range_skipped_no_hibob=0 | range_errors=0
[2026-05-18 23:31:46] Sleeping 3s before next page...
[2026-05-18 23:31:49] Requesting page | start=5451 | count=25 | date_start=05-01-2026T00:00:00+0000 | date_end=05-31-2026T23:59:59+0000
[2026-05-18 23:31:53] Page received | start=5451 | records=25 | hibob_records=5 | sent_date_min=2025-11-03 09:39:58 UTC | sent_date_max=2026-05-06 12:52:33 UTC | last_updated_min=2026-05-06 12:50:53 UTC | last_updated_max=2026-05-06 13:00:04 UTC
[2026-05-18 23:31:53] Page processed | start=5451 | range_processed=5475 | range_created=4557 | range_updated=918 | range_skipped_no_hibob=0 | range_errors=0
[2026-05-18 23:31:53] Sleeping 3s before next page...
[2026-05-18 23:31:56] Requesting page | start=5476 | count=25 | date_start=05-01-2026T00:00:00+0000 | date_end=05-31-2026T23:59:59+0000
[2026-05-18 23:32:01] Page received | start=5476 | records=25 | hibob_records=5 | sent_date_min=2026-01-01 14:39:11 UTC | sent_date_max=2026-05-04 11:15:57 UTC | last_updated_min=2026-05-06 13:00:04 UTC | last_updated_max=2026-05-06 13:06:17 UTC
[2026-05-18 23:32:01] Page processed | start=5476 | range_processed=5500 | range_created=4579 | range_updated=921 | range_skipped_no_hibob=0 | range_errors=0
[2026-05-18 23:32:01] Sleeping 3s before next page...
[2026-05-18 23:32:04] Requesting page | start=5501 | count=25 | date_start=05-01-2026T00:00:00+0000 | date_end=05-31-2026T23:59:59+0000
[2026-05-18 23:32:09] Page received | start=5501 | records=25 | hibob_records=8 | sent_date_min=2026-01-07 15:00:31 UTC | sent_date_max=2026-05-06 13:07:35 UTC | last_updated_min=2026-05-06 13:06:17 UTC | last_updated_max=2026-05-06 13:18:19 UTC
[2026-05-18 23:32:09] Page processed | start=5501 | range_processed=5525 | range_created=4602 | range_updated=923 | range_skipped_no_hibob=0 | range_errors=0
[2026-05-18 23:32:09] Sleeping 3s before next page...
[2026-05-18 23:32:12] Requesting page | start=5526 | count=25 | date_start=05-01-2026T00:00:00+0000 | date_end=05-31-2026T23:59:59+0000
[2026-05-18 23:32:17] Page received | start=5526 | records=25 | hibob_records=5 | sent_date_min=2026-01-28 11:59:23 UTC | sent_date_max=2026-05-06 13:22:17 UTC | last_updated_min=2026-05-06 13:18:34 UTC | last_updated_max=2026-05-06 13:29:44 UTC
[2026-05-18 23:32:17] Page processed | start=5526 | range_processed=5550 | range_created=4624 | range_updated=926 | range_skipped_no_hibob=0 | range_errors=0
[2026-05-18 23:32:17] Sleeping 3s before next page...
[2026-05-18 23:32:20] Requesting page | start=5551 | count=25 | date_start=05-01-2026T00:00:00+0000 | date_end=05-31-2026T23:59:59+0000
[2026-05-18 23:32:24] Page received | start=5551 | records=25 | hibob_records=4 | sent_date_min=2026-01-30 09:17:29 UTC | sent_date_max=2026-05-06 13:38:03 UTC | last_updated_min=2026-05-06 13:29:45 UTC | last_updated_max=2026-05-06 13:38:40 UTC
[2026-05-18 23:32:24] Page processed | start=5551 | range_processed=5575 | range_created=4647 | range_updated=928 | range_skipped_no_hibob=0 | range_errors=0
[2026-05-18 23:32:24] Sleeping 3s before next page...
[2026-05-18 23:32:27] Requesting page | start=5576 | count=25 | date_start=05-01-2026T00:00:00+0000 | date_end=05-31-2026T23:59:59+0000
[2026-05-18 23:32:32] Page received | start=5576 | records=25 | hibob_records=2 | sent_date_min=2026-02-18 11:25:49 UTC | sent_date_max=2026-05-05 06:22:23 UTC | last_updated_min=2026-05-06 13:38:42 UTC | last_updated_max=2026-05-06 13:44:29 UTC
[2026-05-18 23:32:32] Page processed | start=5576 | range_processed=5600 | range_created=4671 | range_updated=929 | range_skipped_no_hibob=0 | range_errors=0
[2026-05-18 23:32:32] Sleeping 3s before next page...
[2026-05-18 23:32:35] Requesting page | start=5601 | count=25 | date_start=05-01-2026T00:00:00+0000 | date_end=05-31-2026T23:59:59+0000
[2026-05-18 23:32:40] Page received | start=5601 | records=25 | hibob_records=2 | sent_date_min=2025-12-24 10:29:12 UTC | sent_date_max=2026-05-06 13:46:14 UTC | last_updated_min=2026-05-06 13:44:46 UTC | last_updated_max=2026-05-06 14:11:29 UTC
[2026-05-18 23:32:41] Page processed | start=5601 | range_processed=5625 | range_created=4687 | range_updated=938 | range_skipped_no_hibob=0 | range_errors=0
[2026-05-18 23:32:41] Sleeping 3s before next page...
[2026-05-18 23:32:44] Requesting page | start=5626 | count=25 | date_start=05-01-2026T00:00:00+0000 | date_end=05-31-2026T23:59:59+0000
[2026-05-18 23:32:50] Page received | start=5626 | records=25 | hibob_records=3 | sent_date_min=2025-10-07 17:30:00 UTC | sent_date_max=2026-05-06 14:22:12 UTC | last_updated_min=2026-05-06 14:11:45 UTC | last_updated_max=2026-05-06 14:28:23 UTC
[2026-05-18 23:32:51] Page processed | start=5626 | range_processed=5650 | range_created=4709 | range_updated=941 | range_skipped_no_hibob=0 | range_errors=0
[2026-05-18 23:32:51] Sleeping 3s before next page...
[2026-05-18 23:32:54] Requesting page | start=5651 | count=25 | date_start=05-01-2026T00:00:00+0000 | date_end=05-31-2026T23:59:59+0000
[2026-05-18 23:32:58] Page received | start=5651 | records=25 | hibob_records=3 | sent_date_min=2024-11-24 21:08:12 UTC | sent_date_max=2026-05-06 14:49:24 UTC | last_updated_min=2026-05-06 14:28:59 UTC | last_updated_max=2026-05-06 14:49:24 UTC
[2026-05-18 23:32:58] Page processed | start=5651 | range_processed=5675 | range_created=4734 | range_updated=941 | range_skipped_no_hibob=0 | range_errors=0
[2026-05-18 23:32:58] Sleeping 3s before next page...
[2026-05-18 23:33:01] Requesting page | start=5676 | count=25 | date_start=05-01-2026T00:00:00+0000 | date_end=05-31-2026T23:59:59+0000
[2026-05-18 23:33:06] Page received | start=5676 | records=25 | hibob_records=0 | sent_date_min=2026-03-30 08:37:06 UTC | sent_date_max=2026-05-06 09:44:06 UTC | last_updated_min=2026-05-06 14:49:59 UTC | last_updated_max=2026-05-06 14:54:26 UTC
[2026-05-18 23:33:06] Page processed | start=5676 | range_processed=5700 | range_created=4758 | range_updated=942 | range_skipped_no_hibob=0 | range_errors=0
[2026-05-18 23:33:06] Sleeping 3s before next page...
[2026-05-18 23:33:09] Requesting page | start=5701 | count=25 | date_start=05-01-2026T00:00:00+0000 | date_end=05-31-2026T23:59:59+0000
[2026-05-18 23:33:14] Page received | start=5701 | records=25 | hibob_records=1 | sent_date_min=2025-05-08 17:12:01 UTC | sent_date_max=2026-05-06 13:21:16 UTC | last_updated_min=2026-05-06 14:54:26 UTC | last_updated_max=2026-05-06 15:01:39 UTC
[2026-05-18 23:33:14] Page processed | start=5701 | range_processed=5725 | range_created=4783 | range_updated=942 | range_skipped_no_hibob=0 | range_errors=0
[2026-05-18 23:33:14] Sleeping 3s before next page...
[2026-05-18 23:33:17] Requesting page | start=5726 | count=25 | date_start=05-01-2026T00:00:00+0000 | date_end=05-31-2026T23:59:59+0000
[2026-05-18 23:33:21] Page received | start=5726 | records=25 | hibob_records=3 | sent_date_min=2025-07-31 11:35:11 UTC | sent_date_max=2026-05-06 15:08:18 UTC | last_updated_min=2026-05-06 15:03:13 UTC | last_updated_max=2026-05-06 15:18:03 UTC
[2026-05-18 23:33:21] Page processed | start=5726 | range_processed=5750 | range_created=4807 | range_updated=943 | range_skipped_no_hibob=0 | range_errors=0
[2026-05-18 23:33:21] Sleeping 3s before next page...
[2026-05-18 23:33:24] Requesting page | start=5751 | count=25 | date_start=05-01-2026T00:00:00+0000 | date_end=05-31-2026T23:59:59+0000
[2026-05-18 23:33:30] Page received | start=5751 | records=25 | hibob_records=2 | sent_date_min=2025-07-01 14:30:32 UTC | sent_date_max=2026-05-06 15:52:43 UTC | last_updated_min=2026-05-06 15:18:17 UTC | last_updated_max=2026-05-06 15:52:43 UTC
[2026-05-18 23:33:30] Page processed | start=5751 | range_processed=5775 | range_created=4831 | range_updated=944 | range_skipped_no_hibob=0 | range_errors=0
[2026-05-18 23:33:30] Sleeping 3s before next page...
[2026-05-18 23:33:33] Requesting page | start=5776 | count=25 | date_start=05-01-2026T00:00:00+0000 | date_end=05-31-2026T23:59:59+0000
[2026-05-18 23:33:37] Page received | start=5776 | records=25 | hibob_records=4 | sent_date_min=2025-08-05 04:05:07 UTC | sent_date_max=2026-05-06 16:52:18 UTC | last_updated_min=2026-05-06 16:01:59 UTC | last_updated_max=2026-05-06 16:52:18 UTC
[2026-05-18 23:33:37] Page processed | start=5776 | range_processed=5800 | range_created=4855 | range_updated=945 | range_skipped_no_hibob=0 | range_errors=0
[2026-05-18 23:33:37] Sleeping 3s before next page...
[2026-05-18 23:33:40] Requesting page | start=5801 | count=25 | date_start=05-01-2026T00:00:00+0000 | date_end=05-31-2026T23:59:59+0000
[2026-05-18 23:33:47] Page received | start=5801 | records=25 | hibob_records=2 | sent_date_min=2026-03-01 15:07:12 UTC | sent_date_max=2026-05-06 17:22:17 UTC | last_updated_min=2026-05-06 17:04:02 UTC | last_updated_max=2026-05-06 17:27:43 UTC
[2026-05-18 23:33:47] Page processed | start=5801 | range_processed=5825 | range_created=4880 | range_updated=945 | range_skipped_no_hibob=0 | range_errors=0
[2026-05-18 23:33:47] Sleeping 3s before next page...
[2026-05-18 23:33:50] Requesting page | start=5826 | count=25 | date_start=05-01-2026T00:00:00+0000 | date_end=05-31-2026T23:59:59+0000
[2026-05-18 23:34:00] Page received | start=5826 | records=25 | hibob_records=7 | sent_date_min=2026-04-01 09:01:07 UTC | sent_date_max=2026-05-06 18:22:04 UTC | last_updated_min=2026-05-06 17:30:05 UTC | last_updated_max=2026-05-06 18:22:04 UTC
[2026-05-18 23:34:00] Page processed | start=5826 | range_processed=5850 | range_created=4904 | range_updated=946 | range_skipped_no_hibob=0 | range_errors=0
[2026-05-18 23:34:00] Sleeping 3s before next page...
[2026-05-18 23:34:03] Requesting page | start=5851 | count=25 | date_start=05-01-2026T00:00:00+0000 | date_end=05-31-2026T23:59:59+0000
[2026-05-18 23:34:09] Page received | start=5851 | records=25 | hibob_records=8 | sent_date_min=2026-02-25 18:52:08 UTC | sent_date_max=2026-05-06 18:52:50 UTC | last_updated_min=2026-05-06 18:22:09 UTC | last_updated_max=2026-05-06 19:11:11 UTC
[2026-05-18 23:34:09] Page processed | start=5851 | range_processed=5875 | range_created=4929 | range_updated=946 | range_skipped_no_hibob=0 | range_errors=0
[2026-05-18 23:34:09] Sleeping 3s before next page...
[2026-05-18 23:34:12] Requesting page | start=5876 | count=25 | date_start=05-01-2026T00:00:00+0000 | date_end=05-31-2026T23:59:59+0000
[2026-05-18 23:34:18] Page received | start=5876 | records=25 | hibob_records=0 | sent_date_min=2026-03-18 19:07:08 UTC | sent_date_max=2026-04-23 15:22:19 UTC | last_updated_min=2026-05-06 19:11:12 UTC | last_updated_max=2026-05-06 19:12:23 UTC
[2026-05-18 23:34:19] Page processed | start=5876 | range_processed=5900 | range_created=4952 | range_updated=948 | range_skipped_no_hibob=0 | range_errors=0
[2026-05-18 23:34:19] Sleeping 3s before next page...
[2026-05-18 23:34:22] Requesting page | start=5901 | count=25 | date_start=05-01-2026T00:00:00+0000 | date_end=05-31-2026T23:59:59+0000
[2026-05-18 23:34:28] Page received | start=5901 | records=25 | hibob_records=1 | sent_date_min=2026-03-23 17:38:14 UTC | sent_date_max=2026-03-25 12:53:22 UTC | last_updated_min=2026-05-06 19:12:24 UTC | last_updated_max=2026-05-06 19:12:36 UTC
[2026-05-18 23:34:28] Page processed | start=5901 | range_processed=5925 | range_created=4977 | range_updated=948 | range_skipped_no_hibob=0 | range_errors=0
[2026-05-18 23:34:28] Sleeping 3s before next page...
[2026-05-18 23:34:31] Requesting page | start=5926 | count=25 | date_start=05-01-2026T00:00:00+0000 | date_end=05-31-2026T23:59:59+0000
[2026-05-18 23:34:35] Page received | start=5926 | records=25 | hibob_records=0 | sent_date_min=2025-12-25 15:53:00 UTC | sent_date_max=2026-04-29 14:12:40 UTC | last_updated_min=2026-05-06 19:12:36 UTC | last_updated_max=2026-05-06 19:15:54 UTC
[2026-05-18 23:34:35] Page processed | start=5926 | range_processed=5950 | range_created=5001 | range_updated=949 | range_skipped_no_hibob=0 | range_errors=0
[2026-05-18 23:34:35] Sleeping 3s before next page...
[2026-05-18 23:34:38] Requesting page | start=5951 | count=25 | date_start=05-01-2026T00:00:00+0000 | date_end=05-31-2026T23:59:59+0000
[2026-05-18 23:34:42] Page received | start=5951 | records=25 | hibob_records=0 | sent_date_min=2026-03-14 14:07:35 UTC | sent_date_max=2026-03-20 14:37:46 UTC | last_updated_min=2026-05-06 19:15:54 UTC | last_updated_max=2026-05-06 19:16:06 UTC
[2026-05-18 23:34:43] Page processed | start=5951 | range_processed=5975 | range_created=5026 | range_updated=949 | range_skipped_no_hibob=0 | range_errors=0
[2026-05-18 23:34:43] Sleeping 3s before next page...
[2026-05-18 23:34:46] Requesting page | start=5976 | count=25 | date_start=05-01-2026T00:00:00+0000 | date_end=05-31-2026T23:59:59+0000
[2026-05-18 23:34:52] Page received | start=5976 | records=25 | hibob_records=0 | sent_date_min=2026-03-20 14:52:40 UTC | sent_date_max=2026-05-06 19:19:49 UTC | last_updated_min=2026-05-06 19:16:07 UTC | last_updated_max=2026-05-06 19:20:37 UTC
[2026-05-18 23:34:52] Page processed | start=5976 | range_processed=6000 | range_created=5051 | range_updated=949 | range_skipped_no_hibob=0 | range_errors=0
[2026-05-18 23:34:52] Sleeping 3s before next page...
[2026-05-18 23:34:55] Requesting page | start=6001 | count=25 | date_start=05-01-2026T00:00:00+0000 | date_end=05-31-2026T23:59:59+0000
[2026-05-18 23:35:01] Page received | start=6001 | records=25 | hibob_records=1 | sent_date_min=2026-02-25 13:22:34 UTC | sent_date_max=2026-05-06 19:24:08 UTC | last_updated_min=2026-05-06 19:20:37 UTC | last_updated_max=2026-05-06 19:24:17 UTC
[2026-05-18 23:35:01] Page processed | start=6001 | range_processed=6025 | range_created=5075 | range_updated=950 | range_skipped_no_hibob=0 | range_errors=0
[2026-05-18 23:35:01] Sleeping 3s before next page...
[2026-05-18 23:35:04] Requesting page | start=6026 | count=25 | date_start=05-01-2026T00:00:00+0000 | date_end=05-31-2026T23:59:59+0000
[2026-05-18 23:35:10] Page received | start=6026 | records=25 | hibob_records=0 | sent_date_min=2026-03-13 01:08:23 UTC | sent_date_max=2026-05-06 19:37:41 UTC | last_updated_min=2026-05-06 19:25:22 UTC | last_updated_max=2026-05-06 19:41:38 UTC
[2026-05-18 23:35:10] Page processed | start=6026 | range_processed=6050 | range_created=5100 | range_updated=950 | range_skipped_no_hibob=0 | range_errors=0
[2026-05-18 23:35:10] Sleeping 3s before next page...
[2026-05-18 23:35:13] Requesting page | start=6051 | count=25 | date_start=05-01-2026T00:00:00+0000 | date_end=05-31-2026T23:59:59+0000
[2026-05-18 23:35:17] Page received | start=6051 | records=25 | hibob_records=0 | sent_date_min=2026-02-04 08:38:57 UTC | sent_date_max=2026-04-27 07:07:49 UTC | last_updated_min=2026-05-06 19:41:51 UTC | last_updated_max=2026-05-06 19:46:39 UTC
[2026-05-18 23:35:17] Page processed | start=6051 | range_processed=6075 | range_created=5122 | range_updated=953 | range_skipped_no_hibob=0 | range_errors=0
[2026-05-18 23:35:17] Sleeping 3s before next page...
[2026-05-18 23:35:20] Requesting page | start=6076 | count=25 | date_start=05-01-2026T00:00:00+0000 | date_end=05-31-2026T23:59:59+0000
[2026-05-18 23:35:26] Page received | start=6076 | records=25 | hibob_records=0 | sent_date_min=2026-04-08 15:01:18 UTC | sent_date_max=2026-04-21 19:07:14 UTC | last_updated_min=2026-05-06 19:46:57 UTC | last_updated_max=2026-05-06 19:52:19 UTC
[2026-05-18 23:35:26] Page processed | start=6076 | range_processed=6100 | range_created=5146 | range_updated=954 | range_skipped_no_hibob=0 | range_errors=0
[2026-05-18 23:35:26] Sleeping 3s before next page...
[2026-05-18 23:35:29] Requesting page | start=6101 | count=25 | date_start=05-01-2026T00:00:00+0000 | date_end=05-31-2026T23:59:59+0000
[2026-05-18 23:35:35] Page received | start=6101 | records=25 | hibob_records=2 | sent_date_min=2026-03-07 07:22:10 UTC | sent_date_max=2026-04-28 16:23:02 UTC | last_updated_min=2026-05-06 19:52:33 UTC | last_updated_max=2026-05-06 19:58:31 UTC
[2026-05-18 23:35:36] Page processed | start=6101 | range_processed=6125 | range_created=5171 | range_updated=954 | range_skipped_no_hibob=0 | range_errors=0
[2026-05-18 23:35:36] Sleeping 3s before next page...
[2026-05-18 23:35:39] Requesting page | start=6126 | count=25 | date_start=05-01-2026T00:00:00+0000 | date_end=05-31-2026T23:59:59+0000
[2026-05-18 23:35:44] Page received | start=6126 | records=25 | hibob_records=5 | sent_date_min=2026-03-16 20:14:33 UTC | sent_date_max=2026-05-06 20:37:09 UTC | last_updated_min=2026-05-06 19:58:41 UTC | last_updated_max=2026-05-06 20:43:24 UTC
[2026-05-18 23:35:44] Page processed | start=6126 | range_processed=6150 | range_created=5195 | range_updated=955 | range_skipped_no_hibob=0 | range_errors=0
[2026-05-18 23:35:44] Sleeping 3s before next page...
[2026-05-18 23:35:47] Requesting page | start=6151 | count=25 | date_start=05-01-2026T00:00:00+0000 | date_end=05-31-2026T23:59:59+0000
[2026-05-18 23:35:52] Page received | start=6151 | records=25 | hibob_records=2 | sent_date_min=2026-01-13 19:03:31 UTC | sent_date_max=2026-05-06 21:37:08 UTC | last_updated_min=2026-05-06 20:50:58 UTC | last_updated_max=2026-05-06 21:37:08 UTC
[2026-05-18 23:35:52] Page processed | start=6151 | range_processed=6175 | range_created=5217 | range_updated=958 | range_skipped_no_hibob=0 | range_errors=0
[2026-05-18 23:35:52] Sleeping 3s before next page...
[2026-05-18 23:35:55] Requesting page | start=6176 | count=25 | date_start=05-01-2026T00:00:00+0000 | date_end=05-31-2026T23:59:59+0000
[2026-05-18 23:36:00] Page received | start=6176 | records=25 | hibob_records=4 | sent_date_min=2026-03-14 18:07:05 UTC | sent_date_max=2026-05-06 23:27:24 UTC | last_updated_min=2026-05-06 21:37:25 UTC | last_updated_max=2026-05-06 23:27:24 UTC
[2026-05-18 23:36:00] Page processed | start=6176 | range_processed=6200 | range_created=5241 | range_updated=959 | range_skipped_no_hibob=0 | range_errors=0
[2026-05-18 23:36:00] Sleeping 3s before next page...
[2026-05-18 23:36:03] Requesting page | start=6201 | count=25 | date_start=05-01-2026T00:00:00+0000 | date_end=05-31-2026T23:59:59+0000
[2026-05-18 23:36:07] Page received | start=6201 | records=25 | hibob_records=3 | sent_date_min=2026-03-20 00:07:29 UTC | sent_date_max=2026-05-07 04:52:37 UTC | last_updated_min=2026-05-06 23:37:18 UTC | last_updated_max=2026-05-07 04:52:37 UTC
[2026-05-18 23:36:08] Page processed | start=6201 | range_processed=6225 | range_created=5266 | range_updated=959 | range_skipped_no_hibob=0 | range_errors=0
[2026-05-18 23:36:08] Sleeping 3s before next page...
[2026-05-18 23:36:11] Requesting page | start=6226 | count=25 | date_start=05-01-2026T00:00:00+0000 | date_end=05-31-2026T23:59:59+0000
[2026-05-18 23:36:16] Page received | start=6226 | records=25 | hibob_records=8 | sent_date_min=2025-09-27 17:01:13 UTC | sent_date_max=2026-05-07 06:27:17 UTC | last_updated_min=2026-05-07 04:52:48 UTC | last_updated_max=2026-05-07 06:35:20 UTC
[2026-05-18 23:36:16] Page processed | start=6226 | range_processed=6250 | range_created=5285 | range_updated=965 | range_skipped_no_hibob=0 | range_errors=0
[2026-05-18 23:36:16] Sleeping 3s before next page...
[2026-05-18 23:36:19] Requesting page | start=6251 | count=25 | date_start=05-01-2026T00:00:00+0000 | date_end=05-31-2026T23:59:59+0000
[2026-05-18 23:36:23] Page received | start=6251 | records=25 | hibob_records=6 | sent_date_min=2025-09-27 13:16:04 UTC | sent_date_max=2026-05-07 07:22:15 UTC | last_updated_min=2026-05-07 06:37:09 UTC | last_updated_max=2026-05-07 07:32:10 UTC
[2026-05-18 23:36:23] Page processed | start=6251 | range_processed=6275 | range_created=5306 | range_updated=969 | range_skipped_no_hibob=0 | range_errors=0
[2026-05-18 23:36:23] Sleeping 3s before next page...
[2026-05-18 23:36:26] Requesting page | start=6276 | count=25 | date_start=05-01-2026T00:00:00+0000 | date_end=05-31-2026T23:59:59+0000
[2026-05-18 23:36:30] Page received | start=6276 | records=25 | hibob_records=2 | sent_date_min=2026-04-08 06:20:26 UTC | sent_date_max=2026-05-07 07:37:10 UTC | last_updated_min=2026-05-07 07:32:11 UTC | last_updated_max=2026-05-07 07:41:34 UTC
[2026-05-18 23:36:30] Page processed | start=6276 | range_processed=6300 | range_created=5328 | range_updated=972 | range_skipped_no_hibob=0 | range_errors=0
[2026-05-18 23:36:30] Sleeping 3s before next page...
[2026-05-18 23:36:33] Requesting page | start=6301 | count=25 | date_start=05-01-2026T00:00:00+0000 | date_end=05-31-2026T23:59:59+0000
[2026-05-18 23:36:38] Page received | start=6301 | records=25 | hibob_records=0 | sent_date_min=2026-04-09 13:03:43 UTC | sent_date_max=2026-05-04 18:52:40 UTC | last_updated_min=2026-05-07 07:41:35 UTC | last_updated_max=2026-05-07 07:43:05 UTC
[2026-05-18 23:36:38] Page processed | start=6301 | range_processed=6325 | range_created=5347 | range_updated=978 | range_skipped_no_hibob=0 | range_errors=0
[2026-05-18 23:36:38] Sleeping 3s before next page...
[2026-05-18 23:36:41] Requesting page | start=6326 | count=25 | date_start=05-01-2026T00:00:00+0000 | date_end=05-31-2026T23:59:59+0000
[2026-05-18 23:36:47] Page received | start=6326 | records=25 | hibob_records=1 | sent_date_min=2026-03-24 08:37:17 UTC | sent_date_max=2026-04-17 10:24:00 UTC | last_updated_min=2026-05-07 07:43:05 UTC | last_updated_max=2026-05-07 07:44:28 UTC
[2026-05-18 23:36:47] Page processed | start=6326 | range_processed=6350 | range_created=5371 | range_updated=979 | range_skipped_no_hibob=0 | range_errors=0
[2026-05-18 23:36:47] Sleeping 3s before next page...
[2026-05-18 23:36:50] Requesting page | start=6351 | count=25 | date_start=05-01-2026T00:00:00+0000 | date_end=05-31-2026T23:59:59+0000
[2026-05-18 23:36:55] Page received | start=6351 | records=25 | hibob_records=0 | sent_date_min=2026-02-06 09:53:50 UTC | sent_date_max=2026-04-27 10:52:54 UTC | last_updated_min=2026-05-07 07:44:28 UTC | last_updated_max=2026-05-07 07:47:37 UTC
[2026-05-18 23:36:55] Page processed | start=6351 | range_processed=6375 | range_created=5383 | range_updated=992 | range_skipped_no_hibob=0 | range_errors=0
[2026-05-18 23:36:55] Sleeping 3s before next page...
[2026-05-18 23:36:58] Requesting page | start=6376 | count=25 | date_start=05-01-2026T00:00:00+0000 | date_end=05-31-2026T23:59:59+0000
[2026-05-18 23:37:04] Page received | start=6376 | records=25 | hibob_records=2 | sent_date_min=2026-03-26 11:37:49 UTC | sent_date_max=2026-05-07 08:07:19 UTC | last_updated_min=2026-05-07 07:48:21 UTC | last_updated_max=2026-05-07 08:08:22 UTC
[2026-05-18 23:37:04] Page processed | start=6376 | range_processed=6400 | range_created=5405 | range_updated=995 | range_skipped_no_hibob=0 | range_errors=0
[2026-05-18 23:37:04] Sleeping 3s before next page...
[2026-05-18 23:37:07] Requesting page | start=6401 | count=25 | date_start=05-01-2026T00:00:00+0000 | date_end=05-31-2026T23:59:59+0000
[2026-05-18 23:37:16] Page received | start=6401 | records=25 | hibob_records=10 | sent_date_min=2026-03-25 09:39:16 UTC | sent_date_max=2026-05-07 06:28:28 UTC | last_updated_min=2026-05-07 08:08:23 UTC | last_updated_max=2026-05-07 08:20:34 UTC
[2026-05-18 23:37:16] Page processed | start=6401 | range_processed=6425 | range_created=5429 | range_updated=996 | range_skipped_no_hibob=0 | range_errors=0
[2026-05-18 23:37:16] Sleeping 3s before next page...
[2026-05-18 23:37:19] Requesting page | start=6426 | count=25 | date_start=05-01-2026T00:00:00+0000 | date_end=05-31-2026T23:59:59+0000
[2026-05-18 23:37:24] Page received | start=6426 | records=25 | hibob_records=8 | sent_date_min=2026-03-24 10:21:53 UTC | sent_date_max=2026-05-07 08:22:44 UTC | last_updated_min=2026-05-07 08:20:50 UTC | last_updated_max=2026-05-07 08:25:11 UTC
[2026-05-18 23:37:24] Page processed | start=6426 | range_processed=6450 | range_created=5454 | range_updated=996 | range_skipped_no_hibob=0 | range_errors=0
[2026-05-18 23:37:24] Sleeping 3s before next page...
[2026-05-18 23:37:27] Requesting page | start=6451 | count=25 | date_start=05-01-2026T00:00:00+0000 | date_end=05-31-2026T23:59:59+0000
[2026-05-18 23:37:33] Page received | start=6451 | records=25 | hibob_records=11 | sent_date_min=2025-06-22 14:52:46 UTC | sent_date_max=2026-05-06 12:51:06 UTC | last_updated_min=2026-05-07 08:25:12 UTC | last_updated_max=2026-05-07 08:30:53 UTC
[2026-05-18 23:37:33] Page processed | start=6451 | range_processed=6475 | range_created=5479 | range_updated=996 | range_skipped_no_hibob=0 | range_errors=0
[2026-05-18 23:37:33] Sleeping 3s before next page...
[2026-05-18 23:37:36] Requesting page | start=6476 | count=25 | date_start=05-01-2026T00:00:00+0000 | date_end=05-31-2026T23:59:59+0000
[2026-05-18 23:37:41] Page received | start=6476 | records=25 | hibob_records=11 | sent_date_min=2025-12-01 09:02:22 UTC | sent_date_max=2026-05-07 08:37:43 UTC | last_updated_min=2026-05-07 08:31:32 UTC | last_updated_max=2026-05-07 08:38:54 UTC
[2026-05-18 23:37:42] Page processed | start=6476 | range_processed=6500 | range_created=5504 | range_updated=996 | range_skipped_no_hibob=0 | range_errors=0
[2026-05-18 23:37:42] Sleeping 3s before next page...
[2026-05-18 23:37:45] Requesting page | start=6501 | count=25 | date_start=05-01-2026T00:00:00+0000 | date_end=05-31-2026T23:59:59+0000
[2026-05-18 23:37:49] Page received | start=6501 | records=25 | hibob_records=4 | sent_date_min=2025-09-26 11:55:50 UTC | sent_date_max=2026-05-07 08:49:26 UTC | last_updated_min=2026-05-07 08:40:11 UTC | last_updated_max=2026-05-07 08:54:05 UTC
[2026-05-18 23:37:49] Page processed | start=6501 | range_processed=6525 | range_created=5525 | range_updated=1000 | range_skipped_no_hibob=0 | range_errors=0
[2026-05-18 23:37:49] Sleeping 3s before next page...
[2026-05-18 23:37:52] Requesting page | start=6526 | count=25 | date_start=05-01-2026T00:00:00+0000 | date_end=05-31-2026T23:59:59+0000
[2026-05-18 23:37:57] Page received | start=6526 | records=25 | hibob_records=3 | sent_date_min=2025-09-06 19:37:44 UTC | sent_date_max=2026-05-07 07:52:08 UTC | last_updated_min=2026-05-07 08:54:06 UTC | last_updated_max=2026-05-07 09:04:33 UTC
[2026-05-18 23:37:57] Page processed | start=6526 | range_processed=6550 | range_created=5547 | range_updated=1003 | range_skipped_no_hibob=0 | range_errors=0
[2026-05-18 23:37:57] Sleeping 3s before next page...
[2026-05-18 23:38:00] Requesting page | start=6551 | count=25 | date_start=05-01-2026T00:00:00+0000 | date_end=05-31-2026T23:59:59+0000
[2026-05-18 23:38:05] Page received | start=6551 | records=25 | hibob_records=3 | sent_date_min=2025-05-20 22:46:46 UTC | sent_date_max=2026-05-07 09:25:29 UTC | last_updated_min=2026-05-07 09:05:19 UTC | last_updated_max=2026-05-07 09:31:42 UTC
[2026-05-18 23:38:05] Page processed | start=6551 | range_processed=6575 | range_created=5572 | range_updated=1003 | range_skipped_no_hibob=0 | range_errors=0
[2026-05-18 23:38:05] Sleeping 3s before next page...
[2026-05-18 23:38:08] Requesting page | start=6576 | count=25 | date_start=05-01-2026T00:00:00+0000 | date_end=05-31-2026T23:59:59+0000
[2026-05-18 23:38:13] Page received | start=6576 | records=25 | hibob_records=3 | sent_date_min=2025-09-08 08:26:46 UTC | sent_date_max=2026-05-07 09:46:43 UTC | last_updated_min=2026-05-07 09:31:55 UTC | last_updated_max=2026-05-07 09:51:53 UTC
[2026-05-18 23:38:13] Page processed | start=6576 | range_processed=6600 | range_created=5595 | range_updated=1005 | range_skipped_no_hibob=0 | range_errors=0
[2026-05-18 23:38:13] Sleeping 3s before next page...
[2026-05-18 23:38:16] Requesting page | start=6601 | count=25 | date_start=05-01-2026T00:00:00+0000 | date_end=05-31-2026T23:59:59+0000
[2026-05-18 23:38:23] Page received | start=6601 | records=25 | hibob_records=1 | sent_date_min=2026-04-16 17:11:12 UTC | sent_date_max=2026-05-07 09:53:34 UTC | last_updated_min=2026-05-07 09:51:57 UTC | last_updated_max=2026-05-07 09:55:38 UTC
[2026-05-18 23:38:23] Page processed | start=6601 | range_processed=6625 | range_created=5620 | range_updated=1005 | range_skipped_no_hibob=0 | range_errors=0
[2026-05-18 23:38:23] Sleeping 3s before next page...
[2026-05-18 23:38:26] Requesting page | start=6626 | count=25 | date_start=05-01-2026T00:00:00+0000 | date_end=05-31-2026T23:59:59+0000
[2026-05-18 23:38:31] Page received | start=6626 | records=25 | hibob_records=1 | sent_date_min=2026-03-25 18:44:27 UTC | sent_date_max=2026-05-07 10:02:18 UTC | last_updated_min=2026-05-07 09:55:38 UTC | last_updated_max=2026-05-07 10:03:45 UTC
[2026-05-18 23:38:31] Page processed | start=6626 | range_processed=6650 | range_created=5642 | range_updated=1008 | range_skipped_no_hibob=0 | range_errors=0
[2026-05-18 23:38:31] Sleeping 3s before next page...
[2026-05-18 23:38:34] Requesting page | start=6651 | count=25 | date_start=05-01-2026T00:00:00+0000 | date_end=05-31-2026T23:59:59+0000
[2026-05-18 23:38:39] Page received | start=6651 | records=25 | hibob_records=4 | sent_date_min=2025-09-10 23:25:02 UTC | sent_date_max=2026-05-07 10:09:22 UTC | last_updated_min=2026-05-07 10:04:14 UTC | last_updated_max=2026-05-07 10:14:03 UTC
[2026-05-18 23:38:39] Page processed | start=6651 | range_processed=6675 | range_created=5665 | range_updated=1010 | range_skipped_no_hibob=0 | range_errors=0
[2026-05-18 23:38:39] Sleeping 3s before next page...
[2026-05-18 23:38:42] Requesting page | start=6676 | count=25 | date_start=05-01-2026T00:00:00+0000 | date_end=05-31-2026T23:59:59+0000
[2026-05-18 23:38:47] Page received | start=6676 | records=25 | hibob_records=4 | sent_date_min=2025-09-24 17:24:37 UTC | sent_date_max=2026-05-07 10:22:33 UTC | last_updated_min=2026-05-07 10:14:17 UTC | last_updated_max=2026-05-07 10:24:05 UTC
[2026-05-18 23:38:47] Page processed | start=6676 | range_processed=6700 | range_created=5685 | range_updated=1015 | range_skipped_no_hibob=0 | range_errors=0
[2026-05-18 23:38:47] Sleeping 3s before next page...
[2026-05-18 23:38:50] Requesting page | start=6701 | count=25 | date_start=05-01-2026T00:00:00+0000 | date_end=05-31-2026T23:59:59+0000
[2026-05-18 23:38:55] Page received | start=6701 | records=25 | hibob_records=4 | sent_date_min=2024-07-17 14:38:10 UTC | sent_date_max=2026-05-07 02:29:55 UTC | last_updated_min=2026-05-07 10:24:05 UTC | last_updated_max=2026-05-07 10:27:52 UTC
[2026-05-18 23:38:55] Page processed | start=6701 | range_processed=6725 | range_created=5707 | range_updated=1018 | range_skipped_no_hibob=0 | range_errors=0
[2026-05-18 23:38:55] Sleeping 3s before next page...
[2026-05-18 23:38:58] Requesting page | start=6726 | count=25 | date_start=05-01-2026T00:00:00+0000 | date_end=05-31-2026T23:59:59+0000
[2026-05-18 23:39:03] Page received | start=6726 | records=25 | hibob_records=1 | sent_date_min=2026-03-31 14:22:40 UTC | sent_date_max=2026-05-07 10:37:42 UTC | last_updated_min=2026-05-07 10:29:12 UTC | last_updated_max=2026-05-07 10:45:06 UTC
[2026-05-18 23:39:03] Page processed | start=6726 | range_processed=6750 | range_created=5732 | range_updated=1018 | range_skipped_no_hibob=0 | range_errors=0
[2026-05-18 23:39:03] Sleeping 3s before next page...
[2026-05-18 23:39:06] Requesting page | start=6751 | count=25 | date_start=05-01-2026T00:00:00+0000 | date_end=05-31-2026T23:59:59+0000
[2026-05-18 23:39:10] Page received | start=6751 | records=25 | hibob_records=3 | sent_date_min=2026-01-03 09:37:29 UTC | sent_date_max=2026-05-07 10:52:05 UTC | last_updated_min=2026-05-07 10:46:58 UTC | last_updated_max=2026-05-07 10:54:37 UTC
[2026-05-18 23:39:10] Page processed | start=6751 | range_processed=6775 | range_created=5756 | range_updated=1019 | range_skipped_no_hibob=0 | range_errors=0
[2026-05-18 23:39:10] Sleeping 3s before next page...
[2026-05-18 23:39:13] Requesting page | start=6776 | count=25 | date_start=05-01-2026T00:00:00+0000 | date_end=05-31-2026T23:59:59+0000
[2026-05-18 23:39:20] Page received | start=6776 | records=25 | hibob_records=4 | sent_date_min=2025-12-15 07:48:06 UTC | sent_date_max=2026-05-07 11:09:40 UTC | last_updated_min=2026-05-07 11:00:04 UTC | last_updated_max=2026-05-07 11:11:35 UTC
[2026-05-18 23:39:20] Page processed | start=6776 | range_processed=6800 | range_created=5780 | range_updated=1020 | range_skipped_no_hibob=0 | range_errors=0
[2026-05-18 23:39:20] Sleeping 3s before next page...
[2026-05-18 23:39:23] Requesting page | start=6801 | count=25 | date_start=05-01-2026T00:00:00+0000 | date_end=05-31-2026T23:59:59+0000
[2026-05-18 23:39:28] Page received | start=6801 | records=25 | hibob_records=1 | sent_date_min=2026-03-26 22:13:28 UTC | sent_date_max=2026-05-07 11:27:27 UTC | last_updated_min=2026-05-07 11:12:27 UTC | last_updated_max=2026-05-07 11:27:27 UTC
[2026-05-18 23:39:28] Page processed | start=6801 | range_processed=6825 | range_created=5805 | range_updated=1020 | range_skipped_no_hibob=0 | range_errors=0
[2026-05-18 23:39:28] Sleeping 3s before next page...
[2026-05-18 23:39:31] Requesting page | start=6826 | count=25 | date_start=05-01-2026T00:00:00+0000 | date_end=05-31-2026T23:59:59+0000
[2026-05-18 23:39:36] Page received | start=6826 | records=25 | hibob_records=6 | sent_date_min=2026-04-27 15:41:48 UTC | sent_date_max=2026-05-04 07:24:44 UTC | last_updated_min=2026-05-07 11:27:40 UTC | last_updated_max=2026-05-07 11:30:04 UTC
[2026-05-18 23:39:36] Page processed | start=6826 | range_processed=6850 | range_created=5830 | range_updated=1020 | range_skipped_no_hibob=0 | range_errors=0
[2026-05-18 23:39:36] Sleeping 3s before next page...
[2026-05-18 23:39:39] Requesting page | start=6851 | count=25 | date_start=05-01-2026T00:00:00+0000 | date_end=05-31-2026T23:59:59+0000
[2026-05-18 23:39:43] Page received | start=6851 | records=25 | hibob_records=6 | sent_date_min=2026-04-30 21:57:56 UTC | sent_date_max=2026-05-04 08:52:09 UTC | last_updated_min=2026-05-07 11:30:04 UTC | last_updated_max=2026-05-07 11:30:04 UTC
[2026-05-18 23:39:43] Page processed | start=6851 | range_processed=6875 | range_created=5855 | range_updated=1020 | range_skipped_no_hibob=0 | range_errors=0
[2026-05-18 23:39:43] Sleeping 3s before next page...
[2026-05-18 23:39:46] Requesting page | start=6876 | count=25 | date_start=05-01-2026T00:00:00+0000 | date_end=05-31-2026T23:59:59+0000
[2026-05-18 23:39:50] Page received | start=6876 | records=25 | hibob_records=3 | sent_date_min=2026-04-21 05:46:05 UTC | sent_date_max=2026-05-04 15:23:14 UTC | last_updated_min=2026-05-07 11:30:04 UTC | last_updated_max=2026-05-07 11:30:08 UTC
[2026-05-18 23:39:51] Page processed | start=6876 | range_processed=6900 | range_created=5880 | range_updated=1020 | range_skipped_no_hibob=0 | range_errors=0
[2026-05-18 23:39:51] Sleeping 3s before next page...
[2026-05-18 23:39:54] Requesting page | start=6901 | count=25 | date_start=05-01-2026T00:00:00+0000 | date_end=05-31-2026T23:59:59+0000
[2026-05-18 23:39:58] Page received | start=6901 | records=25 | hibob_records=2 | sent_date_min=2025-12-13 00:47:04 UTC | sent_date_max=2026-05-07 11:36:16 UTC | last_updated_min=2026-05-07 11:30:38 UTC | last_updated_max=2026-05-07 11:44:32 UTC
[2026-05-18 23:39:58] Page processed | start=6901 | range_processed=6925 | range_created=5905 | range_updated=1020 | range_skipped_no_hibob=0 | range_errors=0
[2026-05-18 23:39:58] Sleeping 3s before next page...
[2026-05-18 23:40:01] Requesting page | start=6926 | count=25 | date_start=05-01-2026T00:00:00+0000 | date_end=05-31-2026T23:59:59+0000
[2026-05-18 23:40:07] Page received | start=6926 | records=25 | hibob_records=2 | sent_date_min=2025-06-14 18:01:21 UTC | sent_date_max=2026-05-07 11:54:38 UTC | last_updated_min=2026-05-07 11:45:48 UTC | last_updated_max=2026-05-07 11:58:36 UTC
[2026-05-18 23:40:07] Page processed | start=6926 | range_processed=6950 | range_created=5930 | range_updated=1020 | range_skipped_no_hibob=0 | range_errors=0
[2026-05-18 23:40:07] Sleeping 3s before next page...
[2026-05-18 23:40:10] Requesting page | start=6951 | count=25 | date_start=05-01-2026T00:00:00+0000 | date_end=05-31-2026T23:59:59+0000
[2026-05-18 23:40:14] Page received | start=6951 | records=25 | hibob_records=8 | sent_date_min=2025-11-07 05:39:34 UTC | sent_date_max=2026-05-04 04:50:13 UTC | last_updated_min=2026-05-07 11:58:41 UTC | last_updated_max=2026-05-07 12:00:04 UTC
[2026-05-18 23:40:14] Page processed | start=6951 | range_processed=6975 | range_created=5954 | range_updated=1021 | range_skipped_no_hibob=0 | range_errors=0
[2026-05-18 23:40:14] Sleeping 3s before next page...
[2026-05-18 23:40:17] Requesting page | start=6976 | count=25 | date_start=05-01-2026T00:00:00+0000 | date_end=05-31-2026T23:59:59+0000
[2026-05-18 23:40:22] Page received | start=6976 | records=25 | hibob_records=5 | sent_date_min=2026-05-01 10:48:06 UTC | sent_date_max=2026-05-04 08:40:30 UTC | last_updated_min=2026-05-07 12:00:04 UTC | last_updated_max=2026-05-07 12:00:04 UTC
[2026-05-18 23:40:22] Page processed | start=6976 | range_processed=7000 | range_created=5979 | range_updated=1021 | range_skipped_no_hibob=0 | range_errors=0
[2026-05-18 23:40:22] Sleeping 3s before next page...
[2026-05-18 23:40:25] Requesting page | start=7001 | count=25 | date_start=05-01-2026T00:00:00+0000 | date_end=05-31-2026T23:59:59+0000
[2026-05-18 23:40:30] Page received | start=7001 | records=25 | hibob_records=2 | sent_date_min=2026-04-23 04:55:38 UTC | sent_date_max=2026-05-05 08:30:30 UTC | last_updated_min=2026-05-07 12:00:04 UTC | last_updated_max=2026-05-07 12:00:06 UTC
[2026-05-18 23:40:30] Page processed | start=7001 | range_processed=7025 | range_created=6004 | range_updated=1021 | range_skipped_no_hibob=0 | range_errors=0
[2026-05-18 23:40:30] Sleeping 3s before next page...
[2026-05-18 23:40:33] Requesting page | start=7026 | count=25 | date_start=05-01-2026T00:00:00+0000 | date_end=05-31-2026T23:59:59+0000
[2026-05-18 23:40:39] Page received | start=7026 | records=25 | hibob_records=5 | sent_date_min=2025-07-18 11:02:19 UTC | sent_date_max=2026-05-02 19:49:57 UTC | last_updated_min=2026-05-07 12:00:06 UTC | last_updated_max=2026-05-07 12:05:45 UTC
[2026-05-18 23:40:39] Page processed | start=7026 | range_processed=7050 | range_created=6025 | range_updated=1025 | range_skipped_no_hibob=0 | range_errors=0
[2026-05-18 23:40:39] Sleeping 3s before next page...
[2026-05-18 23:40:42] Requesting page | start=7051 | count=25 | date_start=05-01-2026T00:00:00+0000 | date_end=05-31-2026T23:59:59+0000
[2026-05-18 23:40:47] Page received | start=7051 | records=25 | hibob_records=2 | sent_date_min=2025-08-11 20:22:25 UTC | sent_date_max=2026-05-07 12:11:24 UTC | last_updated_min=2026-05-07 12:06:03 UTC | last_updated_max=2026-05-07 12:12:35 UTC
[2026-05-18 23:40:47] Page processed | start=7051 | range_processed=7075 | range_created=6050 | range_updated=1025 | range_skipped_no_hibob=0 | range_errors=0
[2026-05-18 23:40:47] Sleeping 3s before next page...
[2026-05-18 23:40:50] Requesting page | start=7076 | count=25 | date_start=05-01-2026T00:00:00+0000 | date_end=05-31-2026T23:59:59+0000
[2026-05-18 23:40:55] Page received | start=7076 | records=25 | hibob_records=5 | sent_date_min=2026-03-27 23:45:42 UTC | sent_date_max=2026-05-06 10:27:00 UTC | last_updated_min=2026-05-07 12:12:54 UTC | last_updated_max=2026-05-07 12:15:42 UTC
[2026-05-18 23:40:56] Page processed | start=7076 | range_processed=7100 | range_created=6075 | range_updated=1025 | range_skipped_no_hibob=0 | range_errors=0
[2026-05-18 23:40:56] Sleeping 3s before next page...
[2026-05-18 23:40:59] Requesting page | start=7101 | count=25 | date_start=05-01-2026T00:00:00+0000 | date_end=05-31-2026T23:59:59+0000
[2026-05-18 23:41:03] Page received | start=7101 | records=25 | hibob_records=4 | sent_date_min=2026-02-28 16:47:57 UTC | sent_date_max=2026-05-07 12:23:10 UTC | last_updated_min=2026-05-07 12:16:02 UTC | last_updated_max=2026-05-07 12:23:10 UTC
[2026-05-18 23:41:03] Page processed | start=7101 | range_processed=7125 | range_created=6098 | range_updated=1027 | range_skipped_no_hibob=0 | range_errors=0
[2026-05-18 23:41:03] Sleeping 3s before next page...
[2026-05-18 23:41:06] Requesting page | start=7126 | count=25 | date_start=05-01-2026T00:00:00+0000 | date_end=05-31-2026T23:59:59+0000
[2026-05-18 23:41:11] Page received | start=7126 | records=25 | hibob_records=2 | sent_date_min=2025-04-01 08:28:31 UTC | sent_date_max=2026-05-07 12:29:49 UTC | last_updated_min=2026-05-07 12:23:15 UTC | last_updated_max=2026-05-07 12:29:50 UTC
[2026-05-18 23:41:11] Page processed | start=7126 | range_processed=7150 | range_created=6123 | range_updated=1027 | range_skipped_no_hibob=0 | range_errors=0
[2026-05-18 23:41:11] Sleeping 3s before next page...
[2026-05-18 23:41:14] Requesting page | start=7151 | count=25 | date_start=05-01-2026T00:00:00+0000 | date_end=05-31-2026T23:59:59+0000
[2026-05-18 23:41:19] Page received | start=7151 | records=25 | hibob_records=6 | sent_date_min=2025-04-23 07:43:24 UTC | sent_date_max=2026-05-05 12:36:15 UTC | last_updated_min=2026-05-07 12:29:50 UTC | last_updated_max=2026-05-07 12:30:04 UTC
[2026-05-18 23:41:19] Page processed | start=7151 | range_processed=7175 | range_created=6146 | range_updated=1029 | range_skipped_no_hibob=0 | range_errors=0
[2026-05-18 23:41:19] Sleeping 3s before next page...
[2026-05-18 23:41:22] Requesting page | start=7176 | count=25 | date_start=05-01-2026T00:00:00+0000 | date_end=05-31-2026T23:59:59+0000
[2026-05-18 23:41:27] Page received | start=7176 | records=25 | hibob_records=10 | sent_date_min=2026-04-22 17:22:37 UTC | sent_date_max=2026-05-05 07:07:07 UTC | last_updated_min=2026-05-07 12:30:05 UTC | last_updated_max=2026-05-07 12:30:07 UTC
[2026-05-18 23:41:27] Page processed | start=7176 | range_processed=7200 | range_created=6171 | range_updated=1029 | range_skipped_no_hibob=0 | range_errors=0
[2026-05-18 23:41:27] Sleeping 3s before next page...
[2026-05-18 23:41:30] Requesting page | start=7201 | count=25 | date_start=05-01-2026T00:00:00+0000 | date_end=05-31-2026T23:59:59+0000
[2026-05-18 23:41:35] Page received | start=7201 | records=25 | hibob_records=2 | sent_date_min=2026-01-15 14:23:38 UTC | sent_date_max=2026-05-07 12:31:22 UTC | last_updated_min=2026-05-07 12:30:07 UTC | last_updated_max=2026-05-07 12:33:56 UTC
[2026-05-18 23:41:36] Page processed | start=7201 | range_processed=7225 | range_created=6186 | range_updated=1039 | range_skipped_no_hibob=0 | range_errors=0
[2026-05-18 23:41:36] Sleeping 3s before next page...
[2026-05-18 23:41:39] Requesting page | start=7226 | count=25 | date_start=05-01-2026T00:00:00+0000 | date_end=05-31-2026T23:59:59+0000
[2026-05-18 23:41:44] Page received | start=7226 | records=25 | hibob_records=0 | sent_date_min=2026-01-30 11:53:06 UTC | sent_date_max=2026-05-06 12:39:22 UTC | last_updated_min=2026-05-07 12:34:18 UTC | last_updated_max=2026-05-07 12:35:47 UTC
[2026-05-18 23:41:44] Page processed | start=7226 | range_processed=7250 | range_created=6209 | range_updated=1041 | range_skipped_no_hibob=0 | range_errors=0
[2026-05-18 23:41:44] Sleeping 3s before next page...
[2026-05-18 23:41:47] Requesting page | start=7251 | count=25 | date_start=05-01-2026T00:00:00+0000 | date_end=05-31-2026T23:59:59+0000
[2026-05-18 23:41:52] Page received | start=7251 | records=25 | hibob_records=1 | sent_date_min=2026-01-19 22:37:21 UTC | sent_date_max=2026-05-07 07:52:49 UTC | last_updated_min=2026-05-07 12:35:47 UTC | last_updated_max=2026-05-07 12:36:19 UTC
[2026-05-18 23:41:53] Page processed | start=7251 | range_processed=7275 | range_created=6216 | range_updated=1059 | range_skipped_no_hibob=0 | range_errors=0
[2026-05-18 23:41:53] Sleeping 3s before next page...
[2026-05-18 23:41:56] Requesting page | start=7276 | count=25 | date_start=05-01-2026T00:00:00+0000 | date_end=05-31-2026T23:59:59+0000
[2026-05-18 23:42:00] Page received | start=7276 | records=25 | hibob_records=0 | sent_date_min=2025-02-19 04:26:43 UTC | sent_date_max=2026-05-07 12:37:28 UTC | last_updated_min=2026-05-07 12:36:20 UTC | last_updated_max=2026-05-07 12:42:47 UTC
[2026-05-18 23:42:01] Page processed | start=7276 | range_processed=7300 | range_created=6236 | range_updated=1064 | range_skipped_no_hibob=0 | range_errors=0
[2026-05-18 23:42:01] Sleeping 3s before next page...
[2026-05-18 23:42:04] Requesting page | start=7301 | count=25 | date_start=05-01-2026T00:00:00+0000 | date_end=05-31-2026T23:59:59+0000
[2026-05-18 23:42:09] Page received | start=7301 | records=25 | hibob_records=0 | sent_date_min=2026-04-20 20:07:32 UTC | sent_date_max=2026-05-07 12:49:23 UTC | last_updated_min=2026-05-07 12:43:01 UTC | last_updated_max=2026-05-07 12:50:41 UTC
[2026-05-18 23:42:09] Page processed | start=7301 | range_processed=7325 | range_created=6261 | range_updated=1064 | range_skipped_no_hibob=0 | range_errors=0
[2026-05-18 23:42:09] Sleeping 3s before next page...
[2026-05-18 23:42:12] Requesting page | start=7326 | count=25 | date_start=05-01-2026T00:00:00+0000 | date_end=05-31-2026T23:59:59+0000
[2026-05-18 23:42:16] Page received | start=7326 | records=25 | hibob_records=4 | sent_date_min=2026-02-27 22:17:36 UTC | sent_date_max=2026-05-07 12:52:14 UTC | last_updated_min=2026-05-07 12:52:01 UTC | last_updated_max=2026-05-07 13:00:06 UTC
[2026-05-18 23:42:17] Page processed | start=7326 | range_processed=7350 | range_created=6286 | range_updated=1064 | range_skipped_no_hibob=0 | range_errors=0
[2026-05-18 23:42:17] Sleeping 3s before next page...
[2026-05-18 23:42:20] Requesting page | start=7351 | count=25 | date_start=05-01-2026T00:00:00+0000 | date_end=05-31-2026T23:59:59+0000
[2026-05-18 23:42:24] Page received | start=7351 | records=25 | hibob_records=3 | sent_date_min=2025-07-09 10:07:22 UTC | sent_date_max=2026-05-07 13:07:37 UTC | last_updated_min=2026-05-07 13:00:07 UTC | last_updated_max=2026-05-07 13:07:37 UTC
[2026-05-18 23:42:24] Page processed | start=7351 | range_processed=7375 | range_created=6310 | range_updated=1065 | range_skipped_no_hibob=0 | range_errors=0
[2026-05-18 23:42:24] Sleeping 3s before next page...
[2026-05-18 23:42:27] Requesting page | start=7376 | count=25 | date_start=05-01-2026T00:00:00+0000 | date_end=05-31-2026T23:59:59+0000
[2026-05-18 23:42:33] Page received | start=7376 | records=25 | hibob_records=1 | sent_date_min=2025-04-09 07:02:43 UTC | sent_date_max=2026-05-07 13:07:57 UTC | last_updated_min=2026-05-07 13:07:47 UTC | last_updated_max=2026-05-07 13:15:30 UTC
[2026-05-18 23:42:33] Page processed | start=7376 | range_processed=7400 | range_created=6335 | range_updated=1065 | range_skipped_no_hibob=0 | range_errors=0
[2026-05-18 23:42:33] Sleeping 3s before next page...
[2026-05-18 23:42:36] Requesting page | start=7401 | count=25 | date_start=05-01-2026T00:00:00+0000 | date_end=05-31-2026T23:59:59+0000
[2026-05-18 23:42:43] Page received | start=7401 | records=25 | hibob_records=1 | sent_date_min=2025-08-26 22:35:22 UTC | sent_date_max=2026-05-07 13:22:28 UTC | last_updated_min=2026-05-07 13:15:30 UTC | last_updated_max=2026-05-07 13:22:33 UTC
[2026-05-18 23:42:43] Page processed | start=7401 | range_processed=7425 | range_created=6359 | range_updated=1066 | range_skipped_no_hibob=0 | range_errors=0
[2026-05-18 23:42:43] Sleeping 3s before next page...
[2026-05-18 23:42:46] Requesting page | start=7426 | count=25 | date_start=05-01-2026T00:00:00+0000 | date_end=05-31-2026T23:59:59+0000
[2026-05-18 23:42:51] Page received | start=7426 | records=25 | hibob_records=2 | sent_date_min=2026-02-08 13:07:25 UTC | sent_date_max=2026-05-07 13:29:36 UTC | last_updated_min=2026-05-07 13:23:03 UTC | last_updated_max=2026-05-07 13:33:56 UTC
[2026-05-18 23:42:51] Page processed | start=7426 | range_processed=7450 | range_created=6384 | range_updated=1066 | range_skipped_no_hibob=0 | range_errors=0
[2026-05-18 23:42:51] Sleeping 3s before next page...
[2026-05-18 23:42:54] Requesting page | start=7451 | count=25 | date_start=05-01-2026T00:00:00+0000 | date_end=05-31-2026T23:59:59+0000
[2026-05-18 23:42:58] Page received | start=7451 | records=25 | hibob_records=9 | sent_date_min=2026-02-02 06:40:28 UTC | sent_date_max=2026-05-07 13:52:33 UTC | last_updated_min=2026-05-07 13:34:09 UTC | last_updated_max=2026-05-07 13:58:41 UTC
[2026-05-18 23:42:59] Page processed | start=7451 | range_processed=7475 | range_created=6409 | range_updated=1066 | range_skipped_no_hibob=0 | range_errors=0
[2026-05-18 23:42:59] Sleeping 3s before next page...
[2026-05-18 23:43:02] Requesting page | start=7476 | count=25 | date_start=05-01-2026T00:00:00+0000 | date_end=05-31-2026T23:59:59+0000
[2026-05-18 23:43:07] Page received | start=7476 | records=25 | hibob_records=5 | sent_date_min=2025-05-26 15:06:30 UTC | sent_date_max=2026-05-07 14:07:13 UTC | last_updated_min=2026-05-07 14:00:27 UTC | last_updated_max=2026-05-07 14:07:32 UTC
[2026-05-18 23:43:07] Page processed | start=7476 | range_processed=7500 | range_created=6432 | range_updated=1068 | range_skipped_no_hibob=0 | range_errors=0
[2026-05-18 23:43:07] Sleeping 3s before next page...
[2026-05-18 23:43:10] Requesting page | start=7501 | count=25 | date_start=05-01-2026T00:00:00+0000 | date_end=05-31-2026T23:59:59+0000
[2026-05-18 23:43:14] Page received | start=7501 | records=25 | hibob_records=4 | sent_date_min=2025-01-28 08:46:42 UTC | sent_date_max=2026-05-07 10:22:05 UTC | last_updated_min=2026-05-07 14:07:33 UTC | last_updated_max=2026-05-07 14:16:27 UTC
[2026-05-18 23:43:14] Page processed | start=7501 | range_processed=7525 | range_created=6457 | range_updated=1068 | range_skipped_no_hibob=0 | range_errors=0
[2026-05-18 23:43:14] Sleeping 3s before next page...
[2026-05-18 23:43:17] Requesting page | start=7526 | count=25 | date_start=05-01-2026T00:00:00+0000 | date_end=05-31-2026T23:59:59+0000
[2026-05-18 23:43:22] Page received | start=7526 | records=25 | hibob_records=1 | sent_date_min=2026-01-08 07:37:42 UTC | sent_date_max=2026-05-07 14:21:13 UTC | last_updated_min=2026-05-07 14:16:52 UTC | last_updated_max=2026-05-07 14:23:09 UTC
[2026-05-18 23:43:22] Page processed | start=7526 | range_processed=7550 | range_created=6480 | range_updated=1070 | range_skipped_no_hibob=0 | range_errors=0
[2026-05-18 23:43:22] Sleeping 3s before next page...
[2026-05-18 23:43:25] Requesting page | start=7551 | count=25 | date_start=05-01-2026T00:00:00+0000 | date_end=05-31-2026T23:59:59+0000
[2026-05-18 23:43:30] Page received | start=7551 | records=25 | hibob_records=8 | sent_date_min=2025-04-04 09:53:32 UTC | sent_date_max=2026-05-07 14:27:54 UTC | last_updated_min=2026-05-07 14:23:23 UTC | last_updated_max=2026-05-07 14:30:40 UTC
[2026-05-18 23:43:30] Page processed | start=7551 | range_processed=7575 | range_created=6504 | range_updated=1071 | range_skipped_no_hibob=0 | range_errors=0
[2026-05-18 23:43:30] Sleeping 3s before next page...
[2026-05-18 23:43:33] Requesting page | start=7576 | count=25 | date_start=05-01-2026T00:00:00+0000 | date_end=05-31-2026T23:59:59+0000
[2026-05-18 23:43:37] Page received | start=7576 | records=25 | hibob_records=0 | sent_date_min=2026-04-10 17:10:44 UTC | sent_date_max=2026-04-17 14:52:41 UTC | last_updated_min=2026-05-07 14:30:40 UTC | last_updated_max=2026-05-07 14:30:43 UTC
[2026-05-18 23:43:37] Page processed | start=7576 | range_processed=7600 | range_created=6523 | range_updated=1077 | range_skipped_no_hibob=0 | range_errors=0
[2026-05-18 23:43:37] Sleeping 3s before next page...
[2026-05-18 23:43:41] Requesting page | start=7601 | count=25 | date_start=05-01-2026T00:00:00+0000 | date_end=05-31-2026T23:59:59+0000
[2026-05-18 23:43:45] Page received | start=7601 | records=25 | hibob_records=1 | sent_date_min=2026-04-01 06:52:10 UTC | sent_date_max=2026-04-29 16:11:36 UTC | last_updated_min=2026-05-07 14:30:43 UTC | last_updated_max=2026-05-07 14:31:56 UTC
[2026-05-18 23:43:45] Page processed | start=7601 | range_processed=7625 | range_created=6547 | range_updated=1078 | range_skipped_no_hibob=0 | range_errors=0
[2026-05-18 23:43:45] Sleeping 3s before next page...
[2026-05-18 23:43:48] Requesting page | start=7626 | count=25 | date_start=05-01-2026T00:00:00+0000 | date_end=05-31-2026T23:59:59+0000
[2026-05-18 23:43:53] Page received | start=7626 | records=25 | hibob_records=5 | sent_date_min=2026-04-02 13:22:19 UTC | sent_date_max=2026-05-07 14:37:09 UTC | last_updated_min=2026-05-07 14:32:06 UTC | last_updated_max=2026-05-07 14:39:28 UTC
[2026-05-18 23:43:53] Page processed | start=7626 | range_processed=7650 | range_created=6572 | range_updated=1078 | range_skipped_no_hibob=0 | range_errors=0
[2026-05-18 23:43:53] Sleeping 3s before next page...
[2026-05-18 23:43:56] Requesting page | start=7651 | count=25 | date_start=05-01-2026T00:00:00+0000 | date_end=05-31-2026T23:59:59+0000
[2026-05-18 23:44:01] Page received | start=7651 | records=25 | hibob_records=1 | sent_date_min=2026-04-11 03:37:02 UTC | sent_date_max=2026-05-06 19:07:49 UTC | last_updated_min=2026-05-07 14:40:10 UTC | last_updated_max=2026-05-07 14:44:01 UTC
[2026-05-18 23:44:01] Page processed | start=7651 | range_processed=7675 | range_created=6597 | range_updated=1078 | range_skipped_no_hibob=0 | range_errors=0
[2026-05-18 23:44:01] Sleeping 3s before next page...
[2026-05-18 23:44:04] Requesting page | start=7676 | count=25 | date_start=05-01-2026T00:00:00+0000 | date_end=05-31-2026T23:59:59+0000
[2026-05-18 23:44:09] Page received | start=7676 | records=25 | hibob_records=7 | sent_date_min=2026-03-01 13:42:24 UTC | sent_date_max=2026-05-05 11:33:48 UTC | last_updated_min=2026-05-07 14:44:27 UTC | last_updated_max=2026-05-07 14:52:14 UTC
[2026-05-18 23:44:09] Page processed | start=7676 | range_processed=7700 | range_created=6619 | range_updated=1081 | range_skipped_no_hibob=0 | range_errors=0
[2026-05-18 23:44:09] Sleeping 3s before next page...
[2026-05-18 23:44:12] Requesting page | start=7701 | count=25 | date_start=05-01-2026T00:00:00+0000 | date_end=05-31-2026T23:59:59+0000
[2026-05-18 23:44:17] Page received | start=7701 | records=25 | hibob_records=6 | sent_date_min=2025-04-02 12:49:58 UTC | sent_date_max=2026-05-07 15:07:44 UTC | last_updated_min=2026-05-07 14:52:34 UTC | last_updated_max=2026-05-07 15:07:44 UTC
[2026-05-18 23:44:18] Page processed | start=7701 | range_processed=7725 | range_created=6643 | range_updated=1082 | range_skipped_no_hibob=0 | range_errors=0
[2026-05-18 23:44:18] Sleeping 3s before next page...
[2026-05-18 23:44:21] Requesting page | start=7726 | count=25 | date_start=05-01-2026T00:00:00+0000 | date_end=05-31-2026T23:59:59+0000
[2026-05-18 23:44:25] Page received | start=7726 | records=25 | hibob_records=5 | sent_date_min=2026-04-14 22:46:12 UTC | sent_date_max=2026-05-07 15:38:02 UTC | last_updated_min=2026-05-07 15:08:21 UTC | last_updated_max=2026-05-07 15:49:17 UTC
[2026-05-18 23:44:26] Page processed | start=7726 | range_processed=7750 | range_created=6668 | range_updated=1082 | range_skipped_no_hibob=0 | range_errors=0
[2026-05-18 23:44:26] Sleeping 3s before next page...
[2026-05-18 23:44:29] Requesting page | start=7751 | count=25 | date_start=05-01-2026T00:00:00+0000 | date_end=05-31-2026T23:59:59+0000
[2026-05-18 23:44:33] Page received | start=7751 | records=25 | hibob_records=2 | sent_date_min=2026-02-27 21:22:30 UTC | sent_date_max=2026-05-07 17:07:23 UTC | last_updated_min=2026-05-07 15:52:37 UTC | last_updated_max=2026-05-07 17:07:23 UTC
[2026-05-18 23:44:33] Page processed | start=7751 | range_processed=7775 | range_created=6692 | range_updated=1083 | range_skipped_no_hibob=0 | range_errors=0
[2026-05-18 23:44:33] Sleeping 3s before next page...
[2026-05-18 23:44:36] Requesting page | start=7776 | count=25 | date_start=05-01-2026T00:00:00+0000 | date_end=05-31-2026T23:59:59+0000
[2026-05-18 23:44:41] Page received | start=7776 | records=25 | hibob_records=2 | sent_date_min=2026-01-20 12:38:53 UTC | sent_date_max=2026-05-07 18:22:04 UTC | last_updated_min=2026-05-07 17:07:43 UTC | last_updated_max=2026-05-07 18:22:04 UTC
[2026-05-18 23:44:41] Page processed | start=7776 | range_processed=7800 | range_created=6716 | range_updated=1084 | range_skipped_no_hibob=0 | range_errors=0
[2026-05-18 23:44:41] Sleeping 3s before next page...
[2026-05-18 23:44:44] Requesting page | start=7801 | count=25 | date_start=05-01-2026T00:00:00+0000 | date_end=05-31-2026T23:59:59+0000
[2026-05-18 23:44:49] Page received | start=7801 | records=25 | hibob_records=3 | sent_date_min=2026-01-14 07:23:12 UTC | sent_date_max=2026-05-07 19:22:48 UTC | last_updated_min=2026-05-07 18:22:16 UTC | last_updated_max=2026-05-07 19:30:14 UTC
[2026-05-18 23:44:49] Page processed | start=7801 | range_processed=7825 | range_created=6739 | range_updated=1086 | range_skipped_no_hibob=0 | range_errors=0
[2026-05-18 23:44:49] Sleeping 3s before next page...
[2026-05-18 23:44:52] Requesting page | start=7826 | count=25 | date_start=05-01-2026T00:00:00+0000 | date_end=05-31-2026T23:59:59+0000
[2026-05-18 23:44:57] Page received | start=7826 | records=25 | hibob_records=12 | sent_date_min=2026-02-17 20:10:10 UTC | sent_date_max=2026-05-07 19:37:26 UTC | last_updated_min=2026-05-07 19:30:14 UTC | last_updated_max=2026-05-07 19:43:57 UTC
[2026-05-18 23:44:57] Page processed | start=7826 | range_processed=7850 | range_created=6761 | range_updated=1089 | range_skipped_no_hibob=0 | range_errors=0
[2026-05-18 23:44:57] Sleeping 3s before next page...
[2026-05-18 23:45:00] Requesting page | start=7851 | count=25 | date_start=05-01-2026T00:00:00+0000 | date_end=05-31-2026T23:59:59+0000
[2026-05-18 23:45:05] Page received | start=7851 | records=25 | hibob_records=7 | sent_date_min=2026-01-28 16:23:55 UTC | sent_date_max=2026-05-07 19:56:11 UTC | last_updated_min=2026-05-07 19:44:33 UTC | last_updated_max=2026-05-07 20:00:15 UTC
[2026-05-18 23:45:05] Page processed | start=7851 | range_processed=7875 | range_created=6783 | range_updated=1092 | range_skipped_no_hibob=0 | range_errors=0
[2026-05-18 23:45:05] Sleeping 3s before next page...
[2026-05-18 23:45:08] Requesting page | start=7876 | count=25 | date_start=05-01-2026T00:00:00+0000 | date_end=05-31-2026T23:59:59+0000
[2026-05-18 23:45:13] Page received | start=7876 | records=25 | hibob_records=2 | sent_date_min=2026-03-20 01:30:56 UTC | sent_date_max=2026-05-07 21:23:56 UTC | last_updated_min=2026-05-07 20:00:15 UTC | last_updated_max=2026-05-07 21:23:56 UTC
[2026-05-18 23:45:14] Page processed | start=7876 | range_processed=7900 | range_created=6808 | range_updated=1092 | range_skipped_no_hibob=0 | range_errors=0
[2026-05-18 23:45:14] Sleeping 3s before next page...
[2026-05-18 23:45:17] Requesting page | start=7901 | count=25 | date_start=05-01-2026T00:00:00+0000 | date_end=05-31-2026T23:59:59+0000
[2026-05-18 23:45:25] Page received | start=7901 | records=25 | hibob_records=1 | sent_date_min=2026-01-12 00:37:10 UTC | sent_date_max=2026-05-07 22:04:40 UTC | last_updated_min=2026-05-07 21:24:02 UTC | last_updated_max=2026-05-07 22:05:07 UTC
[2026-05-18 23:45:25] Page processed | start=7901 | range_processed=7925 | range_created=6832 | range_updated=1093 | range_skipped_no_hibob=0 | range_errors=0
[2026-05-18 23:45:25] Sleeping 3s before next page...
[2026-05-18 23:45:28] Requesting page | start=7926 | count=25 | date_start=05-01-2026T00:00:00+0000 | date_end=05-31-2026T23:59:59+0000
[2026-05-18 23:45:33] Page received | start=7926 | records=25 | hibob_records=4 | sent_date_min=2026-03-11 12:13:50 UTC | sent_date_max=2026-05-08 01:39:55 UTC | last_updated_min=2026-05-07 22:05:07 UTC | last_updated_max=2026-05-08 01:39:55 UTC
[2026-05-18 23:45:33] Page processed | start=7926 | range_processed=7950 | range_created=6853 | range_updated=1097 | range_skipped_no_hibob=0 | range_errors=0
[2026-05-18 23:45:33] Sleeping 3s before next page...
[2026-05-18 23:45:36] Requesting page | start=7951 | count=25 | date_start=05-01-2026T00:00:00+0000 | date_end=05-31-2026T23:59:59+0000
[2026-05-18 23:45:41] Page received | start=7951 | records=25 | hibob_records=2 | sent_date_min=2025-10-04 16:13:46 UTC | sent_date_max=2026-05-08 06:37:40 UTC | last_updated_min=2026-05-08 02:13:57 UTC | last_updated_max=2026-05-08 06:45:42 UTC
[2026-05-18 23:45:41] Page processed | start=7951 | range_processed=7975 | range_created=6876 | range_updated=1099 | range_skipped_no_hibob=0 | range_errors=0
[2026-05-18 23:45:41] Sleeping 3s before next page...
[2026-05-18 23:45:44] Requesting page | start=7976 | count=25 | date_start=05-01-2026T00:00:00+0000 | date_end=05-31-2026T23:59:59+0000
[2026-05-18 23:45:49] Page received | start=7976 | records=25 | hibob_records=1 | sent_date_min=2026-03-26 10:22:13 UTC | sent_date_max=2026-05-08 07:33:00 UTC | last_updated_min=2026-05-08 06:59:33 UTC | last_updated_max=2026-05-08 07:42:04 UTC
[2026-05-18 23:45:49] Page processed | start=7976 | range_processed=8000 | range_created=6899 | range_updated=1101 | range_skipped_no_hibob=0 | range_errors=0
[2026-05-18 23:45:49] Sleeping 3s before next page...
[2026-05-18 23:45:52] Requesting page | start=8001 | count=25 | date_start=05-01-2026T00:00:00+0000 | date_end=05-31-2026T23:59:59+0000
[2026-05-18 23:45:56] Page received | start=8001 | records=25 | hibob_records=1 | sent_date_min=2026-03-04 09:39:34 UTC | sent_date_max=2026-05-08 07:55:26 UTC | last_updated_min=2026-05-08 07:42:10 UTC | last_updated_max=2026-05-08 08:04:23 UTC
[2026-05-18 23:45:56] Page processed | start=8001 | range_processed=8025 | range_created=6924 | range_updated=1101 | range_skipped_no_hibob=0 | range_errors=0
[2026-05-18 23:45:56] Sleeping 3s before next page...
[2026-05-18 23:45:59] Requesting page | start=8026 | count=25 | date_start=05-01-2026T00:00:00+0000 | date_end=05-31-2026T23:59:59+0000
[2026-05-18 23:46:04] Page received | start=8026 | records=25 | hibob_records=6 | sent_date_min=2026-03-16 13:46:43 UTC | sent_date_max=2026-05-08 08:22:32 UTC | last_updated_min=2026-05-08 08:05:54 UTC | last_updated_max=2026-05-08 08:33:06 UTC
[2026-05-18 23:46:04] Page processed | start=8026 | range_processed=8050 | range_created=6949 | range_updated=1101 | range_skipped_no_hibob=0 | range_errors=0
[2026-05-18 23:46:04] Sleeping 3s before next page...
[2026-05-18 23:46:07] Requesting page | start=8051 | count=25 | date_start=05-01-2026T00:00:00+0000 | date_end=05-31-2026T23:59:59+0000
[2026-05-18 23:46:12] Page received | start=8051 | records=25 | hibob_records=6 | sent_date_min=2025-05-30 12:07:31 UTC | sent_date_max=2026-05-08 08:53:00 UTC | last_updated_min=2026-05-08 08:34:21 UTC | last_updated_max=2026-05-08 08:53:49 UTC
[2026-05-18 23:46:12] Page processed | start=8051 | range_processed=8075 | range_created=6973 | range_updated=1102 | range_skipped_no_hibob=0 | range_errors=0
[2026-05-18 23:46:12] Sleeping 3s before next page...
[2026-05-18 23:46:15] Requesting page | start=8076 | count=25 | date_start=05-01-2026T00:00:00+0000 | date_end=05-31-2026T23:59:59+0000
[2026-05-18 23:46:20] Page received | start=8076 | records=25 | hibob_records=0 | sent_date_min=2025-04-05 10:21:23 UTC | sent_date_max=2026-05-05 13:20:20 UTC | last_updated_min=2026-05-08 08:54:06 UTC | last_updated_max=2026-05-08 08:58:38 UTC
[2026-05-18 23:46:20] Page processed | start=8076 | range_processed=8100 | range_created=6989 | range_updated=1111 | range_skipped_no_hibob=0 | range_errors=0
[2026-05-18 23:46:20] Sleeping 3s before next page...
[2026-05-18 23:46:23] Requesting page | start=8101 | count=25 | date_start=05-01-2026T00:00:00+0000 | date_end=05-31-2026T23:59:59+0000
[2026-05-18 23:46:29] Page received | start=8101 | records=25 | hibob_records=0 | sent_date_min=2022-04-06 07:00:00 UTC | sent_date_max=2026-05-06 16:22:27 UTC | last_updated_min=2026-05-08 08:58:38 UTC | last_updated_max=2026-05-08 08:59:24 UTC
[2026-05-18 23:46:29] Page processed | start=8101 | range_processed=8125 | range_created=7013 | range_updated=1112 | range_skipped_no_hibob=0 | range_errors=0
[2026-05-18 23:46:29] Sleeping 3s before next page...
[2026-05-18 23:46:32] Requesting page | start=8126 | count=25 | date_start=05-01-2026T00:00:00+0000 | date_end=05-31-2026T23:59:59+0000
[2026-05-18 23:46:37] Page received | start=8126 | records=25 | hibob_records=2 | sent_date_min=2025-08-22 10:22:49 UTC | sent_date_max=2026-05-08 09:07:25 UTC | last_updated_min=2026-05-08 08:59:24 UTC | last_updated_max=2026-05-08 09:08:09 UTC
[2026-05-18 23:46:37] Page processed | start=8126 | range_processed=8150 | range_created=7035 | range_updated=1115 | range_skipped_no_hibob=0 | range_errors=0
[2026-05-18 23:46:37] Sleeping 3s before next page...
[2026-05-18 23:46:40] Requesting page | start=8151 | count=25 | date_start=05-01-2026T00:00:00+0000 | date_end=05-31-2026T23:59:59+0000
[2026-05-18 23:46:45] Page received | start=8151 | records=25 | hibob_records=6 | sent_date_min=2025-05-01 03:53:10 UTC | sent_date_max=2026-05-08 09:22:05 UTC | last_updated_min=2026-05-08 09:08:10 UTC | last_updated_max=2026-05-08 09:24:34 UTC
[2026-05-18 23:46:45] Page processed | start=8151 | range_processed=8175 | range_created=7055 | range_updated=1120 | range_skipped_no_hibob=0 | range_errors=0
[2026-05-18 23:46:45] Sleeping 3s before next page...
[2026-05-18 23:46:48] Requesting page | start=8176 | count=25 | date_start=05-01-2026T00:00:00+0000 | date_end=05-31-2026T23:59:59+0000
[2026-05-18 23:46:52] Page received | start=8176 | records=25 | hibob_records=0 | sent_date_min=2025-04-16 14:01:27 UTC | sent_date_max=2026-05-06 08:47:42 UTC | last_updated_min=2026-05-08 09:24:34 UTC | last_updated_max=2026-05-08 09:25:52 UTC
[2026-05-18 23:46:53] Page processed | start=8176 | range_processed=8200 | range_created=7074 | range_updated=1126 | range_skipped_no_hibob=0 | range_errors=0
[2026-05-18 23:46:53] Sleeping 3s before next page...
[2026-05-18 23:46:56] Requesting page | start=8201 | count=25 | date_start=05-01-2026T00:00:00+0000 | date_end=05-31-2026T23:59:59+0000
[2026-05-18 23:47:01] Page received | start=8201 | records=25 | hibob_records=3 | sent_date_min=2025-05-05 13:41:29 UTC | sent_date_max=2026-05-08 09:26:53 UTC | last_updated_min=2026-05-08 09:26:22 UTC | last_updated_max=2026-05-08 09:28:17 UTC
[2026-05-18 23:47:01] Page processed | start=8201 | range_processed=8225 | range_created=7095 | range_updated=1130 | range_skipped_no_hibob=0 | range_errors=0
[2026-05-18 23:47:01] Sleeping 3s before next page...
[2026-05-18 23:47:04] Requesting page | start=8226 | count=25 | date_start=05-01-2026T00:00:00+0000 | date_end=05-31-2026T23:59:59+0000
[2026-05-18 23:47:09] Page received | start=8226 | records=25 | hibob_records=5 | sent_date_min=2025-10-02 16:32:13 UTC | sent_date_max=2026-05-05 19:52:08 UTC | last_updated_min=2026-05-08 09:28:17 UTC | last_updated_max=2026-05-08 09:33:23 UTC
[2026-05-18 23:47:10] Page processed | start=8226 | range_processed=8250 | range_created=7115 | range_updated=1135 | range_skipped_no_hibob=0 | range_errors=0
[2026-05-18 23:47:10] Sleeping 3s before next page...
[2026-05-18 23:47:13] Requesting page | start=8251 | count=25 | date_start=05-01-2026T00:00:00+0000 | date_end=05-31-2026T23:59:59+0000
[2026-05-18 23:47:18] Page received | start=8251 | records=25 | hibob_records=5 | sent_date_min=2026-01-31 12:53:18 UTC | sent_date_max=2026-05-08 09:37:35 UTC | last_updated_min=2026-05-08 09:33:23 UTC | last_updated_max=2026-05-08 09:41:12 UTC
[2026-05-18 23:47:18] Page processed | start=8251 | range_processed=8275 | range_created=7134 | range_updated=1141 | range_skipped_no_hibob=0 | range_errors=0
[2026-05-18 23:47:18] Sleeping 3s before next page...
[2026-05-18 23:47:21] Requesting page | start=8276 | count=25 | date_start=05-01-2026T00:00:00+0000 | date_end=05-31-2026T23:59:59+0000
[2026-05-18 23:47:26] Page received | start=8276 | records=25 | hibob_records=0 | sent_date_min=2024-06-10 12:17:52 UTC | sent_date_max=2026-04-24 14:08:51 UTC | last_updated_min=2026-05-08 09:41:12 UTC | last_updated_max=2026-05-08 09:41:48 UTC
[2026-05-18 23:47:26] Page processed | start=8276 | range_processed=8300 | range_created=7158 | range_updated=1142 | range_skipped_no_hibob=0 | range_errors=0
[2026-05-18 23:47:26] Sleeping 3s before next page...
[2026-05-18 23:47:29] Requesting page | start=8301 | count=25 | date_start=05-01-2026T00:00:00+0000 | date_end=05-31-2026T23:59:59+0000
[2026-05-18 23:47:33] Page received | start=8301 | records=25 | hibob_records=2 | sent_date_min=2023-03-20 13:12:34 UTC | sent_date_max=2026-05-08 09:49:48 UTC | last_updated_min=2026-05-08 09:41:48 UTC | last_updated_max=2026-05-08 09:51:19 UTC
[2026-05-18 23:47:33] Page processed | start=8301 | range_processed=8325 | range_created=7172 | range_updated=1153 | range_skipped_no_hibob=0 | range_errors=0
[2026-05-18 23:47:33] Sleeping 3s before next page...
[2026-05-18 23:47:36] Requesting page | start=8326 | count=25 | date_start=05-01-2026T00:00:00+0000 | date_end=05-31-2026T23:59:59+0000
[2026-05-18 23:47:40] Page received | start=8326 | records=25 | hibob_records=1 | sent_date_min=2025-01-20 06:36:47 UTC | sent_date_max=2026-05-08 09:52:04 UTC | last_updated_min=2026-05-08 09:51:19 UTC | last_updated_max=2026-05-08 09:52:11 UTC
[2026-05-18 23:47:41] Page processed | start=8326 | range_processed=8350 | range_created=7188 | range_updated=1162 | range_skipped_no_hibob=0 | range_errors=0
[2026-05-18 23:47:41] Sleeping 3s before next page...
[2026-05-18 23:47:44] Requesting page | start=8351 | count=25 | date_start=05-01-2026T00:00:00+0000 | date_end=05-31-2026T23:59:59+0000
[2026-05-18 23:47:51] Page received | start=8351 | records=25 | hibob_records=4 | sent_date_min=2025-04-25 15:54:20 UTC | sent_date_max=2026-05-08 09:56:33 UTC | last_updated_min=2026-05-08 09:52:11 UTC | last_updated_max=2026-05-08 09:57:30 UTC
[2026-05-18 23:47:51] Page processed | start=8351 | range_processed=8375 | range_created=7208 | range_updated=1167 | range_skipped_no_hibob=0 | range_errors=0
[2026-05-18 23:47:51] Sleeping 3s before next page...
[2026-05-18 23:47:54] Requesting page | start=8376 | count=25 | date_start=05-01-2026T00:00:00+0000 | date_end=05-31-2026T23:59:59+0000
[2026-05-18 23:47:58] Page received | start=8376 | records=25 | hibob_records=1 | sent_date_min=2025-04-28 23:07:56 UTC | sent_date_max=2026-05-08 09:58:31 UTC | last_updated_min=2026-05-08 09:57:51 UTC | last_updated_max=2026-05-08 09:59:10 UTC
[2026-05-18 23:47:59] Page processed | start=8376 | range_processed=8400 | range_created=7233 | range_updated=1167 | range_skipped_no_hibob=0 | range_errors=0
[2026-05-18 23:47:59] Sleeping 3s before next page...
[2026-05-18 23:48:02] Requesting page | start=8401 | count=25 | date_start=05-01-2026T00:00:00+0000 | date_end=05-31-2026T23:59:59+0000
[2026-05-18 23:48:06] Page received | start=8401 | records=25 | hibob_records=1 | sent_date_min=2025-08-10 16:47:47 UTC | sent_date_max=2026-05-05 15:00:09 UTC | last_updated_min=2026-05-08 09:59:10 UTC | last_updated_max=2026-05-08 10:01:43 UTC
[2026-05-18 23:48:06] Page processed | start=8401 | range_processed=8425 | range_created=7258 | range_updated=1167 | range_skipped_no_hibob=0 | range_errors=0
[2026-05-18 23:48:06] Sleeping 3s before next page...
[2026-05-18 23:48:09] Requesting page | start=8426 | count=25 | date_start=05-01-2026T00:00:00+0000 | date_end=05-31-2026T23:59:59+0000
[2026-05-18 23:48:19] Page received | start=8426 | records=25 | hibob_records=3 | sent_date_min=2025-04-25 03:33:55 UTC | sent_date_max=2026-05-08 10:22:16 UTC | last_updated_min=2026-05-08 10:02:12 UTC | last_updated_max=2026-05-08 10:22:16 UTC
[2026-05-18 23:48:19] Page processed | start=8426 | range_processed=8450 | range_created=7283 | range_updated=1167 | range_skipped_no_hibob=0 | range_errors=0
[2026-05-18 23:48:19] Sleeping 3s before next page...
[2026-05-18 23:48:22] Requesting page | start=8451 | count=25 | date_start=05-01-2026T00:00:00+0000 | date_end=05-31-2026T23:59:59+0000
[2026-05-18 23:48:27] Page received | start=8451 | records=25 | hibob_records=2 | sent_date_min=2026-03-23 15:34:16 UTC | sent_date_max=2026-05-08 10:37:05 UTC | last_updated_min=2026-05-08 10:22:30 UTC | last_updated_max=2026-05-08 10:38:10 UTC
[2026-05-18 23:48:27] Page processed | start=8451 | range_processed=8475 | range_created=7304 | range_updated=1171 | range_skipped_no_hibob=0 | range_errors=0
[2026-05-18 23:48:27] Sleeping 3s before next page...
[2026-05-18 23:48:30] Requesting page | start=8476 | count=25 | date_start=05-01-2026T00:00:00+0000 | date_end=05-31-2026T23:59:59+0000
[2026-05-18 23:48:35] Page received | start=8476 | records=25 | hibob_records=3 | sent_date_min=2026-02-26 13:21:54 UTC | sent_date_max=2026-05-08 10:52:11 UTC | last_updated_min=2026-05-08 10:38:45 UTC | last_updated_max=2026-05-08 10:53:15 UTC
[2026-05-18 23:48:36] Page processed | start=8476 | range_processed=8500 | range_created=7328 | range_updated=1172 | range_skipped_no_hibob=0 | range_errors=0
[2026-05-18 23:48:36] Sleeping 3s before next page...
[2026-05-18 23:48:39] Requesting page | start=8501 | count=25 | date_start=05-01-2026T00:00:00+0000 | date_end=05-31-2026T23:59:59+0000
[2026-05-18 23:48:44] Page received | start=8501 | records=25 | hibob_records=1 | sent_date_min=2025-02-03 09:39:08 UTC | sent_date_max=2026-05-05 22:52:02 UTC | last_updated_min=2026-05-08 10:53:45 UTC | last_updated_max=2026-05-08 11:06:14 UTC
[2026-05-18 23:48:44] Page processed | start=8501 | range_processed=8525 | range_created=7352 | range_updated=1173 | range_skipped_no_hibob=0 | range_errors=0
[2026-05-18 23:48:44] Sleeping 3s before next page...
[2026-05-18 23:48:47] Requesting page | start=8526 | count=25 | date_start=05-01-2026T00:00:00+0000 | date_end=05-31-2026T23:59:59+0000
[2026-05-18 23:48:52] Page received | start=8526 | records=25 | hibob_records=3 | sent_date_min=2026-02-23 18:08:04 UTC | sent_date_max=2026-05-08 11:07:40 UTC | last_updated_min=2026-05-08 11:06:33 UTC | last_updated_max=2026-05-08 11:12:00 UTC
[2026-05-18 23:48:52] Page processed | start=8526 | range_processed=8550 | range_created=7376 | range_updated=1174 | range_skipped_no_hibob=0 | range_errors=0
[2026-05-18 23:48:52] Sleeping 3s before next page...
[2026-05-18 23:48:55] Requesting page | start=8551 | count=25 | date_start=05-01-2026T00:00:00+0000 | date_end=05-31-2026T23:59:59+0000
[2026-05-18 23:49:02] Page received | start=8551 | records=25 | hibob_records=0 | sent_date_min=2026-02-19 15:07:41 UTC | sent_date_max=2026-04-21 14:10:34 UTC | last_updated_min=2026-05-08 11:12:08 UTC | last_updated_max=2026-05-08 11:16:28 UTC
[2026-05-18 23:49:02] Page processed | start=8551 | range_processed=8575 | range_created=7401 | range_updated=1174 | range_skipped_no_hibob=0 | range_errors=0
[2026-05-18 23:49:02] Sleeping 3s before next page...
[2026-05-18 23:49:05] Requesting page | start=8576 | count=25 | date_start=05-01-2026T00:00:00+0000 | date_end=05-31-2026T23:59:59+0000
[2026-05-18 23:49:10] Page received | start=8576 | records=25 | hibob_records=0 | sent_date_min=2025-04-29 23:24:54 UTC | sent_date_max=2026-05-08 11:17:48 UTC | last_updated_min=2026-05-08 11:16:38 UTC | last_updated_max=2026-05-08 11:20:26 UTC
[2026-05-18 23:49:10] Page processed | start=8576 | range_processed=8600 | range_created=7426 | range_updated=1174 | range_skipped_no_hibob=0 | range_errors=0
[2026-05-18 23:49:10] Sleeping 3s before next page...
[2026-05-18 23:49:13] Requesting page | start=8601 | count=25 | date_start=05-01-2026T00:00:00+0000 | date_end=05-31-2026T23:59:59+0000
[2026-05-18 23:49:17] Page received | start=8601 | records=25 | hibob_records=0 | sent_date_min=2025-04-18 11:33:47 UTC | sent_date_max=2026-05-08 11:24:32 UTC | last_updated_min=2026-05-08 11:20:27 UTC | last_updated_max=2026-05-08 11:24:32 UTC
[2026-05-18 23:49:17] Page processed | start=8601 | range_processed=8625 | range_created=7445 | range_updated=1180 | range_skipped_no_hibob=0 | range_errors=0
[2026-05-18 23:49:17] Sleeping 3s before next page...
[2026-05-18 23:49:20] Requesting page | start=8626 | count=25 | date_start=05-01-2026T00:00:00+0000 | date_end=05-31-2026T23:59:59+0000
[2026-05-18 23:49:27] Page received | start=8626 | records=25 | hibob_records=1 | sent_date_min=2025-04-15 17:56:21 UTC | sent_date_max=2026-04-25 12:56:22 UTC | last_updated_min=2026-05-08 11:24:44 UTC | last_updated_max=2026-05-08 11:27:31 UTC
[2026-05-18 23:49:28] Page processed | start=8626 | range_processed=8650 | range_created=7469 | range_updated=1181 | range_skipped_no_hibob=0 | range_errors=0
[2026-05-18 23:49:28] Sleeping 3s before next page...
[2026-05-18 23:49:31] Requesting page | start=8651 | count=25 | date_start=05-01-2026T00:00:00+0000 | date_end=05-31-2026T23:59:59+0000
[2026-05-18 23:49:35] Page received | start=8651 | records=25 | hibob_records=3 | sent_date_min=2025-10-13 08:52:44 UTC | sent_date_max=2026-05-07 12:07:25 UTC | last_updated_min=2026-05-08 11:27:31 UTC | last_updated_max=2026-05-08 11:30:05 UTC
[2026-05-18 23:49:36] Page processed | start=8651 | range_processed=8675 | range_created=7494 | range_updated=1181 | range_skipped_no_hibob=0 | range_errors=0
[2026-05-18 23:49:36] Sleeping 3s before next page...
[2026-05-18 23:49:39] Requesting page | start=8676 | count=25 | date_start=05-01-2026T00:00:00+0000 | date_end=05-31-2026T23:59:59+0000
[2026-05-18 23:49:46] Page received | start=8676 | records=25 | hibob_records=7 | sent_date_min=2026-03-31 16:22:20 UTC | sent_date_max=2026-05-07 08:37:20 UTC | last_updated_min=2026-05-08 11:30:05 UTC | last_updated_max=2026-05-08 11:30:05 UTC
[2026-05-18 23:49:46] Page processed | start=8676 | range_processed=8700 | range_created=7519 | range_updated=1181 | range_skipped_no_hibob=0 | range_errors=0
[2026-05-18 23:49:46] Sleeping 3s before next page...
[2026-05-18 23:49:49] Requesting page | start=8701 | count=25 | date_start=05-01-2026T00:00:00+0000 | date_end=05-31-2026T23:59:59+0000
[2026-05-18 23:49:54] Page received | start=8701 | records=25 | hibob_records=6 | sent_date_min=2026-04-14 20:52:06 UTC | sent_date_max=2026-05-05 05:22:15 UTC | last_updated_min=2026-05-08 11:30:06 UTC | last_updated_max=2026-05-08 11:30:06 UTC
[2026-05-18 23:49:55] Page processed | start=8701 | range_processed=8725 | range_created=7541 | range_updated=1184 | range_skipped_no_hibob=0 | range_errors=0
[2026-05-18 23:49:55] Sleeping 3s before next page...
[2026-05-18 23:49:58] Requesting page | start=8726 | count=25 | date_start=05-01-2026T00:00:00+0000 | date_end=05-31-2026T23:59:59+0000
[2026-05-18 23:50:03] Page received | start=8726 | records=25 | hibob_records=2 | sent_date_min=2026-03-26 15:22:08 UTC | sent_date_max=2026-05-07 08:14:08 UTC | last_updated_min=2026-05-08 11:30:06 UTC | last_updated_max=2026-05-08 11:31:44 UTC
[2026-05-18 23:50:03] Page processed | start=8726 | range_processed=8750 | range_created=7565 | range_updated=1185 | range_skipped_no_hibob=0 | range_errors=0
[2026-05-18 23:50:03] Sleeping 3s before next page...
[2026-05-18 23:50:06] Requesting page | start=8751 | count=25 | date_start=05-01-2026T00:00:00+0000 | date_end=05-31-2026T23:59:59+0000
[2026-05-18 23:50:11] Page received | start=8751 | records=25 | hibob_records=4 | sent_date_min=2025-02-03 19:34:10 UTC | sent_date_max=2026-05-06 20:07:15 UTC | last_updated_min=2026-05-08 11:32:24 UTC | last_updated_max=2026-05-08 11:34:03 UTC
[2026-05-18 23:50:11] Page processed | start=8751 | range_processed=8775 | range_created=7587 | range_updated=1188 | range_skipped_no_hibob=0 | range_errors=0
[2026-05-18 23:50:11] Sleeping 3s before next page...
[2026-05-18 23:50:14] Requesting page | start=8776 | count=25 | date_start=05-01-2026T00:00:00+0000 | date_end=05-31-2026T23:59:59+0000
[2026-05-18 23:50:18] Page received | start=8776 | records=25 | hibob_records=3 | sent_date_min=2025-04-07 18:17:59 UTC | sent_date_max=2026-05-05 18:37:35 UTC | last_updated_min=2026-05-08 11:34:03 UTC | last_updated_max=2026-05-08 11:36:49 UTC
[2026-05-18 23:50:19] Page processed | start=8776 | range_processed=8800 | range_created=7611 | range_updated=1189 | range_skipped_no_hibob=0 | range_errors=0
[2026-05-18 23:50:19] Sleeping 3s before next page...
[2026-05-18 23:50:22] Requesting page | start=8801 | count=25 | date_start=05-01-2026T00:00:00+0000 | date_end=05-31-2026T23:59:59+0000
[2026-05-18 23:50:27] Page received | start=8801 | records=25 | hibob_records=0 | sent_date_min=2025-04-16 18:02:53 UTC | sent_date_max=2026-05-08 11:37:28 UTC | last_updated_min=2026-05-08 11:37:13 UTC | last_updated_max=2026-05-08 11:38:43 UTC
[2026-05-18 23:50:27] Page processed | start=8801 | range_processed=8825 | range_created=7635 | range_updated=1190 | range_skipped_no_hibob=0 | range_errors=0
[2026-05-18 23:50:27] Sleeping 3s before next page...
[2026-05-18 23:50:30] Requesting page | start=8826 | count=25 | date_start=05-01-2026T00:00:00+0000 | date_end=05-31-2026T23:59:59+0000
[2026-05-18 23:50:34] Page received | start=8826 | records=25 | hibob_records=5 | sent_date_min=2025-04-25 16:12:29 UTC | sent_date_max=2026-05-08 02:52:14 UTC | last_updated_min=2026-05-08 11:38:43 UTC | last_updated_max=2026-05-08 11:44:20 UTC
[2026-05-18 23:50:35] Page processed | start=8826 | range_processed=8850 | range_created=7658 | range_updated=1192 | range_skipped_no_hibob=0 | range_errors=0
[2026-05-18 23:50:35] Sleeping 3s before next page...
[2026-05-18 23:50:38] Requesting page | start=8851 | count=25 | date_start=05-01-2026T00:00:00+0000 | date_end=05-31-2026T23:59:59+0000
[2026-05-18 23:50:43] Page received | start=8851 | records=25 | hibob_records=5 | sent_date_min=2024-06-17 12:55:09 UTC | sent_date_max=2026-05-08 11:49:10 UTC | last_updated_min=2026-05-08 11:44:20 UTC | last_updated_max=2026-05-08 11:50:58 UTC
[2026-05-18 23:50:44] Page processed | start=8851 | range_processed=8875 | range_created=7677 | range_updated=1198 | range_skipped_no_hibob=0 | range_errors=0
[2026-05-18 23:50:44] Sleeping 3s before next page...
[2026-05-18 23:50:47] Requesting page | start=8876 | count=25 | date_start=05-01-2026T00:00:00+0000 | date_end=05-31-2026T23:59:59+0000
[2026-05-18 23:50:52] Page received | start=8876 | records=25 | hibob_records=1 | sent_date_min=2025-04-28 12:45:33 UTC | sent_date_max=2026-05-08 11:52:27 UTC | last_updated_min=2026-05-08 11:52:04 UTC | last_updated_max=2026-05-08 11:56:54 UTC
[2026-05-18 23:50:52] Page processed | start=8876 | range_processed=8900 | range_created=7702 | range_updated=1198 | range_skipped_no_hibob=0 | range_errors=0
[2026-05-18 23:50:52] Sleeping 3s before next page...
[2026-05-18 23:50:55] Requesting page | start=8901 | count=25 | date_start=05-01-2026T00:00:00+0000 | date_end=05-31-2026T23:59:59+0000
[2026-05-18 23:51:02] Page received | start=8901 | records=25 | hibob_records=2 | sent_date_min=2025-04-16 01:18:15 UTC | sent_date_max=2026-05-08 10:32:49 UTC | last_updated_min=2026-05-08 11:56:56 UTC | last_updated_max=2026-05-08 12:00:04 UTC
[2026-05-18 23:51:02] Page processed | start=8901 | range_processed=8925 | range_created=7727 | range_updated=1198 | range_skipped_no_hibob=0 | range_errors=0
[2026-05-18 23:51:02] Sleeping 3s before next page...
[2026-05-18 23:51:05] Requesting page | start=8926 | count=25 | date_start=05-01-2026T00:00:00+0000 | date_end=05-31-2026T23:59:59+0000
[2026-05-18 23:51:09] Page received | start=8926 | records=25 | hibob_records=3 | sent_date_min=2026-03-02 18:08:15 UTC | sent_date_max=2026-05-05 08:37:52 UTC | last_updated_min=2026-05-08 12:00:04 UTC | last_updated_max=2026-05-08 12:00:04 UTC
[2026-05-18 23:51:10] Page processed | start=8926 | range_processed=8950 | range_created=7752 | range_updated=1198 | range_skipped_no_hibob=0 | range_errors=0
[2026-05-18 23:51:10] Sleeping 3s before next page...
[2026-05-18 23:51:13] Requesting page | start=8951 | count=25 | date_start=05-01-2026T00:00:00+0000 | date_end=05-31-2026T23:59:59+0000
[2026-05-18 23:51:17] Page received | start=8951 | records=25 | hibob_records=4 | sent_date_min=2026-04-01 11:52:44 UTC | sent_date_max=2026-05-07 13:37:42 UTC | last_updated_min=2026-05-08 12:00:04 UTC | last_updated_max=2026-05-08 12:00:05 UTC
[2026-05-18 23:51:18] Page processed | start=8951 | range_processed=8975 | range_created=7777 | range_updated=1198 | range_skipped_no_hibob=0 | range_errors=0
[2026-05-18 23:51:18] Sleeping 3s before next page...
[2026-05-18 23:51:21] Requesting page | start=8976 | count=25 | date_start=05-01-2026T00:00:00+0000 | date_end=05-31-2026T23:59:59+0000
[2026-05-18 23:51:25] Page received | start=8976 | records=25 | hibob_records=3 | sent_date_min=2026-04-10 15:09:58 UTC | sent_date_max=2026-05-06 21:22:06 UTC | last_updated_min=2026-05-08 12:00:05 UTC | last_updated_max=2026-05-08 12:00:07 UTC
[2026-05-18 23:51:25] Page processed | start=8976 | range_processed=9000 | range_created=7802 | range_updated=1198 | range_skipped_no_hibob=0 | range_errors=0
[2026-05-18 23:51:25] Sleeping 3s before next page...
[2026-05-18 23:51:28] Requesting page | start=9001 | count=25 | date_start=05-01-2026T00:00:00+0000 | date_end=05-31-2026T23:59:59+0000
[2026-05-18 23:51:33] Page received | start=9001 | records=25 | hibob_records=5 | sent_date_min=2026-02-28 20:02:35 UTC | sent_date_max=2026-05-08 12:07:13 UTC | last_updated_min=2026-05-08 12:00:07 UTC | last_updated_max=2026-05-08 12:14:23 UTC
[2026-05-18 23:51:33] Page processed | start=9001 | range_processed=9025 | range_created=7827 | range_updated=1198 | range_skipped_no_hibob=0 | range_errors=0
[2026-05-18 23:51:33] Sleeping 3s before next page...
[2026-05-18 23:51:36] Requesting page | start=9026 | count=25 | date_start=05-01-2026T00:00:00+0000 | date_end=05-31-2026T23:59:59+0000
[2026-05-18 23:51:42] Page received | start=9026 | records=25 | hibob_records=5 | sent_date_min=2025-11-20 09:27:21 UTC | sent_date_max=2026-05-08 12:24:34 UTC | last_updated_min=2026-05-08 12:14:51 UTC | last_updated_max=2026-05-08 12:30:04 UTC
[2026-05-18 23:51:42] Page processed | start=9026 | range_processed=9050 | range_created=7852 | range_updated=1198 | range_skipped_no_hibob=0 | range_errors=0
[2026-05-18 23:51:42] Sleeping 3s before next page...
[2026-05-18 23:51:45] Requesting page | start=9051 | count=25 | date_start=05-01-2026T00:00:00+0000 | date_end=05-31-2026T23:59:59+0000
[2026-05-18 23:51:50] Page received | start=9051 | records=25 | hibob_records=5 | sent_date_min=2026-04-02 09:22:06 UTC | sent_date_max=2026-05-05 21:25:44 UTC | last_updated_min=2026-05-08 12:30:04 UTC | last_updated_max=2026-05-08 12:30:05 UTC
[2026-05-18 23:51:51] Page processed | start=9051 | range_processed=9075 | range_created=7876 | range_updated=1199 | range_skipped_no_hibob=0 | range_errors=0
[2026-05-18 23:51:51] Sleeping 3s before next page...
[2026-05-18 23:51:54] Requesting page | start=9076 | count=25 | date_start=05-01-2026T00:00:00+0000 | date_end=05-31-2026T23:59:59+0000
[2026-05-18 23:51:58] Page received | start=9076 | records=25 | hibob_records=2 | sent_date_min=2026-01-15 02:57:58 UTC | sent_date_max=2026-05-07 07:23:31 UTC | last_updated_min=2026-05-08 12:30:05 UTC | last_updated_max=2026-05-08 12:35:22 UTC
[2026-05-18 23:51:58] Page processed | start=9076 | range_processed=9100 | range_created=7899 | range_updated=1201 | range_skipped_no_hibob=0 | range_errors=0
[2026-05-18 23:51:58] Sleeping 3s before next page...
[2026-05-18 23:52:01] Requesting page | start=9101 | count=25 | date_start=05-01-2026T00:00:00+0000 | date_end=05-31-2026T23:59:59+0000
[2026-05-18 23:52:07] Page received | start=9101 | records=25 | hibob_records=7 | sent_date_min=2025-10-04 23:58:25 UTC | sent_date_max=2026-05-08 12:37:32 UTC | last_updated_min=2026-05-08 12:35:23 UTC | last_updated_max=2026-05-08 12:52:58 UTC
[2026-05-18 23:52:07] Page processed | start=9101 | range_processed=9125 | range_created=7920 | range_updated=1205 | range_skipped_no_hibob=0 | range_errors=0
[2026-05-18 23:52:07] Sleeping 3s before next page...
[2026-05-18 23:52:10] Requesting page | start=9126 | count=25 | date_start=05-01-2026T00:00:00+0000 | date_end=05-31-2026T23:59:59+0000
[2026-05-18 23:52:15] Page received | start=9126 | records=25 | hibob_records=5 | sent_date_min=2025-10-06 04:03:07 UTC | sent_date_max=2026-05-08 09:18:14 UTC | last_updated_min=2026-05-08 12:53:28 UTC | last_updated_max=2026-05-08 12:58:43 UTC
[2026-05-18 23:52:16] Page processed | start=9126 | range_processed=9150 | range_created=7944 | range_updated=1206 | range_skipped_no_hibob=0 | range_errors=0
[2026-05-18 23:52:16] Sleeping 3s before next page...
[2026-05-18 23:52:19] Requesting page | start=9151 | count=25 | date_start=05-01-2026T00:00:00+0000 | date_end=05-31-2026T23:59:59+0000
[2026-05-18 23:52:23] Page received | start=9151 | records=25 | hibob_records=8 | sent_date_min=2026-02-27 17:43:19 UTC | sent_date_max=2026-05-07 09:52:42 UTC | last_updated_min=2026-05-08 12:59:16 UTC | last_updated_max=2026-05-08 13:00:05 UTC
[2026-05-18 23:52:23] Page processed | start=9151 | range_processed=9175 | range_created=7969 | range_updated=1206 | range_skipped_no_hibob=0 | range_errors=0
[2026-05-18 23:52:23] Sleeping 3s before next page...
[2026-05-18 23:52:26] Requesting page | start=9176 | count=25 | date_start=05-01-2026T00:00:00+0000 | date_end=05-31-2026T23:59:59+0000
[2026-05-18 23:52:31] Page received | start=9176 | records=25 | hibob_records=9 | sent_date_min=2026-02-19 09:47:45 UTC | sent_date_max=2026-05-08 13:07:20 UTC | last_updated_min=2026-05-08 13:00:05 UTC | last_updated_max=2026-05-08 13:07:29 UTC
[2026-05-18 23:52:32] Page processed | start=9176 | range_processed=9200 | range_created=7992 | range_updated=1208 | range_skipped_no_hibob=0 | range_errors=0
[2026-05-18 23:52:32] Sleeping 3s before next page...
[2026-05-18 23:52:35] Requesting page | start=9201 | count=25 | date_start=05-01-2026T00:00:00+0000 | date_end=05-31-2026T23:59:59+0000
[2026-05-18 23:52:39] Page received | start=9201 | records=25 | hibob_records=3 | sent_date_min=2026-03-17 14:47:50 UTC | sent_date_max=2026-05-08 13:22:37 UTC | last_updated_min=2026-05-08 13:07:46 UTC | last_updated_max=2026-05-08 13:24:29 UTC
[2026-05-18 23:52:39] Page processed | start=9201 | range_processed=9225 | range_created=8016 | range_updated=1209 | range_skipped_no_hibob=0 | range_errors=0
[2026-05-18 23:52:39] Sleeping 3s before next page...
[2026-05-18 23:52:42] Requesting page | start=9226 | count=25 | date_start=05-01-2026T00:00:00+0000 | date_end=05-31-2026T23:59:59+0000
[2026-05-18 23:52:47] Page received | start=9226 | records=25 | hibob_records=1 | sent_date_min=2024-11-21 01:30:34 UTC | sent_date_max=2026-05-08 13:37:44 UTC | last_updated_min=2026-05-08 13:24:33 UTC | last_updated_max=2026-05-08 13:37:52 UTC
[2026-05-18 23:52:47] Page processed | start=9226 | range_processed=9250 | range_created=8038 | range_updated=1212 | range_skipped_no_hibob=0 | range_errors=0
[2026-05-18 23:52:47] Sleeping 3s before next page...
[2026-05-18 23:52:50] Requesting page | start=9251 | count=25 | date_start=05-01-2026T00:00:00+0000 | date_end=05-31-2026T23:59:59+0000
[2026-05-18 23:52:55] Page received | start=9251 | records=25 | hibob_records=2 | sent_date_min=2026-02-08 21:38:14 UTC | sent_date_max=2026-05-08 06:55:04 UTC | last_updated_min=2026-05-08 13:38:47 UTC | last_updated_max=2026-05-08 13:46:26 UTC
[2026-05-18 23:52:55] Page processed | start=9251 | range_processed=9275 | range_created=8061 | range_updated=1214 | range_skipped_no_hibob=0 | range_errors=0
[2026-05-18 23:52:55] Sleeping 3s before next page...
[2026-05-18 23:52:58] Requesting page | start=9276 | count=25 | date_start=05-01-2026T00:00:00+0000 | date_end=05-31-2026T23:59:59+0000
[2026-05-18 23:53:04] Page received | start=9276 | records=25 | hibob_records=4 | sent_date_min=2025-05-07 17:27:04 UTC | sent_date_max=2026-05-08 08:47:48 UTC | last_updated_min=2026-05-08 13:46:27 UTC | last_updated_max=2026-05-08 13:49:30 UTC
[2026-05-18 23:53:04] Page processed | start=9276 | range_processed=9300 | range_created=8086 | range_updated=1214 | range_skipped_no_hibob=0 | range_errors=0
[2026-05-18 23:53:04] Sleeping 3s before next page...
[2026-05-18 23:53:07] Requesting page | start=9301 | count=25 | date_start=05-01-2026T00:00:00+0000 | date_end=05-31-2026T23:59:59+0000
[2026-05-18 23:53:11] Page received | start=9301 | records=25 | hibob_records=3 | sent_date_min=2025-12-17 19:52:26 UTC | sent_date_max=2026-05-08 13:53:16 UTC | last_updated_min=2026-05-08 13:49:36 UTC | last_updated_max=2026-05-08 14:00:09 UTC
[2026-05-18 23:53:11] Page processed | start=9301 | range_processed=9325 | range_created=8110 | range_updated=1215 | range_skipped_no_hibob=0 | range_errors=0
[2026-05-18 23:53:11] Sleeping 3s before next page...
[2026-05-18 23:53:15] Requesting page | start=9326 | count=25 | date_start=05-01-2026T00:00:00+0000 | date_end=05-31-2026T23:59:59+0000
[2026-05-18 23:53:19] Page received | start=9326 | records=25 | hibob_records=3 | sent_date_min=2026-01-27 09:24:43 UTC | sent_date_max=2026-05-08 14:07:34 UTC | last_updated_min=2026-05-08 14:00:13 UTC | last_updated_max=2026-05-08 14:11:38 UTC
[2026-05-18 23:53:19] Page processed | start=9326 | range_processed=9350 | range_created=8135 | range_updated=1215 | range_skipped_no_hibob=0 | range_errors=0
[2026-05-18 23:53:19] Sleeping 3s before next page...
[2026-05-18 23:53:22] Requesting page | start=9351 | count=25 | date_start=05-01-2026T00:00:00+0000 | date_end=05-31-2026T23:59:59+0000
[2026-05-18 23:53:28] Page received | start=9351 | records=25 | hibob_records=3 | sent_date_min=2026-03-11 08:24:30 UTC | sent_date_max=2026-05-08 14:30:53 UTC | last_updated_min=2026-05-08 14:12:00 UTC | last_updated_max=2026-05-08 14:31:56 UTC
[2026-05-18 23:53:28] Page processed | start=9351 | range_processed=9375 | range_created=8160 | range_updated=1215 | range_skipped_no_hibob=0 | range_errors=0
[2026-05-18 23:53:28] Sleeping 3s before next page...
[2026-05-18 23:53:31] Requesting page | start=9376 | count=25 | date_start=05-01-2026T00:00:00+0000 | date_end=05-31-2026T23:59:59+0000
[2026-05-18 23:53:36] Page received | start=9376 | records=25 | hibob_records=13 | sent_date_min=2026-04-16 13:59:07 UTC | sent_date_max=2026-05-08 14:37:22 UTC | last_updated_min=2026-05-08 14:33:33 UTC | last_updated_max=2026-05-08 14:39:34 UTC
[2026-05-18 23:53:36] Page processed | start=9376 | range_processed=9400 | range_created=8185 | range_updated=1215 | range_skipped_no_hibob=0 | range_errors=0
[2026-05-18 23:53:36] Sleeping 3s before next page...
[2026-05-18 23:53:39] Requesting page | start=9401 | count=25 | date_start=05-01-2026T00:00:00+0000 | date_end=05-31-2026T23:59:59+0000
[2026-05-18 23:53:46] Page received | start=9401 | records=25 | hibob_records=4 | sent_date_min=2026-03-20 14:06:40 UTC | sent_date_max=2026-05-08 14:52:30 UTC | last_updated_min=2026-05-08 14:39:43 UTC | last_updated_max=2026-05-08 14:58:45 UTC
[2026-05-18 23:53:46] Page processed | start=9401 | range_processed=9425 | range_created=8209 | range_updated=1216 | range_skipped_no_hibob=0 | range_errors=0
[2026-05-18 23:53:46] Sleeping 3s before next page...
[2026-05-18 23:53:49] Requesting page | start=9426 | count=25 | date_start=05-01-2026T00:00:00+0000 | date_end=05-31-2026T23:59:59+0000
[2026-05-18 23:53:54] Page received | start=9426 | records=25 | hibob_records=5 | sent_date_min=2026-03-11 14:27:40 UTC | sent_date_max=2026-05-05 11:07:05 UTC | last_updated_min=2026-05-08 14:58:49 UTC | last_updated_max=2026-05-08 15:01:10 UTC
[2026-05-18 23:53:54] Page processed | start=9426 | range_processed=9450 | range_created=8231 | range_updated=1219 | range_skipped_no_hibob=0 | range_errors=0
[2026-05-18 23:53:54] Sleeping 3s before next page...
[2026-05-18 23:53:57] Requesting page | start=9451 | count=25 | date_start=05-01-2026T00:00:00+0000 | date_end=05-31-2026T23:59:59+0000
[2026-05-18 23:54:03] Page received | start=9451 | records=25 | hibob_records=2 | sent_date_min=2025-08-20 22:46:01 UTC | sent_date_max=2026-05-08 15:07:22 UTC | last_updated_min=2026-05-08 15:01:11 UTC | last_updated_max=2026-05-08 15:08:55 UTC
[2026-05-18 23:54:03] Page processed | start=9451 | range_processed=9475 | range_created=8256 | range_updated=1219 | range_skipped_no_hibob=0 | range_errors=0
[2026-05-18 23:54:03] Sleeping 3s before next page...
[2026-05-18 23:54:06] Requesting page | start=9476 | count=25 | date_start=05-01-2026T00:00:00+0000 | date_end=05-31-2026T23:59:59+0000
[2026-05-18 23:54:13] Page received | start=9476 | records=25 | hibob_records=0 | sent_date_min=2026-04-07 11:47:25 UTC | sent_date_max=2026-04-15 11:38:51 UTC | last_updated_min=2026-05-08 15:08:55 UTC | last_updated_max=2026-05-08 15:09:31 UTC
[2026-05-18 23:54:13] Page processed | start=9476 | range_processed=9500 | range_created=8279 | range_updated=1221 | range_skipped_no_hibob=0 | range_errors=0
[2026-05-18 23:54:13] Sleeping 3s before next page...
[2026-05-18 23:54:16] Requesting page | start=9501 | count=25 | date_start=05-01-2026T00:00:00+0000 | date_end=05-31-2026T23:59:59+0000
[2026-05-18 23:54:23] Page received | start=9501 | records=25 | hibob_records=1 | sent_date_min=2026-04-07 11:37:03 UTC | sent_date_max=2026-05-05 00:22:05 UTC | last_updated_min=2026-05-08 15:09:59 UTC | last_updated_max=2026-05-08 15:15:42 UTC
[2026-05-18 23:54:23] Page processed | start=9501 | range_processed=9525 | range_created=8296 | range_updated=1229 | range_skipped_no_hibob=0 | range_errors=0
[2026-05-18 23:54:23] Sleeping 3s before next page...
[2026-05-18 23:54:26] Requesting page | start=9526 | count=25 | date_start=05-01-2026T00:00:00+0000 | date_end=05-31-2026T23:59:59+0000
[2026-05-18 23:54:30] Page received | start=9526 | records=25 | hibob_records=18 | sent_date_min=2026-03-25 10:32:27 UTC | sent_date_max=2026-05-08 15:24:38 UTC | last_updated_min=2026-05-08 15:19:47 UTC | last_updated_max=2026-05-08 15:28:27 UTC
[2026-05-18 23:54:30] Page processed | start=9526 | range_processed=9550 | range_created=8320 | range_updated=1230 | range_skipped_no_hibob=0 | range_errors=0
[2026-05-18 23:54:30] Sleeping 3s before next page...
[2026-05-18 23:54:33] Requesting page | start=9551 | count=25 | date_start=05-01-2026T00:00:00+0000 | date_end=05-31-2026T23:59:59+0000
[2026-05-18 23:54:37] Page received | start=9551 | records=25 | hibob_records=17 | sent_date_min=2026-02-11 14:46:14 UTC | sent_date_max=2026-05-08 15:52:32 UTC | last_updated_min=2026-05-08 15:28:52 UTC | last_updated_max=2026-05-08 15:56:42 UTC
[2026-05-18 23:54:37] Page processed | start=9551 | range_processed=9575 | range_created=8345 | range_updated=1230 | range_skipped_no_hibob=0 | range_errors=0
[2026-05-18 23:54:37] Sleeping 3s before next page...
[2026-05-18 23:54:40] Requesting page | start=9576 | count=25 | date_start=05-01-2026T00:00:00+0000 | date_end=05-31-2026T23:59:59+0000
[2026-05-18 23:54:46] Page received | start=9576 | records=25 | hibob_records=15 | sent_date_min=2026-03-30 22:07:16 UTC | sent_date_max=2026-05-08 16:07:22 UTC | last_updated_min=2026-05-08 15:58:13 UTC | last_updated_max=2026-05-08 16:12:42 UTC
[2026-05-18 23:54:46] Page processed | start=9576 | range_processed=9600 | range_created=8369 | range_updated=1231 | range_skipped_no_hibob=0 | range_errors=0
[2026-05-18 23:54:46] Sleeping 3s before next page...
[2026-05-18 23:54:49] Requesting page | start=9601 | count=25 | date_start=05-01-2026T00:00:00+0000 | date_end=05-31-2026T23:59:59+0000
[2026-05-18 23:54:54] Page received | start=9601 | records=25 | hibob_records=15 | sent_date_min=2025-11-25 18:53:31 UTC | sent_date_max=2026-05-08 16:20:03 UTC | last_updated_min=2026-05-08 16:12:42 UTC | last_updated_max=2026-05-08 16:21:54 UTC
[2026-05-18 23:54:55] Page processed | start=9601 | range_processed=9625 | range_created=8394 | range_updated=1231 | range_skipped_no_hibob=0 | range_errors=0
[2026-05-18 23:54:55] Sleeping 3s before next page...
[2026-05-18 23:54:58] Requesting page | start=9626 | count=25 | date_start=05-01-2026T00:00:00+0000 | date_end=05-31-2026T23:59:59+0000
[2026-05-18 23:55:03] Page received | start=9626 | records=25 | hibob_records=11 | sent_date_min=2026-02-17 14:12:16 UTC | sent_date_max=2026-05-08 16:57:09 UTC | last_updated_min=2026-05-08 16:22:06 UTC | last_updated_max=2026-05-08 16:57:14 UTC
[2026-05-18 23:55:03] Page processed | start=9626 | range_processed=9650 | range_created=8419 | range_updated=1231 | range_skipped_no_hibob=0 | range_errors=0
[2026-05-18 23:55:03] Sleeping 3s before next page...
[2026-05-18 23:55:06] Requesting page | start=9651 | count=25 | date_start=05-01-2026T00:00:00+0000 | date_end=05-31-2026T23:59:59+0000
[2026-05-18 23:55:10] Page received | start=9651 | records=25 | hibob_records=4 | sent_date_min=2026-01-17 23:37:10 UTC | sent_date_max=2026-05-08 17:09:15 UTC | last_updated_min=2026-05-08 16:57:26 UTC | last_updated_max=2026-05-08 17:11:43 UTC
[2026-05-18 23:55:10] Page processed | start=9651 | range_processed=9675 | range_created=8442 | range_updated=1233 | range_skipped_no_hibob=0 | range_errors=0
[2026-05-18 23:55:10] Sleeping 3s before next page...
[2026-05-18 23:55:13] Requesting page | start=9676 | count=25 | date_start=05-01-2026T00:00:00+0000 | date_end=05-31-2026T23:59:59+0000
[2026-05-18 23:55:18] Page received | start=9676 | records=25 | hibob_records=1 | sent_date_min=2026-04-07 08:52:12 UTC | sent_date_max=2026-05-08 18:07:30 UTC | last_updated_min=2026-05-08 17:12:43 UTC | last_updated_max=2026-05-08 18:07:30 UTC
[2026-05-18 23:55:18] Page processed | start=9676 | range_processed=9700 | range_created=8467 | range_updated=1233 | range_skipped_no_hibob=0 | range_errors=0
[2026-05-18 23:55:18] Sleeping 3s before next page...
[2026-05-18 23:55:21] Requesting page | start=9701 | count=25 | date_start=05-01-2026T00:00:00+0000 | date_end=05-31-2026T23:59:59+0000
[2026-05-18 23:55:28] Page received | start=9701 | records=25 | hibob_records=0 | sent_date_min=2026-04-16 16:46:39 UTC | sent_date_max=2026-05-08 18:40:21 UTC | last_updated_min=2026-05-08 18:07:30 UTC | last_updated_max=2026-05-08 18:40:36 UTC
[2026-05-18 23:55:29] Page processed | start=9701 | range_processed=9725 | range_created=8492 | range_updated=1233 | range_skipped_no_hibob=0 | range_errors=0
[2026-05-18 23:55:29] Sleeping 3s before next page...
[2026-05-18 23:55:32] Requesting page | start=9726 | count=25 | date_start=05-01-2026T00:00:00+0000 | date_end=05-31-2026T23:59:59+0000
[2026-05-18 23:55:37] Page received | start=9726 | records=25 | hibob_records=2 | sent_date_min=2026-03-29 22:07:27 UTC | sent_date_max=2026-05-08 19:22:59 UTC | last_updated_min=2026-05-08 18:41:08 UTC | last_updated_max=2026-05-08 19:30:12 UTC
[2026-05-18 23:55:37] Page processed | start=9726 | range_processed=9750 | range_created=8517 | range_updated=1233 | range_skipped_no_hibob=0 | range_errors=0
[2026-05-18 23:55:37] Sleeping 3s before next page...
[2026-05-18 23:55:40] Requesting page | start=9751 | count=25 | date_start=05-01-2026T00:00:00+0000 | date_end=05-31-2026T23:59:59+0000
[2026-05-18 23:55:45] Page received | start=9751 | records=25 | hibob_records=1 | sent_date_min=2026-04-01 04:14:37 UTC | sent_date_max=2026-05-08 19:55:30 UTC | last_updated_min=2026-05-08 19:30:12 UTC | last_updated_max=2026-05-08 20:00:19 UTC
[2026-05-18 23:55:45] Page processed | start=9751 | range_processed=9775 | range_created=8542 | range_updated=1233 | range_skipped_no_hibob=0 | range_errors=0
[2026-05-18 23:55:45] Sleeping 3s before next page...
[2026-05-18 23:55:48] Requesting page | start=9776 | count=25 | date_start=05-01-2026T00:00:00+0000 | date_end=05-31-2026T23:59:59+0000
[2026-05-18 23:55:54] Page received | start=9776 | records=25 | hibob_records=9 | sent_date_min=2026-04-02 17:42:59 UTC | sent_date_max=2026-05-08 20:27:01 UTC | last_updated_min=2026-05-08 20:00:19 UTC | last_updated_max=2026-05-08 20:27:01 UTC
[2026-05-18 23:55:54] Page processed | start=9776 | range_processed=9800 | range_created=8565 | range_updated=1235 | range_skipped_no_hibob=0 | range_errors=0
[2026-05-18 23:55:54] Sleeping 3s before next page...
[2026-05-18 23:55:57] Requesting page | start=9801 | count=25 | date_start=05-01-2026T00:00:00+0000 | date_end=05-31-2026T23:59:59+0000
[2026-05-18 23:56:02] Page received | start=9801 | records=25 | hibob_records=1 | sent_date_min=2025-10-07 22:50:54 UTC | sent_date_max=2026-05-08 22:22:02 UTC | last_updated_min=2026-05-08 20:37:05 UTC | last_updated_max=2026-05-08 22:28:39 UTC
[2026-05-18 23:56:02] Page processed | start=9801 | range_processed=9825 | range_created=8590 | range_updated=1235 | range_skipped_no_hibob=0 | range_errors=0
[2026-05-18 23:56:02] Sleeping 3s before next page...
[2026-05-18 23:56:05] Requesting page | start=9826 | count=25 | date_start=05-01-2026T00:00:00+0000 | date_end=05-31-2026T23:59:59+0000
[2026-05-18 23:56:10] Page received | start=9826 | records=25 | hibob_records=0 | sent_date_min=2025-11-29 14:38:03 UTC | sent_date_max=2026-03-02 11:23:41 UTC | last_updated_min=2026-05-08 22:28:39 UTC | last_updated_max=2026-05-08 22:28:48 UTC
[2026-05-18 23:56:11] Page processed | start=9826 | range_processed=9850 | range_created=8605 | range_updated=1245 | range_skipped_no_hibob=0 | range_errors=0
[2026-05-18 23:56:11] Sleeping 3s before next page...
[2026-05-18 23:56:14] Requesting page | start=9851 | count=25 | date_start=05-01-2026T00:00:00+0000 | date_end=05-31-2026T23:59:59+0000
[2026-05-18 23:56:18] Page received | start=9851 | records=25 | hibob_records=1 | sent_date_min=2025-09-27 12:38:20 UTC | sent_date_max=2026-05-08 22:37:11 UTC | last_updated_min=2026-05-08 22:28:49 UTC | last_updated_max=2026-05-08 22:47:54 UTC
[2026-05-18 23:56:18] Page processed | start=9851 | range_processed=9875 | range_created=8620 | range_updated=1255 | range_skipped_no_hibob=0 | range_errors=0
[2026-05-18 23:56:18] Sleeping 3s before next page...
[2026-05-18 23:56:21] Requesting page | start=9876 | count=25 | date_start=05-01-2026T00:00:00+0000 | date_end=05-31-2026T23:59:59+0000
[2026-05-18 23:56:26] Page received | start=9876 | records=25 | hibob_records=0 | sent_date_min=2026-01-14 11:45:23 UTC | sent_date_max=2026-04-12 14:07:22 UTC | last_updated_min=2026-05-08 22:47:54 UTC | last_updated_max=2026-05-08 22:48:04 UTC
[2026-05-18 23:56:27] Page processed | start=9876 | range_processed=9900 | range_created=8621 | range_updated=1279 | range_skipped_no_hibob=0 | range_errors=0
[2026-05-18 23:56:27] Sleeping 3s before next page...
[2026-05-18 23:56:30] Requesting page | start=9901 | count=25 | date_start=05-01-2026T00:00:00+0000 | date_end=05-31-2026T23:59:59+0000
[2026-05-18 23:56:35] Page received | start=9901 | records=25 | hibob_records=1 | sent_date_min=2026-05-05 20:52:11 UTC | sent_date_max=2026-05-09 05:07:09 UTC | last_updated_min=2026-05-08 22:48:04 UTC | last_updated_max=2026-05-09 05:07:09 UTC
[2026-05-18 23:56:35] Page processed | start=9901 | range_processed=9925 | range_created=8646 | range_updated=1279 | range_skipped_no_hibob=0 | range_errors=0
[2026-05-18 23:56:35] Sleeping 3s before next page...
[2026-05-18 23:56:38] Requesting page | start=9926 | count=25 | date_start=05-01-2026T00:00:00+0000 | date_end=05-31-2026T23:59:59+0000
[2026-05-18 23:56:43] Page received | start=9926 | records=25 | hibob_records=0 | sent_date_min=2026-04-28 23:52:19 UTC | sent_date_max=2026-05-09 07:52:04 UTC | last_updated_min=2026-05-09 05:12:29 UTC | last_updated_max=2026-05-09 07:52:04 UTC
[2026-05-18 23:56:43] Page processed | start=9926 | range_processed=9950 | range_created=8671 | range_updated=1279 | range_skipped_no_hibob=0 | range_errors=0
[2026-05-18 23:56:43] Sleeping 3s before next page...
[2026-05-18 23:56:46] Requesting page | start=9951 | count=25 | date_start=05-01-2026T00:00:00+0000 | date_end=05-31-2026T23:59:59+0000
[2026-05-18 23:56:51] Page received | start=9951 | records=25 | hibob_records=2 | sent_date_min=2026-05-06 04:37:50 UTC | sent_date_max=2026-05-09 09:22:16 UTC | last_updated_min=2026-05-09 07:52:20 UTC | last_updated_max=2026-05-09 09:22:16 UTC
[2026-05-18 23:56:51] Page processed | start=9951 | range_processed=9975 | range_created=8696 | range_updated=1279 | range_skipped_no_hibob=0 | range_errors=0
[2026-05-18 23:56:51] Sleeping 3s before next page...
[2026-05-18 23:56:54] Requesting page | start=9976 | count=25 | date_start=05-01-2026T00:00:00+0000 | date_end=05-31-2026T23:59:59+0000
[2026-05-18 23:56:59] Page received | start=9976 | records=25 | hibob_records=0 | sent_date_min=2026-05-09 09:22:32 UTC | sent_date_max=2026-05-09 11:28:28 UTC | last_updated_min=2026-05-09 09:22:32 UTC | last_updated_max=2026-05-09 11:28:28 UTC
[2026-05-18 23:56:59] Page processed | start=9976 | range_processed=10000 | range_created=8721 | range_updated=1279 | range_skipped_no_hibob=0 | range_errors=0
[2026-05-18 23:56:59] Sleeping 3s before next page...
[2026-05-18 23:57:02] Requesting page | start=10001 | count=25 | date_start=05-01-2026T00:00:00+0000 | date_end=05-31-2026T23:59:59+0000
[2026-05-18 23:57:07] Page received | start=10001 | records=25 | hibob_records=1 | sent_date_min=2026-02-28 10:16:30 UTC | sent_date_max=2026-05-09 13:36:07 UTC | last_updated_min=2026-05-09 11:37:03 UTC | last_updated_max=2026-05-09 13:36:07 UTC
[2026-05-18 23:57:07] Page processed | start=10001 | range_processed=10025 | range_created=8745 | range_updated=1280 | range_skipped_no_hibob=0 | range_errors=0
[2026-05-18 23:57:07] Sleeping 3s before next page...
[2026-05-18 23:57:10] Requesting page | start=10026 | count=25 | date_start=05-01-2026T00:00:00+0000 | date_end=05-31-2026T23:59:59+0000
[2026-05-18 23:57:15] Page received | start=10026 | records=25 | hibob_records=3 | sent_date_min=2026-05-06 13:37:37 UTC | sent_date_max=2026-05-09 16:52:15 UTC | last_updated_min=2026-05-09 13:58:42 UTC | last_updated_max=2026-05-09 17:00:18 UTC
[2026-05-18 23:57:16] Page processed | start=10026 | range_processed=10050 | range_created=8770 | range_updated=1280 | range_skipped_no_hibob=0 | range_errors=0
[2026-05-18 23:57:16] Sleeping 3s before next page...
[2026-05-18 23:57:19] Requesting page | start=10051 | count=25 | date_start=05-01-2026T00:00:00+0000 | date_end=05-31-2026T23:59:59+0000
[2026-05-18 23:57:24] Page received | start=10051 | records=25 | hibob_records=0 | sent_date_min=2026-03-27 18:31:14 UTC | sent_date_max=2026-05-09 19:52:15 UTC | last_updated_min=2026-05-09 17:03:51 UTC | last_updated_max=2026-05-09 19:52:15 UTC
[2026-05-18 23:57:24] Page processed | start=10051 | range_processed=10075 | range_created=8795 | range_updated=1280 | range_skipped_no_hibob=0 | range_errors=0
[2026-05-18 23:57:24] Sleeping 3s before next page...
[2026-05-18 23:57:27] Requesting page | start=10076 | count=25 | date_start=05-01-2026T00:00:00+0000 | date_end=05-31-2026T23:59:59+0000
[2026-05-18 23:57:32] Page received | start=10076 | records=25 | hibob_records=1 | sent_date_min=2026-04-30 18:07:24 UTC | sent_date_max=2026-05-09 22:52:09 UTC | last_updated_min=2026-05-09 19:52:20 UTC | last_updated_max=2026-05-09 22:52:09 UTC
[2026-05-18 23:57:32] Page processed | start=10076 | range_processed=10100 | range_created=8820 | range_updated=1280 | range_skipped_no_hibob=0 | range_errors=0
[2026-05-18 23:57:32] Sleeping 3s before next page...
[2026-05-18 23:57:35] Requesting page | start=10101 | count=25 | date_start=05-01-2026T00:00:00+0000 | date_end=05-31-2026T23:59:59+0000
[2026-05-18 23:57:40] Page received | start=10101 | records=25 | hibob_records=1 | sent_date_min=2026-05-06 22:22:06 UTC | sent_date_max=2026-05-10 06:14:06 UTC | last_updated_min=2026-05-09 22:52:21 UTC | last_updated_max=2026-05-10 06:14:06 UTC
[2026-05-18 23:57:40] Page processed | start=10101 | range_processed=10125 | range_created=8845 | range_updated=1280 | range_skipped_no_hibob=0 | range_errors=0
[2026-05-18 23:57:40] Sleeping 3s before next page...
[2026-05-18 23:57:43] Requesting page | start=10126 | count=25 | date_start=05-01-2026T00:00:00+0000 | date_end=05-31-2026T23:59:59+0000
[2026-05-18 23:57:49] Page received | start=10126 | records=25 | hibob_records=5 | sent_date_min=2026-05-07 03:37:06 UTC | sent_date_max=2026-05-10 10:41:57 UTC | last_updated_min=2026-05-10 06:22:03 UTC | last_updated_max=2026-05-10 10:41:57 UTC
[2026-05-18 23:57:49] Page processed | start=10126 | range_processed=10150 | range_created=8870 | range_updated=1280 | range_skipped_no_hibob=0 | range_errors=0
[2026-05-18 23:57:49] Sleeping 3s before next page...
[2026-05-18 23:57:52] Requesting page | start=10151 | count=25 | date_start=05-01-2026T00:00:00+0000 | date_end=05-31-2026T23:59:59+0000
[2026-05-18 23:57:57] Page received | start=10151 | records=25 | hibob_records=2 | sent_date_min=2026-02-28 07:37:23 UTC | sent_date_max=2026-05-10 12:22:26 UTC | last_updated_min=2026-05-10 10:50:09 UTC | last_updated_max=2026-05-10 12:30:05 UTC
[2026-05-18 23:57:57] Page processed | start=10151 | range_processed=10175 | range_created=8893 | range_updated=1282 | range_skipped_no_hibob=0 | range_errors=0
[2026-05-18 23:57:57] Sleeping 3s before next page...
[2026-05-18 23:58:00] Requesting page | start=10176 | count=25 | date_start=05-01-2026T00:00:00+0000 | date_end=05-31-2026T23:59:59+0000
[2026-05-18 23:58:05] Page received | start=10176 | records=25 | hibob_records=0 | sent_date_min=2026-04-29 11:38:03 UTC | sent_date_max=2026-05-10 14:17:46 UTC | last_updated_min=2026-05-10 12:30:05 UTC | last_updated_max=2026-05-10 14:17:46 UTC
[2026-05-18 23:58:05] Page processed | start=10176 | range_processed=10200 | range_created=8918 | range_updated=1282 | range_skipped_no_hibob=0 | range_errors=0
[2026-05-18 23:58:05] Sleeping 3s before next page...
[2026-05-18 23:58:08] Requesting page | start=10201 | count=25 | date_start=05-01-2026T00:00:00+0000 | date_end=05-31-2026T23:59:59+0000
[2026-05-18 23:58:13] Page received | start=10201 | records=25 | hibob_records=2 | sent_date_min=2026-04-29 20:07:43 UTC | sent_date_max=2026-05-10 17:57:16 UTC | last_updated_min=2026-05-10 14:22:03 UTC | last_updated_max=2026-05-10 17:57:16 UTC
[2026-05-18 23:58:14] Page processed | start=10201 | range_processed=10225 | range_created=8943 | range_updated=1282 | range_skipped_no_hibob=0 | range_errors=0
[2026-05-18 23:58:14] Sleeping 3s before next page...
[2026-05-18 23:58:17] Requesting page | start=10226 | count=25 | date_start=05-01-2026T00:00:00+0000 | date_end=05-31-2026T23:59:59+0000
[2026-05-18 23:58:21] Page received | start=10226 | records=25 | hibob_records=1 | sent_date_min=2026-05-05 12:11:54 UTC | sent_date_max=2026-05-10 20:22:10 UTC | last_updated_min=2026-05-10 17:58:18 UTC | last_updated_max=2026-05-10 20:22:10 UTC
[2026-05-18 23:58:21] Page processed | start=10226 | range_processed=10250 | range_created=8968 | range_updated=1282 | range_skipped_no_hibob=0 | range_errors=0
[2026-05-18 23:58:21] Sleeping 3s before next page...
[2026-05-18 23:58:24] Requesting page | start=10251 | count=25 | date_start=05-01-2026T00:00:00+0000 | date_end=05-31-2026T23:59:59+0000
[2026-05-18 23:58:28] Page received | start=10251 | records=25 | hibob_records=2 | sent_date_min=2025-09-17 01:14:11 UTC | sent_date_max=2026-05-11 00:07:19 UTC | last_updated_min=2026-05-10 20:38:49 UTC | last_updated_max=2026-05-11 01:07:01 UTC
[2026-05-18 23:58:28] Page processed | start=10251 | range_processed=10275 | range_created=8993 | range_updated=1282 | range_skipped_no_hibob=0 | range_errors=0
[2026-05-18 23:58:28] Sleeping 3s before next page...
[2026-05-18 23:58:31] Requesting page | start=10276 | count=25 | date_start=05-01-2026T00:00:00+0000 | date_end=05-31-2026T23:59:59+0000
[2026-05-18 23:58:36] Page received | start=10276 | records=25 | hibob_records=18 | sent_date_min=2025-10-08 23:52:10 UTC | sent_date_max=2026-05-11 02:07:12 UTC | last_updated_min=2026-05-11 01:07:01 UTC | last_updated_max=2026-05-11 02:07:12 UTC
[2026-05-18 23:58:36] Page processed | start=10276 | range_processed=10300 | range_created=9014 | range_updated=1286 | range_skipped_no_hibob=0 | range_errors=0
[2026-05-18 23:58:36] Sleeping 3s before next page...
[2026-05-18 23:58:39] Requesting page | start=10301 | count=25 | date_start=05-01-2026T00:00:00+0000 | date_end=05-31-2026T23:59:59+0000
[2026-05-18 23:58:44] Page received | start=10301 | records=25 | hibob_records=1 | sent_date_min=2026-01-07 02:25:50 UTC | sent_date_max=2026-05-11 05:57:25 UTC | last_updated_min=2026-05-11 02:20:40 UTC | last_updated_max=2026-05-11 06:01:40 UTC
[2026-05-18 23:58:44] Page processed | start=10301 | range_processed=10325 | range_created=9038 | range_updated=1287 | range_skipped_no_hibob=0 | range_errors=0
[2026-05-18 23:58:44] Sleeping 3s before next page...
[2026-05-18 23:58:47] Requesting page | start=10326 | count=25 | date_start=05-01-2026T00:00:00+0000 | date_end=05-31-2026T23:59:59+0000
[2026-05-18 23:58:52] Page received | start=10326 | records=25 | hibob_records=2 | sent_date_min=2026-02-27 20:48:23 UTC | sent_date_max=2026-05-11 06:52:40 UTC | last_updated_min=2026-05-11 06:07:11 UTC | last_updated_max=2026-05-11 07:05:03 UTC
[2026-05-18 23:58:52] Page processed | start=10326 | range_processed=10350 | range_created=9062 | range_updated=1288 | range_skipped_no_hibob=0 | range_errors=0
[2026-05-18 23:58:52] Sleeping 3s before next page...
[2026-05-18 23:58:55] Requesting page | start=10351 | count=25 | date_start=05-01-2026T00:00:00+0000 | date_end=05-31-2026T23:59:59+0000
[2026-05-18 23:58:59] Page received | start=10351 | records=25 | hibob_records=6 | sent_date_min=2025-03-04 12:21:42 UTC | sent_date_max=2026-05-11 07:22:19 UTC | last_updated_min=2026-05-11 07:07:27 UTC | last_updated_max=2026-05-11 07:26:22 UTC
[2026-05-18 23:59:00] Page processed | start=10351 | range_processed=10375 | range_created=9087 | range_updated=1288 | range_skipped_no_hibob=0 | range_errors=0
[2026-05-18 23:59:00] Sleeping 3s before next page...
[2026-05-18 23:59:03] Requesting page | start=10376 | count=25 | date_start=05-01-2026T00:00:00+0000 | date_end=05-31-2026T23:59:59+0000
[2026-05-18 23:59:07] Page received | start=10376 | records=25 | hibob_records=5 | sent_date_min=2026-02-28 14:04:28 UTC | sent_date_max=2026-05-11 05:52:10 UTC | last_updated_min=2026-05-11 07:26:46 UTC | last_updated_max=2026-05-11 07:35:59 UTC
[2026-05-18 23:59:07] Page processed | start=10376 | range_processed=10400 | range_created=9109 | range_updated=1291 | range_skipped_no_hibob=0 | range_errors=0
[2026-05-18 23:59:07] Sleeping 3s before next page...
[2026-05-18 23:59:10] Requesting page | start=10401 | count=25 | date_start=05-01-2026T00:00:00+0000 | date_end=05-31-2026T23:59:59+0000
[2026-05-18 23:59:15] Page received | start=10401 | records=25 | hibob_records=4 | sent_date_min=2026-01-24 14:23:27 UTC | sent_date_max=2026-05-11 07:50:55 UTC | last_updated_min=2026-05-11 07:36:10 UTC | last_updated_max=2026-05-11 07:51:57 UTC
[2026-05-18 23:59:15] Page processed | start=10401 | range_processed=10425 | range_created=9133 | range_updated=1292 | range_skipped_no_hibob=0 | range_errors=0
[2026-05-18 23:59:15] Sleeping 3s before next page...
[2026-05-18 23:59:18] Requesting page | start=10426 | count=25 | date_start=05-01-2026T00:00:00+0000 | date_end=05-31-2026T23:59:59+0000
[2026-05-18 23:59:25] Page received | start=10426 | records=25 | hibob_records=1 | sent_date_min=2024-07-05 11:14:37 UTC | sent_date_max=2026-05-11 07:57:06 UTC | last_updated_min=2026-05-11 07:52:14 UTC | last_updated_max=2026-05-11 08:01:03 UTC
[2026-05-18 23:59:25] Page processed | start=10426 | range_processed=10450 | range_created=9155 | range_updated=1295 | range_skipped_no_hibob=0 | range_errors=0
[2026-05-18 23:59:25] Sleeping 3s before next page...
[2026-05-18 23:59:28] Requesting page | start=10451 | count=25 | date_start=05-01-2026T00:00:00+0000 | date_end=05-31-2026T23:59:59+0000
[2026-05-18 23:59:33] Page received | start=10451 | records=25 | hibob_records=2 | sent_date_min=2026-04-25 10:52:04 UTC | sent_date_max=2026-05-11 08:04:57 UTC | last_updated_min=2026-05-11 08:01:26 UTC | last_updated_max=2026-05-11 08:06:40 UTC
[2026-05-18 23:59:33] Page processed | start=10451 | range_processed=10475 | range_created=9180 | range_updated=1295 | range_skipped_no_hibob=0 | range_errors=0
[2026-05-18 23:59:33] Sleeping 3s before next page...
[2026-05-18 23:59:36] Requesting page | start=10476 | count=25 | date_start=05-01-2026T00:00:00+0000 | date_end=05-31-2026T23:59:59+0000
[2026-05-18 23:59:41] Page received | start=10476 | records=25 | hibob_records=3 | sent_date_min=2026-03-16 13:53:13 UTC | sent_date_max=2026-05-11 08:07:11 UTC | last_updated_min=2026-05-11 08:06:41 UTC | last_updated_max=2026-05-11 08:07:13 UTC
[2026-05-18 23:59:42] Page processed | start=10476 | range_processed=10500 | range_created=9205 | range_updated=1295 | range_skipped_no_hibob=0 | range_errors=0
[2026-05-18 23:59:42] Sleeping 3s before next page...
[2026-05-18 23:59:45] Requesting page | start=10501 | count=25 | date_start=05-01-2026T00:00:00+0000 | date_end=05-31-2026T23:59:59+0000
[2026-05-18 23:59:50] Page received | start=10501 | records=25 | hibob_records=2 | sent_date_min=2026-03-20 06:41:26 UTC | sent_date_max=2026-05-11 08:19:48 UTC | last_updated_min=2026-05-11 08:07:17 UTC | last_updated_max=2026-05-11 08:19:48 UTC
[2026-05-18 23:59:50] Page processed | start=10501 | range_processed=10525 | range_created=9230 | range_updated=1295 | range_skipped_no_hibob=0 | range_errors=0
[2026-05-18 23:59:50] Sleeping 3s before next page...
[2026-05-18 23:59:53] Requesting page | start=10526 | count=25 | date_start=05-01-2026T00:00:00+0000 | date_end=05-31-2026T23:59:59+0000
[2026-05-18 23:59:59] Page received | start=10526 | records=25 | hibob_records=1 | sent_date_min=2025-11-03 09:48:00 UTC | sent_date_max=2026-05-11 08:22:50 UTC | last_updated_min=2026-05-11 08:20:41 UTC | last_updated_max=2026-05-11 08:36:36 UTC
[2026-05-18 23:59:59] Page processed | start=10526 | range_processed=10550 | range_created=9255 | range_updated=1295 | range_skipped_no_hibob=0 | range_errors=0
[2026-05-18 23:59:59] Sleeping 3s before next page...
[2026-05-19 00:00:02] Requesting page | start=10551 | count=25 | date_start=05-01-2026T00:00:00+0000 | date_end=05-31-2026T23:59:59+0000
[2026-05-19 00:00:09] Page received | start=10551 | records=25 | hibob_records=0 | sent_date_min=2026-04-13 10:28:30 UTC | sent_date_max=2026-05-11 08:37:23 UTC | last_updated_min=2026-05-11 08:37:01 UTC | last_updated_max=2026-05-11 08:51:41 UTC
[2026-05-19 00:00:09] Page processed | start=10551 | range_processed=10575 | range_created=9279 | range_updated=1296 | range_skipped_no_hibob=0 | range_errors=0
[2026-05-19 00:00:09] Sleeping 3s before next page...
[2026-05-19 00:00:12] Requesting page | start=10576 | count=25 | date_start=05-01-2026T00:00:00+0000 | date_end=05-31-2026T23:59:59+0000
[2026-05-19 00:00:17] Page received | start=10576 | records=25 | hibob_records=5 | sent_date_min=2026-04-17 13:48:06 UTC | sent_date_max=2026-05-11 09:03:52 UTC | last_updated_min=2026-05-11 08:52:20 UTC | last_updated_max=2026-05-11 09:03:52 UTC
[2026-05-19 00:00:17] Page processed | start=10576 | range_processed=10600 | range_created=9304 | range_updated=1296 | range_skipped_no_hibob=0 | range_errors=0
[2026-05-19 00:00:17] Sleeping 3s before next page...
[2026-05-19 00:00:20] Requesting page | start=10601 | count=25 | date_start=05-01-2026T00:00:00+0000 | date_end=05-31-2026T23:59:59+0000
[2026-05-19 00:00:25] Page received | start=10601 | records=25 | hibob_records=4 | sent_date_min=2025-11-17 21:37:51 UTC | sent_date_max=2026-05-11 09:11:59 UTC | last_updated_min=2026-05-11 09:04:27 UTC | last_updated_max=2026-05-11 09:12:46 UTC
[2026-05-19 00:00:25] Page processed | start=10601 | range_processed=10625 | range_created=9329 | range_updated=1296 | range_skipped_no_hibob=0 | range_errors=0
[2026-05-19 00:00:25] Sleeping 3s before next page...
[2026-05-19 00:00:28] Requesting page | start=10626 | count=25 | date_start=05-01-2026T00:00:00+0000 | date_end=05-31-2026T23:59:59+0000
[2026-05-19 00:00:34] Page received | start=10626 | records=25 | hibob_records=9 | sent_date_min=2026-03-25 16:05:22 UTC | sent_date_max=2026-05-11 09:13:08 UTC | last_updated_min=2026-05-11 09:12:56 UTC | last_updated_max=2026-05-11 09:19:31 UTC
[2026-05-19 00:00:34] Page processed | start=10626 | range_processed=10650 | range_created=9352 | range_updated=1298 | range_skipped_no_hibob=0 | range_errors=0
[2026-05-19 00:00:34] Sleeping 3s before next page...
[2026-05-19 00:00:37] Requesting page | start=10651 | count=25 | date_start=05-01-2026T00:00:00+0000 | date_end=05-31-2026T23:59:59+0000
[2026-05-19 00:00:42] Page received | start=10651 | records=25 | hibob_records=11 | sent_date_min=2026-01-16 09:20:33 UTC | sent_date_max=2026-05-11 09:23:10 UTC | last_updated_min=2026-05-11 09:20:06 UTC | last_updated_max=2026-05-11 09:25:57 UTC
[2026-05-19 00:00:42] Page processed | start=10651 | range_processed=10675 | range_created=9374 | range_updated=1301 | range_skipped_no_hibob=0 | range_errors=0
[2026-05-19 00:00:42] Sleeping 3s before next page...
[2026-05-19 00:00:45] Requesting page | start=10676 | count=25 | date_start=05-01-2026T00:00:00+0000 | date_end=05-31-2026T23:59:59+0000
[2026-05-19 00:00:50] Page received | start=10676 | records=25 | hibob_records=6 | sent_date_min=2025-09-26 06:29:53 UTC | sent_date_max=2026-05-11 09:36:26 UTC | last_updated_min=2026-05-11 09:26:51 UTC | last_updated_max=2026-05-11 09:36:26 UTC
[2026-05-19 00:00:51] Page processed | start=10676 | range_processed=10700 | range_created=9397 | range_updated=1303 | range_skipped_no_hibob=0 | range_errors=0
[2026-05-19 00:00:51] Sleeping 3s before next page...
[2026-05-19 00:00:54] Requesting page | start=10701 | count=25 | date_start=05-01-2026T00:00:00+0000 | date_end=05-31-2026T23:59:59+0000
[2026-05-19 00:00:58] Page received | start=10701 | records=25 | hibob_records=6 | sent_date_min=2026-01-25 15:22:10 UTC | sent_date_max=2026-05-11 09:38:21 UTC | last_updated_min=2026-05-11 09:36:33 UTC | last_updated_max=2026-05-11 09:41:32 UTC
[2026-05-19 00:00:58] Page processed | start=10701 | range_processed=10725 | range_created=9419 | range_updated=1306 | range_skipped_no_hibob=0 | range_errors=0
[2026-05-19 00:00:58] Sleeping 3s before next page...
[2026-05-19 00:01:01] Requesting page | start=10726 | count=25 | date_start=05-01-2026T00:00:00+0000 | date_end=05-31-2026T23:59:59+0000
[2026-05-19 00:01:06] Page received | start=10726 | records=25 | hibob_records=9 | sent_date_min=2026-02-22 09:01:11 UTC | sent_date_max=2026-05-11 09:42:30 UTC | last_updated_min=2026-05-11 09:42:07 UTC | last_updated_max=2026-05-11 09:45:36 UTC
[2026-05-19 00:01:07] Page processed | start=10726 | range_processed=10750 | range_created=9439 | range_updated=1311 | range_skipped_no_hibob=0 | range_errors=0
[2026-05-19 00:01:07] Sleeping 3s before next page...
[2026-05-19 00:01:10] Requesting page | start=10751 | count=25 | date_start=05-01-2026T00:00:00+0000 | date_end=05-31-2026T23:59:59+0000
[2026-05-19 00:01:14] Page received | start=10751 | records=25 | hibob_records=14 | sent_date_min=2026-03-23 09:08:12 UTC | sent_date_max=2026-05-08 19:37:46 UTC | last_updated_min=2026-05-11 09:46:12 UTC | last_updated_max=2026-05-11 09:51:12 UTC
[2026-05-19 00:01:14] Page processed | start=10751 | range_processed=10775 | range_created=9461 | range_updated=1314 | range_skipped_no_hibob=0 | range_errors=0
[2026-05-19 00:01:14] Sleeping 3s before next page...
[2026-05-19 00:01:17] Requesting page | start=10776 | count=25 | date_start=05-01-2026T00:00:00+0000 | date_end=05-31-2026T23:59:59+0000
[2026-05-19 00:01:22] Page received | start=10776 | records=25 | hibob_records=4 | sent_date_min=2026-01-17 13:22:31 UTC | sent_date_max=2026-05-11 09:52:11 UTC | last_updated_min=2026-05-11 09:51:18 UTC | last_updated_max=2026-05-11 09:53:28 UTC
[2026-05-19 00:01:22] Page processed | start=10776 | range_processed=10800 | range_created=9484 | range_updated=1316 | range_skipped_no_hibob=0 | range_errors=0
[2026-05-19 00:01:22] Sleeping 3s before next page...
[2026-05-19 00:01:25] Requesting page | start=10801 | count=25 | date_start=05-01-2026T00:00:00+0000 | date_end=05-31-2026T23:59:59+0000
[2026-05-19 00:01:30] Page received | start=10801 | records=25 | hibob_records=9 | sent_date_min=2025-08-07 14:09:53 UTC | sent_date_max=2026-05-10 10:37:11 UTC | last_updated_min=2026-05-11 09:53:29 UTC | last_updated_max=2026-05-11 10:04:07 UTC
[2026-05-19 00:01:30] Page processed | start=10801 | range_processed=10825 | range_created=9508 | range_updated=1317 | range_skipped_no_hibob=0 | range_errors=0
[2026-05-19 00:01:30] Sleeping 3s before next page...
[2026-05-19 00:01:33] Requesting page | start=10826 | count=25 | date_start=05-01-2026T00:00:00+0000 | date_end=05-31-2026T23:59:59+0000
[2026-05-19 00:01:38] Page received | start=10826 | records=25 | hibob_records=10 | sent_date_min=2026-03-19 16:13:30 UTC | sent_date_max=2026-05-11 10:07:31 UTC | last_updated_min=2026-05-11 10:04:53 UTC | last_updated_max=2026-05-11 10:10:16 UTC
[2026-05-19 00:01:38] Page processed | start=10826 | range_processed=10850 | range_created=9529 | range_updated=1321 | range_skipped_no_hibob=0 | range_errors=0
[2026-05-19 00:01:38] Sleeping 3s before next page...
[2026-05-19 00:01:41] Requesting page | start=10851 | count=25 | date_start=05-01-2026T00:00:00+0000 | date_end=05-31-2026T23:59:59+0000
[2026-05-19 00:01:46] Page received | start=10851 | records=25 | hibob_records=8 | sent_date_min=2026-03-26 12:14:51 UTC | sent_date_max=2026-05-11 10:16:40 UTC | last_updated_min=2026-05-11 10:11:04 UTC | last_updated_max=2026-05-11 10:18:56 UTC
[2026-05-19 00:01:46] Page processed | start=10851 | range_processed=10875 | range_created=9552 | range_updated=1323 | range_skipped_no_hibob=0 | range_errors=0
[2026-05-19 00:01:46] Sleeping 3s before next page...
[2026-05-19 00:01:49] Requesting page | start=10876 | count=25 | date_start=05-01-2026T00:00:00+0000 | date_end=05-31-2026T23:59:59+0000
[2026-05-19 00:01:53] Page received | start=10876 | records=25 | hibob_records=7 | sent_date_min=2026-03-20 13:22:24 UTC | sent_date_max=2026-05-11 10:23:56 UTC | last_updated_min=2026-05-11 10:19:19 UTC | last_updated_max=2026-05-11 10:24:42 UTC
[2026-05-19 00:01:53] Page processed | start=10876 | range_processed=10900 | range_created=9575 | range_updated=1325 | range_skipped_no_hibob=0 | range_errors=0
[2026-05-19 00:01:53] Sleeping 3s before next page...
[2026-05-19 00:01:56] Requesting page | start=10901 | count=25 | date_start=05-01-2026T00:00:00+0000 | date_end=05-31-2026T23:59:59+0000
[2026-05-19 00:02:02] Page received | start=10901 | records=25 | hibob_records=8 | sent_date_min=2026-03-13 21:39:53 UTC | sent_date_max=2026-05-11 10:29:28 UTC | last_updated_min=2026-05-11 10:24:46 UTC | last_updated_max=2026-05-11 10:35:41 UTC
[2026-05-19 00:02:02] Page processed | start=10901 | range_processed=10925 | range_created=9596 | range_updated=1329 | range_skipped_no_hibob=0 | range_errors=0
[2026-05-19 00:02:02] Sleeping 3s before next page...
[2026-05-19 00:02:05] Requesting page | start=10926 | count=25 | date_start=05-01-2026T00:00:00+0000 | date_end=05-31-2026T23:59:59+0000
[2026-05-19 00:02:10] Page received | start=10926 | records=25 | hibob_records=7 | sent_date_min=2026-04-01 14:33:24 UTC | sent_date_max=2026-05-11 10:37:28 UTC | last_updated_min=2026-05-11 10:36:15 UTC | last_updated_max=2026-05-11 10:43:42 UTC
[2026-05-19 00:02:11] Page processed | start=10926 | range_processed=10950 | range_created=9618 | range_updated=1332 | range_skipped_no_hibob=0 | range_errors=0
[2026-05-19 00:02:11] Sleeping 3s before next page...
[2026-05-19 00:02:14] Requesting page | start=10951 | count=25 | date_start=05-01-2026T00:00:00+0000 | date_end=05-31-2026T23:59:59+0000
[2026-05-19 00:02:18] Page received | start=10951 | records=25 | hibob_records=11 | sent_date_min=2026-03-18 15:34:06 UTC | sent_date_max=2026-05-11 10:52:16 UTC | last_updated_min=2026-05-11 10:44:38 UTC | last_updated_max=2026-05-11 10:53:36 UTC
[2026-05-19 00:02:19] Page processed | start=10951 | range_processed=10975 | range_created=9639 | range_updated=1336 | range_skipped_no_hibob=0 | range_errors=0
[2026-05-19 00:02:19] Sleeping 3s before next page...
[2026-05-19 00:02:22] Requesting page | start=10976 | count=25 | date_start=05-01-2026T00:00:00+0000 | date_end=05-31-2026T23:59:59+0000
[2026-05-19 00:02:26] Page received | start=10976 | records=25 | hibob_records=5 | sent_date_min=2026-01-03 22:17:55 UTC | sent_date_max=2026-05-11 09:37:24 UTC | last_updated_min=2026-05-11 10:53:43 UTC | last_updated_max=2026-05-11 11:02:40 UTC
[2026-05-19 00:02:26] Page processed | start=10976 | range_processed=11000 | range_created=9661 | range_updated=1339 | range_skipped_no_hibob=0 | range_errors=0
[2026-05-19 00:02:26] Sleeping 3s before next page...
[2026-05-19 00:02:29] Requesting page | start=11001 | count=25 | date_start=05-01-2026T00:00:00+0000 | date_end=05-31-2026T23:59:59+0000
[2026-05-19 00:02:34] Page received | start=11001 | records=25 | hibob_records=5 | sent_date_min=2026-03-27 13:22:11 UTC | sent_date_max=2026-05-11 11:11:42 UTC | last_updated_min=2026-05-11 11:02:41 UTC | last_updated_max=2026-05-11 11:21:48 UTC
[2026-05-19 00:02:34] Page processed | start=11001 | range_processed=11025 | range_created=9683 | range_updated=1342 | range_skipped_no_hibob=0 | range_errors=0
[2026-05-19 00:02:34] Sleeping 3s before next page...
[2026-05-19 00:02:37] Requesting page | start=11026 | count=25 | date_start=05-01-2026T00:00:00+0000 | date_end=05-31-2026T23:59:59+0000
[2026-05-19 00:02:42] Page received | start=11026 | records=25 | hibob_records=1 | sent_date_min=2026-01-27 14:24:30 UTC | sent_date_max=2026-05-11 11:27:07 UTC | last_updated_min=2026-05-11 11:22:13 UTC | last_updated_max=2026-05-11 11:28:15 UTC
[2026-05-19 00:02:43] Page processed | start=11026 | range_processed=11050 | range_created=9707 | range_updated=1343 | range_skipped_no_hibob=0 | range_errors=0
[2026-05-19 00:02:43] Sleeping 3s before next page...
[2026-05-19 00:02:46] Requesting page | start=11051 | count=25 | date_start=05-01-2026T00:00:00+0000 | date_end=05-31-2026T23:59:59+0000
[2026-05-19 00:02:51] Page received | start=11051 | records=25 | hibob_records=2 | sent_date_min=2026-04-28 08:20:58 UTC | sent_date_max=2026-05-11 10:53:17 UTC | last_updated_min=2026-05-11 11:28:57 UTC | last_updated_max=2026-05-11 11:30:04 UTC
[2026-05-19 00:02:51] Page processed | start=11051 | range_processed=11075 | range_created=9732 | range_updated=1343 | range_skipped_no_hibob=0 | range_errors=0
[2026-05-19 00:02:51] Sleeping 3s before next page...
[2026-05-19 00:02:54] Requesting page | start=11076 | count=25 | date_start=05-01-2026T00:00:00+0000 | date_end=05-31-2026T23:59:59+0000
[2026-05-19 00:02:58] Page received | start=11076 | records=25 | hibob_records=5 | sent_date_min=2026-04-22 19:52:09 UTC | sent_date_max=2026-05-07 16:22:12 UTC | last_updated_min=2026-05-11 11:30:04 UTC | last_updated_max=2026-05-11 11:30:05 UTC
[2026-05-19 00:02:58] Page processed | start=11076 | range_processed=11100 | range_created=9757 | range_updated=1343 | range_skipped_no_hibob=0 | range_errors=0
[2026-05-19 00:02:58] Sleeping 3s before next page...
[2026-05-19 00:03:01] Requesting page | start=11101 | count=25 | date_start=05-01-2026T00:00:00+0000 | date_end=05-31-2026T23:59:59+0000
[2026-05-19 00:03:06] Page received | start=11101 | records=25 | hibob_records=7 | sent_date_min=2025-07-12 07:41:45 UTC | sent_date_max=2026-05-11 11:37:10 UTC | last_updated_min=2026-05-11 11:30:05 UTC | last_updated_max=2026-05-11 11:37:27 UTC
[2026-05-19 00:03:06] Page processed | start=11101 | range_processed=11125 | range_created=9779 | range_updated=1346 | range_skipped_no_hibob=0 | range_errors=0
[2026-05-19 00:03:06] Sleeping 3s before next page...
[2026-05-19 00:03:09] Requesting page | start=11126 | count=25 | date_start=05-01-2026T00:00:00+0000 | date_end=05-31-2026T23:59:59+0000
[2026-05-19 00:03:15] Page received | start=11126 | records=25 | hibob_records=0 | sent_date_min=2025-01-14 08:52:40 UTC | sent_date_max=2026-05-11 11:39:01 UTC | last_updated_min=2026-05-11 11:37:28 UTC | last_updated_max=2026-05-11 11:41:05 UTC
[2026-05-19 00:03:15] Page processed | start=11126 | range_processed=11150 | range_created=9804 | range_updated=1346 | range_skipped_no_hibob=0 | range_errors=0
[2026-05-19 00:03:15] Sleeping 3s before next page...
[2026-05-19 00:03:18] Requesting page | start=11151 | count=25 | date_start=05-01-2026T00:00:00+0000 | date_end=05-31-2026T23:59:59+0000
[2026-05-19 00:03:23] Page received | start=11151 | records=25 | hibob_records=3 | sent_date_min=2025-05-13 16:42:41 UTC | sent_date_max=2026-05-11 11:53:51 UTC | last_updated_min=2026-05-11 11:41:42 UTC | last_updated_max=2026-05-11 11:54:52 UTC
[2026-05-19 00:03:23] Page processed | start=11151 | range_processed=11175 | range_created=9827 | range_updated=1348 | range_skipped_no_hibob=0 | range_errors=0
[2026-05-19 00:03:23] Sleeping 3s before next page...
[2026-05-19 00:03:26] Requesting page | start=11176 | count=25 | date_start=05-01-2026T00:00:00+0000 | date_end=05-31-2026T23:59:59+0000
[2026-05-19 00:03:31] Page received | start=11176 | records=25 | hibob_records=3 | sent_date_min=2026-04-20 06:52:22 UTC | sent_date_max=2026-05-11 11:56:37 UTC | last_updated_min=2026-05-11 11:55:12 UTC | last_updated_max=2026-05-11 12:00:05 UTC
[2026-05-19 00:03:31] Page processed | start=11176 | range_processed=11200 | range_created=9852 | range_updated=1348 | range_skipped_no_hibob=0 | range_errors=0
[2026-05-19 00:03:31] Sleeping 3s before next page...
[2026-05-19 00:03:34] Requesting page | start=11201 | count=25 | date_start=05-01-2026T00:00:00+0000 | date_end=05-31-2026T23:59:59+0000
[2026-05-19 00:03:39] Page received | start=11201 | records=25 | hibob_records=2 | sent_date_min=2026-05-01 08:27:41 UTC | sent_date_max=2026-05-08 11:06:40 UTC | last_updated_min=2026-05-11 12:00:05 UTC | last_updated_max=2026-05-11 12:00:06 UTC
[2026-05-19 00:03:39] Page processed | start=11201 | range_processed=11225 | range_created=9877 | range_updated=1348 | range_skipped_no_hibob=0 | range_errors=0
[2026-05-19 00:03:39] Sleeping 3s before next page...
[2026-05-19 00:03:42] Requesting page | start=11226 | count=25 | date_start=05-01-2026T00:00:00+0000 | date_end=05-31-2026T23:59:59+0000
[2026-05-19 00:03:47] Page received | start=11226 | records=25 | hibob_records=7 | sent_date_min=2026-04-20 08:41:27 UTC | sent_date_max=2026-05-07 21:23:05 UTC | last_updated_min=2026-05-11 12:00:06 UTC | last_updated_max=2026-05-11 12:00:06 UTC
[2026-05-19 00:03:47] Page processed | start=11226 | range_processed=11250 | range_created=9902 | range_updated=1348 | range_skipped_no_hibob=0 | range_errors=0
[2026-05-19 00:03:47] Sleeping 3s before next page...
[2026-05-19 00:03:50] Requesting page | start=11251 | count=25 | date_start=05-01-2026T00:00:00+0000 | date_end=05-31-2026T23:59:59+0000
[2026-05-19 00:03:55] Page received | start=11251 | records=25 | hibob_records=6 | sent_date_min=2025-08-06 23:55:15 UTC | sent_date_max=2026-05-11 12:08:17 UTC | last_updated_min=2026-05-11 12:00:06 UTC | last_updated_max=2026-05-11 12:13:42 UTC
[2026-05-19 00:03:55] Page processed | start=11251 | range_processed=11275 | range_created=9926 | range_updated=1349 | range_skipped_no_hibob=0 | range_errors=0
[2026-05-19 00:03:55] Sleeping 3s before next page...
[2026-05-19 00:03:58] Requesting page | start=11276 | count=25 | date_start=05-01-2026T00:00:00+0000 | date_end=05-31-2026T23:59:59+0000
[2026-05-19 00:04:03] Page received | start=11276 | records=25 | hibob_records=4 | sent_date_min=2025-04-05 22:50:19 UTC | sent_date_max=2026-05-11 12:22:40 UTC | last_updated_min=2026-05-11 12:13:42 UTC | last_updated_max=2026-05-11 12:23:50 UTC
[2026-05-19 00:04:04] Page processed | start=11276 | range_processed=11300 | range_created=9949 | range_updated=1351 | range_skipped_no_hibob=0 | range_errors=0
[2026-05-19 00:04:04] Sleeping 3s before next page...
[2026-05-19 00:04:07] Requesting page | start=11301 | count=25 | date_start=05-01-2026T00:00:00+0000 | date_end=05-31-2026T23:59:59+0000
[2026-05-19 00:04:12] Page received | start=11301 | records=25 | hibob_records=7 | sent_date_min=2026-02-02 14:22:55 UTC | sent_date_max=2026-05-11 12:29:01 UTC | last_updated_min=2026-05-11 12:24:25 UTC | last_updated_max=2026-05-11 12:30:05 UTC
[2026-05-19 00:04:12] Page processed | start=11301 | range_processed=11325 | range_created=9973 | range_updated=1352 | range_skipped_no_hibob=0 | range_errors=0
[2026-05-19 00:04:12] Sleeping 3s before next page...
[2026-05-19 00:04:15] Requesting page | start=11326 | count=25 | date_start=05-01-2026T00:00:00+0000 | date_end=05-31-2026T23:59:59+0000
[2026-05-19 00:04:19] Page received | start=11326 | records=25 | hibob_records=3 | sent_date_min=2026-02-27 15:42:48 UTC | sent_date_max=2026-05-08 06:58:08 UTC | last_updated_min=2026-05-11 12:30:05 UTC | last_updated_max=2026-05-11 12:30:05 UTC
[2026-05-19 00:04:19] Page processed | start=11326 | range_processed=11350 | range_created=9991 | range_updated=1359 | range_skipped_no_hibob=0 | range_errors=0
[2026-05-19 00:04:19] Sleeping 3s before next page...
[2026-05-19 00:04:22] Requesting page | start=11351 | count=25 | date_start=05-01-2026T00:00:00+0000 | date_end=05-31-2026T23:59:59+0000
[2026-05-19 00:04:29] Page received | start=11351 | records=25 | hibob_records=6 | sent_date_min=2025-04-15 19:10:45 UTC | sent_date_max=2026-05-09 20:37:03 UTC | last_updated_min=2026-05-11 12:30:05 UTC | last_updated_max=2026-05-11 12:36:13 UTC
[2026-05-19 00:04:29] Page processed | start=11351 | range_processed=11375 | range_created=10014 | range_updated=1361 | range_skipped_no_hibob=0 | range_errors=0
[2026-05-19 00:04:29] Sleeping 3s before next page...
[2026-05-19 00:04:32] Requesting page | start=11376 | count=25 | date_start=05-01-2026T00:00:00+0000 | date_end=05-31-2026T23:59:59+0000
[2026-05-19 00:04:37] Page received | start=11376 | records=25 | hibob_records=1 | sent_date_min=2025-10-17 09:38:07 UTC | sent_date_max=2026-05-11 12:37:31 UTC | last_updated_min=2026-05-11 12:37:06 UTC | last_updated_max=2026-05-11 12:38:49 UTC
[2026-05-19 00:04:37] Page processed | start=11376 | range_processed=11400 | range_created=10026 | range_updated=1374 | range_skipped_no_hibob=0 | range_errors=0
[2026-05-19 00:04:37] Sleeping 3s before next page...
[2026-05-19 00:04:40] Requesting page | start=11401 | count=25 | date_start=05-01-2026T00:00:00+0000 | date_end=05-31-2026T23:59:59+0000
[2026-05-19 00:04:46] Page received | start=11401 | records=25 | hibob_records=0 | sent_date_min=2025-12-08 08:45:38 UTC | sent_date_max=2026-05-07 06:52:18 UTC | last_updated_min=2026-05-11 12:38:57 UTC | last_updated_max=2026-05-11 12:41:45 UTC
[2026-05-19 00:04:46] Page processed | start=11401 | range_processed=11425 | range_created=10045 | range_updated=1380 | range_skipped_no_hibob=0 | range_errors=0
[2026-05-19 00:04:46] Sleeping 3s before next page...
[2026-05-19 00:04:49] Requesting page | start=11426 | count=25 | date_start=05-01-2026T00:00:00+0000 | date_end=05-31-2026T23:59:59+0000
[2026-05-19 00:04:54] Page received | start=11426 | records=25 | hibob_records=1 | sent_date_min=2025-11-13 22:05:10 UTC | sent_date_max=2026-05-11 12:45:23 UTC | last_updated_min=2026-05-11 12:41:46 UTC | last_updated_max=2026-05-11 12:46:48 UTC
[2026-05-19 00:04:54] Page processed | start=11426 | range_processed=11450 | range_created=10056 | range_updated=1394 | range_skipped_no_hibob=0 | range_errors=0
[2026-05-19 00:04:54] Sleeping 3s before next page...
[2026-05-19 00:04:57] Requesting page | start=11451 | count=25 | date_start=05-01-2026T00:00:00+0000 | date_end=05-31-2026T23:59:59+0000
[2026-05-19 00:05:03] Page received | start=11451 | records=25 | hibob_records=2 | sent_date_min=2026-01-12 20:33:27 UTC | sent_date_max=2026-05-11 12:55:55 UTC | last_updated_min=2026-05-11 12:47:02 UTC | last_updated_max=2026-05-11 12:56:32 UTC
[2026-05-19 00:05:03] Page processed | start=11451 | range_processed=11475 | range_created=10075 | range_updated=1400 | range_skipped_no_hibob=0 | range_errors=0
[2026-05-19 00:05:03] Sleeping 3s before next page...
[2026-05-19 00:05:07] Requesting page | start=11476 | count=25 | date_start=05-01-2026T00:00:00+0000 | date_end=05-31-2026T23:59:59+0000
[2026-05-19 00:05:11] Page received | start=11476 | records=25 | hibob_records=4 | sent_date_min=2026-01-27 06:53:28 UTC | sent_date_max=2026-05-11 12:57:59 UTC | last_updated_min=2026-05-11 12:56:57 UTC | last_updated_max=2026-05-11 13:00:08 UTC
[2026-05-19 00:05:11] Page processed | start=11476 | range_processed=11500 | range_created=10097 | range_updated=1403 | range_skipped_no_hibob=0 | range_errors=0
[2026-05-19 00:05:11] Sleeping 3s before next page...
[2026-05-19 00:05:14] Requesting page | start=11501 | count=25 | date_start=05-01-2026T00:00:00+0000 | date_end=05-31-2026T23:59:59+0000
[2026-05-19 00:05:19] Page received | start=11501 | records=25 | hibob_records=3 | sent_date_min=2026-02-27 15:02:57 UTC | sent_date_max=2026-05-08 05:49:08 UTC | last_updated_min=2026-05-11 13:00:08 UTC | last_updated_max=2026-05-11 13:00:09 UTC
[2026-05-19 00:05:19] Page processed | start=11501 | range_processed=11525 | range_created=10121 | range_updated=1404 | range_skipped_no_hibob=0 | range_errors=0
[2026-05-19 00:05:19] Sleeping 3s before next page...
[2026-05-19 00:05:22] Requesting page | start=11526 | count=25 | date_start=05-01-2026T00:00:00+0000 | date_end=05-31-2026T23:59:59+0000
[2026-05-19 00:05:28] Page received | start=11526 | records=25 | hibob_records=3 | sent_date_min=2026-02-27 13:13:19 UTC | sent_date_max=2026-05-11 13:01:58 UTC | last_updated_min=2026-05-11 13:00:09 UTC | last_updated_max=2026-05-11 13:02:07 UTC
[2026-05-19 00:05:29] Page processed | start=11526 | range_processed=11550 | range_created=10141 | range_updated=1409 | range_skipped_no_hibob=0 | range_errors=0
[2026-05-19 00:05:29] Sleeping 3s before next page...
[2026-05-19 00:05:32] Requesting page | start=11551 | count=25 | date_start=05-01-2026T00:00:00+0000 | date_end=05-31-2026T23:59:59+0000
[2026-05-19 00:05:37] Page received | start=11551 | records=25 | hibob_records=0 | sent_date_min=2025-07-07 13:37:57 UTC | sent_date_max=2026-05-11 13:08:10 UTC | last_updated_min=2026-05-11 13:03:00 UTC | last_updated_max=2026-05-11 13:09:35 UTC
[2026-05-19 00:05:37] Page processed | start=11551 | range_processed=11575 | range_created=10165 | range_updated=1410 | range_skipped_no_hibob=0 | range_errors=0
[2026-05-19 00:05:37] Sleeping 3s before next page...
[2026-05-19 00:05:40] Requesting page | start=11576 | count=25 | date_start=05-01-2026T00:00:00+0000 | date_end=05-31-2026T23:59:59+0000
[2026-05-19 00:05:46] Page received | start=11576 | records=25 | hibob_records=5 | sent_date_min=2025-04-14 08:29:56 UTC | sent_date_max=2026-05-11 13:12:52 UTC | last_updated_min=2026-05-11 13:09:36 UTC | last_updated_max=2026-05-11 13:14:01 UTC
[2026-05-19 00:05:46] Page processed | start=11576 | range_processed=11600 | range_created=10189 | range_updated=1411 | range_skipped_no_hibob=0 | range_errors=0
[2026-05-19 00:05:46] Sleeping 3s before next page...
[2026-05-19 00:05:49] Requesting page | start=11601 | count=25 | date_start=05-01-2026T00:00:00+0000 | date_end=05-31-2026T23:59:59+0000
[2026-05-19 00:05:53] Page received | start=11601 | records=25 | hibob_records=5 | sent_date_min=2025-10-24 13:44:29 UTC | sent_date_max=2026-05-11 13:17:56 UTC | last_updated_min=2026-05-11 13:14:06 UTC | last_updated_max=2026-05-11 13:20:01 UTC
[2026-05-19 00:05:53] Page processed | start=11601 | range_processed=11625 | range_created=10213 | range_updated=1412 | range_skipped_no_hibob=0 | range_errors=0
[2026-05-19 00:05:53] Sleeping 3s before next page...
[2026-05-19 00:05:56] Requesting page | start=11626 | count=25 | date_start=05-01-2026T00:00:00+0000 | date_end=05-31-2026T23:59:59+0000
[2026-05-19 00:06:01] Page received | start=11626 | records=25 | hibob_records=3 | sent_date_min=2026-02-13 13:40:37 UTC | sent_date_max=2026-05-11 13:23:18 UTC | last_updated_min=2026-05-11 13:20:03 UTC | last_updated_max=2026-05-11 13:25:18 UTC
[2026-05-19 00:06:01] Page processed | start=11626 | range_processed=11650 | range_created=10232 | range_updated=1418 | range_skipped_no_hibob=0 | range_errors=0
[2026-05-19 00:06:01] Sleeping 3s before next page...
[2026-05-19 00:06:04] Requesting page | start=11651 | count=25 | date_start=05-01-2026T00:00:00+0000 | date_end=05-31-2026T23:59:59+0000
[2026-05-19 00:06:08] Page received | start=11651 | records=25 | hibob_records=4 | sent_date_min=2025-06-23 08:40:44 UTC | sent_date_max=2026-05-11 13:27:33 UTC | last_updated_min=2026-05-11 13:25:39 UTC | last_updated_max=2026-05-11 13:31:01 UTC
[2026-05-19 00:06:09] Page processed | start=11651 | range_processed=11675 | range_created=10254 | range_updated=1421 | range_skipped_no_hibob=0 | range_errors=0
[2026-05-19 00:06:09] Sleeping 3s before next page...
[2026-05-19 00:06:12] Requesting page | start=11676 | count=25 | date_start=05-01-2026T00:00:00+0000 | date_end=05-31-2026T23:59:59+0000
[2026-05-19 00:06:17] Page received | start=11676 | records=25 | hibob_records=2 | sent_date_min=2025-12-26 06:58:22 UTC | sent_date_max=2026-05-11 13:19:46 UTC | last_updated_min=2026-05-11 13:31:16 UTC | last_updated_max=2026-05-11 13:35:42 UTC
[2026-05-19 00:06:17] Page processed | start=11676 | range_processed=11700 | range_created=10275 | range_updated=1425 | range_skipped_no_hibob=0 | range_errors=0
[2026-05-19 00:06:17] Sleeping 3s before next page...
[2026-05-19 00:06:20] Requesting page | start=11701 | count=25 | date_start=05-01-2026T00:00:00+0000 | date_end=05-31-2026T23:59:59+0000
[2026-05-19 00:06:25] Page received | start=11701 | records=25 | hibob_records=1 | sent_date_min=2025-12-16 09:19:00 UTC | sent_date_max=2026-05-11 09:07:19 UTC | last_updated_min=2026-05-11 13:35:42 UTC | last_updated_max=2026-05-11 13:36:33 UTC
[2026-05-19 00:06:25] Page processed | start=11701 | range_processed=11725 | range_created=10299 | range_updated=1426 | range_skipped_no_hibob=0 | range_errors=0
[2026-05-19 00:06:25] Sleeping 3s before next page...
[2026-05-19 00:06:28] Requesting page | start=11726 | count=25 | date_start=05-01-2026T00:00:00+0000 | date_end=05-31-2026T23:59:59+0000
[2026-05-19 00:06:36] Page received | start=11726 | records=25 | hibob_records=1 | sent_date_min=2026-04-02 20:07:11 UTC | sent_date_max=2026-05-11 06:40:10 UTC | last_updated_min=2026-05-11 13:36:33 UTC | last_updated_max=2026-05-11 13:36:56 UTC
[2026-05-19 00:06:36] Page processed | start=11726 | range_processed=11750 | range_created=10324 | range_updated=1426 | range_skipped_no_hibob=0 | range_errors=0
[2026-05-19 00:06:36] Sleeping 3s before next page...
[2026-05-19 00:06:39] Requesting page | start=11751 | count=25 | date_start=05-01-2026T00:00:00+0000 | date_end=05-31-2026T23:59:59+0000
[2026-05-19 00:06:44] Page received | start=11751 | records=25 | hibob_records=3 | sent_date_min=2026-04-04 08:07:31 UTC | sent_date_max=2026-05-11 13:37:49 UTC | last_updated_min=2026-05-11 13:37:07 UTC | last_updated_max=2026-05-11 13:37:49 UTC
[2026-05-19 00:06:44] Page processed | start=11751 | range_processed=11775 | range_created=10349 | range_updated=1426 | range_skipped_no_hibob=0 | range_errors=0
[2026-05-19 00:06:44] Sleeping 3s before next page...
[2026-05-19 00:06:47] Requesting page | start=11776 | count=25 | date_start=05-01-2026T00:00:00+0000 | date_end=05-31-2026T23:59:59+0000
[2026-05-19 00:06:53] Page received | start=11776 | records=25 | hibob_records=2 | sent_date_min=2026-01-12 14:16:44 UTC | sent_date_max=2026-05-11 13:38:02 UTC | last_updated_min=2026-05-11 13:37:56 UTC | last_updated_max=2026-05-11 13:38:54 UTC
[2026-05-19 00:06:53] Page processed | start=11776 | range_processed=11800 | range_created=10373 | range_updated=1427 | range_skipped_no_hibob=0 | range_errors=0
[2026-05-19 00:06:53] Sleeping 3s before next page...
[2026-05-19 00:06:56] Requesting page | start=11801 | count=25 | date_start=05-01-2026T00:00:00+0000 | date_end=05-31-2026T23:59:59+0000
[2026-05-19 00:07:01] Page received | start=11801 | records=25 | hibob_records=1 | sent_date_min=2026-02-15 14:46:38 UTC | sent_date_max=2026-05-06 11:07:07 UTC | last_updated_min=2026-05-11 13:38:54 UTC | last_updated_max=2026-05-11 13:39:43 UTC
[2026-05-19 00:07:01] Page processed | start=11801 | range_processed=11825 | range_created=10398 | range_updated=1427 | range_skipped_no_hibob=0 | range_errors=0
[2026-05-19 00:07:01] Sleeping 3s before next page...
[2026-05-19 00:07:04] Requesting page | start=11826 | count=25 | date_start=05-01-2026T00:00:00+0000 | date_end=05-31-2026T23:59:59+0000
[2026-05-19 00:07:14] Page received | start=11826 | records=25 | hibob_records=8 | sent_date_min=2025-07-29 19:38:17 UTC | sent_date_max=2026-05-11 12:31:53 UTC | last_updated_min=2026-05-11 13:39:43 UTC | last_updated_max=2026-05-11 13:48:27 UTC
[2026-05-19 00:07:14] Page processed | start=11826 | range_processed=11850 | range_created=10420 | range_updated=1430 | range_skipped_no_hibob=0 | range_errors=0
[2026-05-19 00:07:14] Sleeping 3s before next page...
[2026-05-19 00:07:17] Requesting page | start=11851 | count=25 | date_start=05-01-2026T00:00:00+0000 | date_end=05-31-2026T23:59:59+0000
[2026-05-19 00:07:21] Page received | start=11851 | records=25 | hibob_records=1 | sent_date_min=2026-03-20 04:22:03 UTC | sent_date_max=2026-05-06 19:37:36 UTC | last_updated_min=2026-05-11 13:48:27 UTC | last_updated_max=2026-05-11 13:50:43 UTC
[2026-05-19 00:07:21] Page processed | start=11851 | range_processed=11875 | range_created=10445 | range_updated=1430 | range_skipped_no_hibob=0 | range_errors=0
[2026-05-19 00:07:21] Sleeping 3s before next page...
[2026-05-19 00:07:24] Requesting page | start=11876 | count=25 | date_start=05-01-2026T00:00:00+0000 | date_end=05-31-2026T23:59:59+0000
[2026-05-19 00:07:30] Page received | start=11876 | records=25 | hibob_records=1 | sent_date_min=2026-03-20 07:07:18 UTC | sent_date_max=2026-03-25 16:52:45 UTC | last_updated_min=2026-05-11 13:50:43 UTC | last_updated_max=2026-05-11 13:51:22 UTC
[2026-05-19 00:07:30] Page processed | start=11876 | range_processed=11900 | range_created=10470 | range_updated=1430 | range_skipped_no_hibob=0 | range_errors=0
[2026-05-19 00:07:30] Sleeping 3s before next page...
[2026-05-19 00:07:33] Requesting page | start=11901 | count=25 | date_start=05-01-2026T00:00:00+0000 | date_end=05-31-2026T23:59:59+0000
[2026-05-19 00:07:40] Page received | start=11901 | records=25 | hibob_records=0 | sent_date_min=2026-03-20 03:52:21 UTC | sent_date_max=2026-05-08 09:27:13 UTC | last_updated_min=2026-05-11 13:51:22 UTC | last_updated_max=2026-05-11 13:51:50 UTC
[2026-05-19 00:07:41] Page processed | start=11901 | range_processed=11925 | range_created=10495 | range_updated=1430 | range_skipped_no_hibob=0 | range_errors=0
[2026-05-19 00:07:41] Sleeping 3s before next page...
[2026-05-19 00:07:44] Requesting page | start=11926 | count=25 | date_start=05-01-2026T00:00:00+0000 | date_end=05-31-2026T23:59:59+0000
[2026-05-19 00:07:49] Page received | start=11926 | records=25 | hibob_records=1 | sent_date_min=2025-05-07 09:05:14 UTC | sent_date_max=2026-05-11 13:53:06 UTC | last_updated_min=2026-05-11 13:51:50 UTC | last_updated_max=2026-05-11 13:53:59 UTC
[2026-05-19 00:07:49] Page processed | start=11926 | range_processed=11950 | range_created=10519 | range_updated=1431 | range_skipped_no_hibob=0 | range_errors=0
[2026-05-19 00:07:49] Sleeping 3s before next page...
[2026-05-19 00:07:52] Requesting page | start=11951 | count=25 | date_start=05-01-2026T00:00:00+0000 | date_end=05-31-2026T23:59:59+0000
[2026-05-19 00:07:57] Page received | start=11951 | records=25 | hibob_records=5 | sent_date_min=2025-01-31 09:23:04 UTC | sent_date_max=2026-05-11 13:57:52 UTC | last_updated_min=2026-05-11 13:54:15 UTC | last_updated_max=2026-05-11 13:58:17 UTC
[2026-05-19 00:07:57] Page processed | start=11951 | range_processed=11975 | range_created=10543 | range_updated=1432 | range_skipped_no_hibob=0 | range_errors=0
[2026-05-19 00:07:57] Sleeping 3s before next page...
[2026-05-19 00:08:00] Requesting page | start=11976 | count=25 | date_start=05-01-2026T00:00:00+0000 | date_end=05-31-2026T23:59:59+0000
[2026-05-19 00:08:04] Page received | start=11976 | records=25 | hibob_records=4 | sent_date_min=2026-04-16 21:07:24 UTC | sent_date_max=2026-05-11 14:07:38 UTC | last_updated_min=2026-05-11 13:58:30 UTC | last_updated_max=2026-05-11 14:07:46 UTC
[2026-05-19 00:08:05] Page processed | start=11976 | range_processed=12000 | range_created=10568 | range_updated=1432 | range_skipped_no_hibob=0 | range_errors=0
[2026-05-19 00:08:05] Sleeping 3s before next page...
[2026-05-19 00:08:08] Requesting page | start=12001 | count=25 | date_start=05-01-2026T00:00:00+0000 | date_end=05-31-2026T23:59:59+0000
[2026-05-19 00:08:13] Page received | start=12001 | records=25 | hibob_records=2 | sent_date_min=2026-04-02 13:27:49 UTC | sent_date_max=2026-05-11 14:12:18 UTC | last_updated_min=2026-05-11 14:08:11 UTC | last_updated_max=2026-05-11 14:13:28 UTC
[2026-05-19 00:08:13] Page processed | start=12001 | range_processed=12025 | range_created=10592 | range_updated=1433 | range_skipped_no_hibob=0 | range_errors=0
[2026-05-19 00:08:13] Sleeping 3s before next page...
[2026-05-19 00:08:16] Requesting page | start=12026 | count=25 | date_start=05-01-2026T00:00:00+0000 | date_end=05-31-2026T23:59:59+0000
[2026-05-19 00:08:20] Page received | start=12026 | records=25 | hibob_records=3 | sent_date_min=2026-03-21 18:52:04 UTC | sent_date_max=2026-05-11 14:18:44 UTC | last_updated_min=2026-05-11 14:13:37 UTC | last_updated_max=2026-05-11 14:21:13 UTC
[2026-05-19 00:08:20] Page processed | start=12026 | range_processed=12050 | range_created=10615 | range_updated=1435 | range_skipped_no_hibob=0 | range_errors=0
[2026-05-19 00:08:21] Sleeping 3s before next page...
[2026-05-19 00:08:24] Requesting page | start=12051 | count=25 | date_start=05-01-2026T00:00:00+0000 | date_end=05-31-2026T23:59:59+0000
[2026-05-19 00:08:30] Page received | start=12051 | records=25 | hibob_records=3 | sent_date_min=2026-02-28 11:58:56 UTC | sent_date_max=2026-05-11 14:25:32 UTC | last_updated_min=2026-05-11 14:22:19 UTC | last_updated_max=2026-05-11 14:29:05 UTC
[2026-05-19 00:08:30] Page processed | start=12051 | range_processed=12075 | range_created=10639 | range_updated=1436 | range_skipped_no_hibob=0 | range_errors=0
[2026-05-19 00:08:30] Sleeping 3s before next page...
[2026-05-19 00:08:33] Requesting page | start=12076 | count=25 | date_start=05-01-2026T00:00:00+0000 | date_end=05-31-2026T23:59:59+0000
[2026-05-19 00:08:38] Page received | start=12076 | records=25 | hibob_records=1 | sent_date_min=2026-04-26 11:22:25 UTC | sent_date_max=2026-05-11 09:04:51 UTC | last_updated_min=2026-05-11 14:29:28 UTC | last_updated_max=2026-05-11 14:33:16 UTC
[2026-05-19 00:08:38] Page processed | start=12076 | range_processed=12100 | range_created=10664 | range_updated=1436 | range_skipped_no_hibob=0 | range_errors=0
[2026-05-19 00:08:38] Sleeping 3s before next page...
[2026-05-19 00:08:41] Requesting page | start=12101 | count=25 | date_start=05-01-2026T00:00:00+0000 | date_end=05-31-2026T23:59:59+0000
[2026-05-19 00:08:48] Page received | start=12101 | records=25 | hibob_records=1 | sent_date_min=2026-02-02 13:08:46 UTC | sent_date_max=2026-05-11 14:38:22 UTC | last_updated_min=2026-05-11 14:33:30 UTC | last_updated_max=2026-05-11 14:38:25 UTC
[2026-05-19 00:08:48] Page processed | start=12101 | range_processed=12125 | range_created=10688 | range_updated=1437 | range_skipped_no_hibob=0 | range_errors=0
[2026-05-19 00:08:48] Sleeping 3s before next page...
[2026-05-19 00:08:51] Requesting page | start=12126 | count=25 | date_start=05-01-2026T00:00:00+0000 | date_end=05-31-2026T23:59:59+0000
[2026-05-19 00:08:56] Page received | start=12126 | records=25 | hibob_records=5 | sent_date_min=2026-03-17 17:07:15 UTC | sent_date_max=2026-05-11 14:47:40 UTC | last_updated_min=2026-05-11 14:38:29 UTC | last_updated_max=2026-05-11 14:47:40 UTC
[2026-05-19 00:08:56] Page processed | start=12126 | range_processed=12150 | range_created=10712 | range_updated=1438 | range_skipped_no_hibob=0 | range_errors=0
[2026-05-19 00:08:56] Sleeping 3s before next page...
[2026-05-19 00:08:59] Requesting page | start=12151 | count=25 | date_start=05-01-2026T00:00:00+0000 | date_end=05-31-2026T23:59:59+0000
[2026-05-19 00:09:04] Page received | start=12151 | records=25 | hibob_records=6 | sent_date_min=2025-06-19 12:07:26 UTC | sent_date_max=2026-05-11 14:52:49 UTC | last_updated_min=2026-05-11 14:48:00 UTC | last_updated_max=2026-05-11 14:52:49 UTC
[2026-05-19 00:09:04] Page processed | start=12151 | range_processed=12175 | range_created=10737 | range_updated=1438 | range_skipped_no_hibob=0 | range_errors=0
[2026-05-19 00:09:04] Sleeping 3s before next page...
[2026-05-19 00:09:07] Requesting page | start=12176 | count=25 | date_start=05-01-2026T00:00:00+0000 | date_end=05-31-2026T23:59:59+0000
[2026-05-19 00:09:12] Page received | start=12176 | records=25 | hibob_records=2 | sent_date_min=2026-02-28 09:36:05 UTC | sent_date_max=2026-05-11 14:58:36 UTC | last_updated_min=2026-05-11 14:53:01 UTC | last_updated_max=2026-05-11 14:59:52 UTC
[2026-05-19 00:09:12] Page processed | start=12176 | range_processed=12200 | range_created=10758 | range_updated=1442 | range_skipped_no_hibob=0 | range_errors=0
[2026-05-19 00:09:12] Sleeping 3s before next page...
[2026-05-19 00:09:15] Requesting page | start=12201 | count=25 | date_start=05-01-2026T00:00:00+0000 | date_end=05-31-2026T23:59:59+0000
[2026-05-19 00:09:21] Page received | start=12201 | records=25 | hibob_records=3 | sent_date_min=2026-03-17 17:52:51 UTC | sent_date_max=2026-05-11 15:07:19 UTC | last_updated_min=2026-05-11 14:59:58 UTC | last_updated_max=2026-05-11 15:07:38 UTC
[2026-05-19 00:09:21] Page processed | start=12201 | range_processed=12225 | range_created=10783 | range_updated=1442 | range_skipped_no_hibob=0 | range_errors=0
[2026-05-19 00:09:21] Sleeping 3s before next page...
[2026-05-19 00:09:24] Requesting page | start=12226 | count=25 | date_start=05-01-2026T00:00:00+0000 | date_end=05-31-2026T23:59:59+0000
[2026-05-19 00:09:28] Page received | start=12226 | records=25 | hibob_records=6 | sent_date_min=2026-02-17 17:23:02 UTC | sent_date_max=2026-05-11 15:10:11 UTC | last_updated_min=2026-05-11 15:07:46 UTC | last_updated_max=2026-05-11 15:13:28 UTC
[2026-05-19 00:09:29] Page processed | start=12226 | range_processed=12250 | range_created=10803 | range_updated=1447 | range_skipped_no_hibob=0 | range_errors=0
[2026-05-19 00:09:29] Sleeping 3s before next page...
[2026-05-19 00:09:32] Requesting page | start=12251 | count=25 | date_start=05-01-2026T00:00:00+0000 | date_end=05-31-2026T23:59:59+0000
[2026-05-19 00:09:36] Page received | start=12251 | records=25 | hibob_records=4 | sent_date_min=2026-03-17 06:07:05 UTC | sent_date_max=2026-05-11 15:19:20 UTC | last_updated_min=2026-05-11 15:15:13 UTC | last_updated_max=2026-05-11 15:20:21 UTC
[2026-05-19 00:09:37] Page processed | start=12251 | range_processed=12275 | range_created=10826 | range_updated=1449 | range_skipped_no_hibob=0 | range_errors=0
[2026-05-19 00:09:37] Sleeping 3s before next page...
[2026-05-19 00:09:40] Requesting page | start=12276 | count=25 | date_start=05-01-2026T00:00:00+0000 | date_end=05-31-2026T23:59:59+0000
[2026-05-19 00:09:44] Page received | start=12276 | records=25 | hibob_records=2 | sent_date_min=2026-03-25 04:58:54 UTC | sent_date_max=2026-05-11 15:23:00 UTC | last_updated_min=2026-05-11 15:20:29 UTC | last_updated_max=2026-05-11 15:23:09 UTC
[2026-05-19 00:09:44] Page processed | start=12276 | range_processed=12300 | range_created=10850 | range_updated=1450 | range_skipped_no_hibob=0 | range_errors=0
[2026-05-19 00:09:44] Sleeping 3s before next page...
[2026-05-19 00:09:47] Requesting page | start=12301 | count=25 | date_start=05-01-2026T00:00:00+0000 | date_end=05-31-2026T23:59:59+0000
[2026-05-19 00:09:53] Page received | start=12301 | records=25 | hibob_records=3 | sent_date_min=2026-03-29 00:22:04 UTC | sent_date_max=2026-05-11 15:23:41 UTC | last_updated_min=2026-05-11 15:23:09 UTC | last_updated_max=2026-05-11 15:25:19 UTC
[2026-05-19 00:09:53] Page processed | start=12301 | range_processed=12325 | range_created=10874 | range_updated=1451 | range_skipped_no_hibob=0 | range_errors=0
[2026-05-19 00:09:53] Sleeping 3s before next page...
[2026-05-19 00:09:56] Requesting page | start=12326 | count=25 | date_start=05-01-2026T00:00:00+0000 | date_end=05-31-2026T23:59:59+0000
[2026-05-19 00:10:02] Page received | start=12326 | records=25 | hibob_records=1 | sent_date_min=2026-03-31 12:53:15 UTC | sent_date_max=2026-05-11 15:45:20 UTC | last_updated_min=2026-05-11 15:25:19 UTC | last_updated_max=2026-05-11 15:45:20 UTC
[2026-05-19 00:10:02] Page processed | start=12326 | range_processed=12350 | range_created=10898 | range_updated=1452 | range_skipped_no_hibob=0 | range_errors=0
[2026-05-19 00:10:02] Sleeping 3s before next page...
[2026-05-19 00:10:05] Requesting page | start=12351 | count=25 | date_start=05-01-2026T00:00:00+0000 | date_end=05-31-2026T23:59:59+0000
[2026-05-19 00:10:10] Page received | start=12351 | records=25 | hibob_records=4 | sent_date_min=2026-04-06 12:22:14 UTC | sent_date_max=2026-05-11 16:07:58 UTC | last_updated_min=2026-05-11 15:45:33 UTC | last_updated_max=2026-05-11 16:07:58 UTC
[2026-05-19 00:10:10] Page processed | start=12351 | range_processed=12375 | range_created=10923 | range_updated=1452 | range_skipped_no_hibob=0 | range_errors=0
[2026-05-19 00:10:10] Sleeping 3s before next page...
[2026-05-19 00:10:13] Requesting page | start=12376 | count=25 | date_start=05-01-2026T00:00:00+0000 | date_end=05-31-2026T23:59:59+0000
[2026-05-19 00:10:19] Page received | start=12376 | records=25 | hibob_records=4 | sent_date_min=2026-04-04 13:21:03 UTC | sent_date_max=2026-05-11 16:15:47 UTC | last_updated_min=2026-05-11 16:08:11 UTC | last_updated_max=2026-05-11 16:18:09 UTC
[2026-05-19 00:10:19] Page processed | start=12376 | range_processed=12400 | range_created=10938 | range_updated=1462 | range_skipped_no_hibob=0 | range_errors=0
[2026-05-19 00:10:19] Sleeping 3s before next page...
[2026-05-19 00:10:22] Requesting page | start=12401 | count=25 | date_start=05-01-2026T00:00:00+0000 | date_end=05-31-2026T23:59:59+0000
[2026-05-19 00:10:31] Page received | start=12401 | records=25 | hibob_records=5 | sent_date_min=2026-04-17 09:07:52 UTC | sent_date_max=2026-05-05 00:37:04 UTC | last_updated_min=2026-05-11 16:18:10 UTC | last_updated_max=2026-05-11 16:18:57 UTC
[2026-05-19 00:10:31] Page processed | start=12401 | range_processed=12425 | range_created=10963 | range_updated=1462 | range_skipped_no_hibob=0 | range_errors=0
[2026-05-19 00:10:31] Sleeping 3s before next page...
[2026-05-19 00:10:34] Requesting page | start=12426 | count=25 | date_start=05-01-2026T00:00:00+0000 | date_end=05-31-2026T23:59:59+0000
[2026-05-19 00:10:40] Page received | start=12426 | records=25 | hibob_records=3 | sent_date_min=2026-04-16 12:07:38 UTC | sent_date_max=2026-05-11 16:22:45 UTC | last_updated_min=2026-05-11 16:18:58 UTC | last_updated_max=2026-05-11 16:30:38 UTC
[2026-05-19 00:10:40] Page processed | start=12426 | range_processed=12450 | range_created=10987 | range_updated=1463 | range_skipped_no_hibob=0 | range_errors=0
[2026-05-19 00:10:40] Sleeping 3s before next page...
[2026-05-19 00:10:43] Requesting page | start=12451 | count=25 | date_start=05-01-2026T00:00:00+0000 | date_end=05-31-2026T23:59:59+0000
[2026-05-19 00:10:48] Page received | start=12451 | records=25 | hibob_records=2 | sent_date_min=2026-02-27 15:23:34 UTC | sent_date_max=2026-05-11 16:37:54 UTC | last_updated_min=2026-05-11 16:30:43 UTC | last_updated_max=2026-05-11 16:42:41 UTC
[2026-05-19 00:10:48] Page processed | start=12451 | range_processed=12475 | range_created=11011 | range_updated=1464 | range_skipped_no_hibob=0 | range_errors=0
[2026-05-19 00:10:48] Sleeping 3s before next page...
[2026-05-19 00:10:51] Requesting page | start=12476 | count=25 | date_start=05-01-2026T00:00:00+0000 | date_end=05-31-2026T23:59:59+0000
[2026-05-19 00:10:56] Page received | start=12476 | records=25 | hibob_records=3 | sent_date_min=2025-06-16 14:51:29 UTC | sent_date_max=2026-05-11 16:53:18 UTC | last_updated_min=2026-05-11 16:42:52 UTC | last_updated_max=2026-05-11 16:58:12 UTC
[2026-05-19 00:10:56] Page processed | start=12476 | range_processed=12500 | range_created=11036 | range_updated=1464 | range_skipped_no_hibob=0 | range_errors=0
[2026-05-19 00:10:56] Sleeping 3s before next page...
[2026-05-19 00:10:59] Requesting page | start=12501 | count=25 | date_start=05-01-2026T00:00:00+0000 | date_end=05-31-2026T23:59:59+0000
[2026-05-19 00:11:03] Page received | start=12501 | records=25 | hibob_records=4 | sent_date_min=2025-09-30 23:56:23 UTC | sent_date_max=2026-05-11 17:22:17 UTC | last_updated_min=2026-05-11 16:58:12 UTC | last_updated_max=2026-05-11 17:22:17 UTC
[2026-05-19 00:11:03] Page processed | start=12501 | range_processed=12525 | range_created=11059 | range_updated=1466 | range_skipped_no_hibob=0 | range_errors=0
[2026-05-19 00:11:03] Sleeping 3s before next page...
[2026-05-19 00:11:06] Requesting page | start=12526 | count=25 | date_start=05-01-2026T00:00:00+0000 | date_end=05-31-2026T23:59:59+0000
[2026-05-19 00:11:11] Page received | start=12526 | records=25 | hibob_records=1 | sent_date_min=2026-04-25 18:01:02 UTC | sent_date_max=2026-05-11 17:23:22 UTC | last_updated_min=2026-05-11 17:22:35 UTC | last_updated_max=2026-05-11 17:29:36 UTC
[2026-05-19 00:11:11] Page processed | start=12526 | range_processed=12550 | range_created=11084 | range_updated=1466 | range_skipped_no_hibob=0 | range_errors=0
[2026-05-19 00:11:11] Sleeping 3s before next page...
[2026-05-19 00:11:14] Requesting page | start=12551 | count=25 | date_start=05-01-2026T00:00:00+0000 | date_end=05-31-2026T23:59:59+0000
[2026-05-19 00:11:19] Page received | start=12551 | records=25 | hibob_records=2 | sent_date_min=2026-04-21 14:06:24 UTC | sent_date_max=2026-05-11 17:58:01 UTC | last_updated_min=2026-05-11 17:30:05 UTC | last_updated_max=2026-05-11 17:58:58 UTC
[2026-05-19 00:11:19] Page processed | start=12551 | range_processed=12575 | range_created=11109 | range_updated=1466 | range_skipped_no_hibob=0 | range_errors=0
[2026-05-19 00:11:19] Sleeping 3s before next page...
[2026-05-19 00:11:22] Requesting page | start=12576 | count=25 | date_start=05-01-2026T00:00:00+0000 | date_end=05-31-2026T23:59:59+0000
[2026-05-19 00:11:27] Page received | start=12576 | records=25 | hibob_records=2 | sent_date_min=2026-02-25 16:57:00 UTC | sent_date_max=2026-05-11 18:22:45 UTC | last_updated_min=2026-05-11 18:00:13 UTC | last_updated_max=2026-05-11 18:22:45 UTC
[2026-05-19 00:11:27] Page processed | start=12576 | range_processed=12600 | range_created=11134 | range_updated=1466 | range_skipped_no_hibob=0 | range_errors=0
[2026-05-19 00:11:27] Sleeping 3s before next page...
[2026-05-19 00:11:30] Requesting page | start=12601 | count=25 | date_start=05-01-2026T00:00:00+0000 | date_end=05-31-2026T23:59:59+0000
[2026-05-19 00:11:35] Page received | start=12601 | records=25 | hibob_records=2 | sent_date_min=2026-05-04 20:22:14 UTC | sent_date_max=2026-05-11 18:52:12 UTC | last_updated_min=2026-05-11 18:22:52 UTC | last_updated_max=2026-05-11 18:52:12 UTC
[2026-05-19 00:11:35] Page processed | start=12601 | range_processed=12625 | range_created=11159 | range_updated=1466 | range_skipped_no_hibob=0 | range_errors=0
[2026-05-19 00:11:35] Sleeping 3s before next page...
[2026-05-19 00:11:38] Requesting page | start=12626 | count=25 | date_start=05-01-2026T00:00:00+0000 | date_end=05-31-2026T23:59:59+0000
[2026-05-19 00:11:42] Page received | start=12626 | records=25 | hibob_records=0 | sent_date_min=2026-03-23 18:45:08 UTC | sent_date_max=2026-05-11 19:07:59 UTC | last_updated_min=2026-05-11 18:52:23 UTC | last_updated_max=2026-05-11 19:11:22 UTC
[2026-05-19 00:11:42] Page processed | start=12626 | range_processed=12650 | range_created=11184 | range_updated=1466 | range_skipped_no_hibob=0 | range_errors=0
[2026-05-19 00:11:42] Sleeping 3s before next page...
[2026-05-19 00:11:45] Requesting page | start=12651 | count=25 | date_start=05-01-2026T00:00:00+0000 | date_end=05-31-2026T23:59:59+0000
[2026-05-19 00:11:49] Page received | start=12651 | records=25 | hibob_records=3 | sent_date_min=2026-04-22 19:42:02 UTC | sent_date_max=2026-05-11 19:27:15 UTC | last_updated_min=2026-05-11 19:12:19 UTC | last_updated_max=2026-05-11 19:27:40 UTC
[2026-05-19 00:11:49] Page processed | start=12651 | range_processed=12675 | range_created=11209 | range_updated=1466 | range_skipped_no_hibob=0 | range_errors=0
[2026-05-19 00:11:49] Sleeping 3s before next page...
[2026-05-19 00:11:52] Requesting page | start=12676 | count=25 | date_start=05-01-2026T00:00:00+0000 | date_end=05-31-2026T23:59:59+0000
[2026-05-19 00:11:57] Page received | start=12676 | records=25 | hibob_records=8 | sent_date_min=2026-03-16 20:14:57 UTC | sent_date_max=2026-05-08 00:22:05 UTC | last_updated_min=2026-05-11 19:29:03 UTC | last_updated_max=2026-05-11 19:34:41 UTC
[2026-05-19 00:11:57] Page processed | start=12676 | range_processed=12700 | range_created=11234 | range_updated=1466 | range_skipped_no_hibob=0 | range_errors=0
[2026-05-19 00:11:57] Sleeping 3s before next page...
[2026-05-19 00:12:00] Requesting page | start=12701 | count=25 | date_start=05-01-2026T00:00:00+0000 | date_end=05-31-2026T23:59:59+0000
[2026-05-19 00:12:06] Page received | start=12701 | records=25 | hibob_records=4 | sent_date_min=2026-04-20 02:37:10 UTC | sent_date_max=2026-05-11 19:40:12 UTC | last_updated_min=2026-05-11 19:34:41 UTC | last_updated_max=2026-05-11 19:47:42 UTC
[2026-05-19 00:12:06] Page processed | start=12701 | range_processed=12725 | range_created=11259 | range_updated=1466 | range_skipped_no_hibob=0 | range_errors=0
[2026-05-19 00:12:06] Sleeping 3s before next page...
[2026-05-19 00:12:09] Requesting page | start=12726 | count=25 | date_start=05-01-2026T00:00:00+0000 | date_end=05-31-2026T23:59:59+0000
[2026-05-19 00:12:14] Page received | start=12726 | records=25 | hibob_records=3 | sent_date_min=2026-03-20 10:22:30 UTC | sent_date_max=2026-05-11 19:55:06 UTC | last_updated_min=2026-05-11 19:47:49 UTC | last_updated_max=2026-05-11 19:58:40 UTC
[2026-05-19 00:12:14] Page processed | start=12726 | range_processed=12750 | range_created=11283 | range_updated=1467 | range_skipped_no_hibob=0 | range_errors=0
[2026-05-19 00:12:14] Sleeping 3s before next page...
[2026-05-19 00:12:17] Requesting page | start=12751 | count=25 | date_start=05-01-2026T00:00:00+0000 | date_end=05-31-2026T23:59:59+0000
[2026-05-19 00:12:24] Page received | start=12751 | records=25 | hibob_records=7 | sent_date_min=2026-03-25 04:08:34 UTC | sent_date_max=2026-05-11 20:03:00 UTC | last_updated_min=2026-05-11 19:59:05 UTC | last_updated_max=2026-05-11 20:03:00 UTC
[2026-05-19 00:12:24] Page processed | start=12751 | range_processed=12775 | range_created=11308 | range_updated=1467 | range_skipped_no_hibob=0 | range_errors=0
[2026-05-19 00:12:24] Sleeping 3s before next page...
[2026-05-19 00:12:27] Requesting page | start=12776 | count=25 | date_start=05-01-2026T00:00:00+0000 | date_end=05-31-2026T23:59:59+0000
[2026-05-19 00:12:32] Page received | start=12776 | records=25 | hibob_records=3 | sent_date_min=2026-03-30 03:52:10 UTC | sent_date_max=2026-05-11 20:11:36 UTC | last_updated_min=2026-05-11 20:03:03 UTC | last_updated_max=2026-05-11 20:14:22 UTC
[2026-05-19 00:12:32] Page processed | start=12776 | range_processed=12800 | range_created=11333 | range_updated=1467 | range_skipped_no_hibob=0 | range_errors=0
[2026-05-19 00:12:32] Sleeping 3s before next page...
[2026-05-19 00:12:35] Requesting page | start=12801 | count=25 | date_start=05-01-2026T00:00:00+0000 | date_end=05-31-2026T23:59:59+0000
[2026-05-19 00:12:39] Page received | start=12801 | records=25 | hibob_records=3 | sent_date_min=2026-04-02 14:07:15 UTC | sent_date_max=2026-05-11 20:44:01 UTC | last_updated_min=2026-05-11 20:16:09 UTC | last_updated_max=2026-05-11 20:51:15 UTC
[2026-05-19 00:12:40] Page processed | start=12801 | range_processed=12825 | range_created=11357 | range_updated=1468 | range_skipped_no_hibob=0 | range_errors=0
[2026-05-19 00:12:40] Sleeping 3s before next page...
[2026-05-19 00:12:43] Requesting page | start=12826 | count=25 | date_start=05-01-2026T00:00:00+0000 | date_end=05-31-2026T23:59:59+0000
[2026-05-19 00:12:47] Page received | start=12826 | records=25 | hibob_records=3 | sent_date_min=2026-04-23 12:34:36 UTC | sent_date_max=2026-05-11 21:13:38 UTC | last_updated_min=2026-05-11 20:52:05 UTC | last_updated_max=2026-05-11 21:15:14 UTC
[2026-05-19 00:12:47] Page processed | start=12826 | range_processed=12850 | range_created=11382 | range_updated=1468 | range_skipped_no_hibob=0 | range_errors=0
[2026-05-19 00:12:47] Sleeping 3s before next page...
[2026-05-19 00:12:50] Requesting page | start=12851 | count=25 | date_start=05-01-2026T00:00:00+0000 | date_end=05-31-2026T23:59:59+0000
[2026-05-19 00:12:54] Page received | start=12851 | records=25 | hibob_records=1 | sent_date_min=2026-05-05 14:45:36 UTC | sent_date_max=2026-05-11 21:22:30 UTC | last_updated_min=2026-05-11 21:15:46 UTC | last_updated_max=2026-05-11 21:36:23 UTC
[2026-05-19 00:12:54] Page processed | start=12851 | range_processed=12875 | range_created=11407 | range_updated=1468 | range_skipped_no_hibob=0 | range_errors=0
[2026-05-19 00:12:54] Sleeping 3s before next page...
[2026-05-19 00:12:57] Requesting page | start=12876 | count=25 | date_start=05-01-2026T00:00:00+0000 | date_end=05-31-2026T23:59:59+0000
[2026-05-19 00:13:02] Page received | start=12876 | records=25 | hibob_records=1 | sent_date_min=2026-03-17 12:08:59 UTC | sent_date_max=2026-05-11 22:36:01 UTC | last_updated_min=2026-05-11 21:36:23 UTC | last_updated_max=2026-05-11 22:36:01 UTC
[2026-05-19 00:13:03] Page processed | start=12876 | range_processed=12900 | range_created=11432 | range_updated=1468 | range_skipped_no_hibob=0 | range_errors=0
[2026-05-19 00:13:03] Sleeping 3s before next page...
[2026-05-19 00:13:06] Requesting page | start=12901 | count=25 | date_start=05-01-2026T00:00:00+0000 | date_end=05-31-2026T23:59:59+0000
[2026-05-19 00:13:10] Page received | start=12901 | records=25 | hibob_records=3 | sent_date_min=2026-04-02 01:35:33 UTC | sent_date_max=2026-05-12 00:01:18 UTC | last_updated_min=2026-05-11 22:37:12 UTC | last_updated_max=2026-05-12 00:10:34 UTC
[2026-05-19 00:13:10] Page processed | start=12901 | range_processed=12925 | range_created=11457 | range_updated=1468 | range_skipped_no_hibob=0 | range_errors=0
[2026-05-19 00:13:10] Sleeping 3s before next page...
[2026-05-19 00:13:13] Requesting page | start=12926 | count=25 | date_start=05-01-2026T00:00:00+0000 | date_end=05-31-2026T23:59:59+0000
[2026-05-19 00:13:17] Page received | start=12926 | records=25 | hibob_records=2 | sent_date_min=2026-05-06 18:07:05 UTC | sent_date_max=2026-05-12 01:52:21 UTC | last_updated_min=2026-05-12 00:12:10 UTC | last_updated_max=2026-05-12 01:52:21 UTC
[2026-05-19 00:13:18] Page processed | start=12926 | range_processed=12950 | range_created=11482 | range_updated=1468 | range_skipped_no_hibob=0 | range_errors=0
[2026-05-19 00:13:18] Sleeping 3s before next page...
[2026-05-19 00:13:21] Requesting page | start=12951 | count=25 | date_start=05-01-2026T00:00:00+0000 | date_end=05-31-2026T23:59:59+0000
[2026-05-19 00:13:25] Page received | start=12951 | records=25 | hibob_records=4 | sent_date_min=2026-05-12 01:52:28 UTC | sent_date_max=2026-05-12 04:20:30 UTC | last_updated_min=2026-05-12 01:52:28 UTC | last_updated_max=2026-05-12 04:20:30 UTC
[2026-05-19 00:13:25] Page processed | start=12951 | range_processed=12975 | range_created=11507 | range_updated=1468 | range_skipped_no_hibob=0 | range_errors=0
[2026-05-19 00:13:25] Sleeping 3s before next page...
[2026-05-19 00:13:28] Requesting page | start=12976 | count=25 | date_start=05-01-2026T00:00:00+0000 | date_end=05-31-2026T23:59:59+0000
[2026-05-19 00:13:33] Page received | start=12976 | records=25 | hibob_records=0 | sent_date_min=2026-05-11 17:29:57 UTC | sent_date_max=2026-05-12 05:22:05 UTC | last_updated_min=2026-05-12 04:22:11 UTC | last_updated_max=2026-05-12 05:22:05 UTC
[2026-05-19 00:13:34] Page processed | start=12976 | range_processed=13000 | range_created=11532 | range_updated=1468 | range_skipped_no_hibob=0 | range_errors=0
[2026-05-19 00:13:34] Sleeping 3s before next page...
[2026-05-19 00:13:37] Requesting page | start=13001 | count=25 | date_start=05-01-2026T00:00:00+0000 | date_end=05-31-2026T23:59:59+0000
[2026-05-19 00:13:40] Page received | start=13001 | records=25 | hibob_records=2 | sent_date_min=2026-05-12 05:22:11 UTC | sent_date_max=2026-05-12 06:07:44 UTC | last_updated_min=2026-05-12 05:22:11 UTC | last_updated_max=2026-05-12 06:07:44 UTC
[2026-05-19 00:13:41] Page processed | start=13001 | range_processed=13025 | range_created=11557 | range_updated=1468 | range_skipped_no_hibob=0 | range_errors=0
[2026-05-19 00:13:41] Sleeping 3s before next page...
[2026-05-19 00:13:44] Requesting page | start=13026 | count=25 | date_start=05-01-2026T00:00:00+0000 | date_end=05-31-2026T23:59:59+0000
[2026-05-19 00:13:49] Page received | start=13026 | records=25 | hibob_records=1 | sent_date_min=2026-04-27 11:37:36 UTC | sent_date_max=2026-05-12 06:53:20 UTC | last_updated_min=2026-05-12 06:13:35 UTC | last_updated_max=2026-05-12 06:53:20 UTC
[2026-05-19 00:13:49] Page processed | start=13026 | range_processed=13050 | range_created=11582 | range_updated=1468 | range_skipped_no_hibob=0 | range_errors=0
[2026-05-19 00:13:49] Sleeping 3s before next page...
[2026-05-19 00:13:52] Requesting page | start=13051 | count=25 | date_start=05-01-2026T00:00:00+0000 | date_end=05-31-2026T23:59:59+0000
[2026-05-19 00:13:56] Page received | start=13051 | records=25 | hibob_records=2 | sent_date_min=2025-10-30 14:00:23 UTC | sent_date_max=2026-05-12 07:22:57 UTC | last_updated_min=2026-05-12 06:53:26 UTC | last_updated_max=2026-05-12 07:22:57 UTC
[2026-05-19 00:13:57] Page processed | start=13051 | range_processed=13075 | range_created=11606 | range_updated=1469 | range_skipped_no_hibob=0 | range_errors=0
[2026-05-19 00:13:57] Sleeping 3s before next page...
[2026-05-19 00:14:00] Requesting page | start=13076 | count=25 | date_start=05-01-2026T00:00:00+0000 | date_end=05-31-2026T23:59:59+0000
[2026-05-19 00:14:04] Page received | start=13076 | records=25 | hibob_records=4 | sent_date_min=2025-07-19 07:50:04 UTC | sent_date_max=2026-05-12 07:37:44 UTC | last_updated_min=2026-05-12 07:23:13 UTC | last_updated_max=2026-05-12 07:37:44 UTC
[2026-05-19 00:14:05] Page processed | start=13076 | range_processed=13100 | range_created=11629 | range_updated=1471 | range_skipped_no_hibob=0 | range_errors=0
[2026-05-19 00:14:05] Sleeping 3s before next page...
[2026-05-19 00:14:08] Requesting page | start=13101 | count=25 | date_start=05-01-2026T00:00:00+0000 | date_end=05-31-2026T23:59:59+0000
[2026-05-19 00:14:13] Page received | start=13101 | records=25 | hibob_records=1 | sent_date_min=2025-04-24 17:44:48 UTC | sent_date_max=2026-05-12 07:38:37 UTC | last_updated_min=2026-05-12 07:37:51 UTC | last_updated_max=2026-05-12 07:43:17 UTC
[2026-05-19 00:14:13] Page processed | start=13101 | range_processed=13125 | range_created=11653 | range_updated=1472 | range_skipped_no_hibob=0 | range_errors=0
[2026-05-19 00:14:13] Sleeping 3s before next page...
[2026-05-19 00:14:16] Requesting page | start=13126 | count=25 | date_start=05-01-2026T00:00:00+0000 | date_end=05-31-2026T23:59:59+0000
[2026-05-19 00:14:21] Page received | start=13126 | records=25 | hibob_records=1 | sent_date_min=2025-04-11 23:31:35 UTC | sent_date_max=2026-05-12 07:47:17 UTC | last_updated_min=2026-05-12 07:43:25 UTC | last_updated_max=2026-05-12 07:47:17 UTC
[2026-05-19 00:14:21] Page processed | start=13126 | range_processed=13150 | range_created=11662 | range_updated=1488 | range_skipped_no_hibob=0 | range_errors=0
[2026-05-19 00:14:21] Sleeping 3s before next page...
[2026-05-19 00:14:24] Requesting page | start=13151 | count=25 | date_start=05-01-2026T00:00:00+0000 | date_end=05-31-2026T23:59:59+0000
[2026-05-19 00:14:29] Page received | start=13151 | records=25 | hibob_records=0 | sent_date_min=2025-04-03 04:58:34 UTC | sent_date_max=2026-05-12 05:52:43 UTC | last_updated_min=2026-05-12 07:47:41 UTC | last_updated_max=2026-05-12 07:49:57 UTC
[2026-05-19 00:14:29] Page processed | start=13151 | range_processed=13175 | range_created=11686 | range_updated=1489 | range_skipped_no_hibob=0 | range_errors=0
[2026-05-19 00:14:29] Sleeping 3s before next page...
[2026-05-19 00:14:32] Requesting page | start=13176 | count=25 | date_start=05-01-2026T00:00:00+0000 | date_end=05-31-2026T23:59:59+0000
[2026-05-19 00:14:37] Page received | start=13176 | records=25 | hibob_records=4 | sent_date_min=2025-04-17 08:16:20 UTC | sent_date_max=2026-05-12 07:52:20 UTC | last_updated_min=2026-05-12 07:49:58 UTC | last_updated_max=2026-05-12 07:56:55 UTC
[2026-05-19 00:14:37] Page processed | start=13176 | range_processed=13200 | range_created=11709 | range_updated=1491 | range_skipped_no_hibob=0 | range_errors=0
[2026-05-19 00:14:37] Sleeping 3s before next page...
[2026-05-19 00:14:40] Requesting page | start=13201 | count=25 | date_start=05-01-2026T00:00:00+0000 | date_end=05-31-2026T23:59:59+0000
[2026-05-19 00:14:45] Page received | start=13201 | records=25 | hibob_records=0 | sent_date_min=2025-04-24 17:09:10 UTC | sent_date_max=2026-05-11 21:35:38 UTC | last_updated_min=2026-05-12 07:57:12 UTC | last_updated_max=2026-05-12 07:59:53 UTC
[2026-05-19 00:14:45] Page processed | start=13201 | range_processed=13225 | range_created=11717 | range_updated=1508 | range_skipped_no_hibob=0 | range_errors=0
[2026-05-19 00:14:45] Sleeping 3s before next page...
[2026-05-19 00:14:48] Requesting page | start=13226 | count=25 | date_start=05-01-2026T00:00:00+0000 | date_end=05-31-2026T23:59:59+0000
[2026-05-19 00:14:58] Page received | start=13226 | records=25 | hibob_records=5 | sent_date_min=2025-05-29 11:52:17 UTC | sent_date_max=2026-05-12 08:16:34 UTC | last_updated_min=2026-05-12 07:59:53 UTC | last_updated_max=2026-05-12 08:17:49 UTC
[2026-05-19 00:14:59] Page processed | start=13226 | range_processed=13250 | range_created=11738 | range_updated=1512 | range_skipped_no_hibob=0 | range_errors=0
[2026-05-19 00:14:59] Sleeping 3s before next page...
[2026-05-19 00:15:02] Requesting page | start=13251 | count=25 | date_start=05-01-2026T00:00:00+0000 | date_end=05-31-2026T23:59:59+0000
[2026-05-19 00:15:07] Page received | start=13251 | records=25 | hibob_records=2 | sent_date_min=2025-09-09 10:38:05 UTC | sent_date_max=2026-05-12 08:29:40 UTC | last_updated_min=2026-05-12 08:17:49 UTC | last_updated_max=2026-05-12 08:29:40 UTC
[2026-05-19 00:15:07] Page processed | start=13251 | range_processed=13275 | range_created=11762 | range_updated=1513 | range_skipped_no_hibob=0 | range_errors=0
[2026-05-19 00:15:07] Sleeping 3s before next page...
[2026-05-19 00:15:10] Requesting page | start=13276 | count=25 | date_start=05-01-2026T00:00:00+0000 | date_end=05-31-2026T23:59:59+0000
[2026-05-19 00:15:14] Page received | start=13276 | records=25 | hibob_records=2 | sent_date_min=2025-06-18 10:39:36 UTC | sent_date_max=2026-05-12 08:37:13 UTC | last_updated_min=2026-05-12 08:29:41 UTC | last_updated_max=2026-05-12 08:37:15 UTC
[2026-05-19 00:15:14] Page processed | start=13276 | range_processed=13300 | range_created=11786 | range_updated=1514 | range_skipped_no_hibob=0 | range_errors=0
[2026-05-19 00:15:14] Sleeping 3s before next page...
[2026-05-19 00:15:17] Requesting page | start=13301 | count=25 | date_start=05-01-2026T00:00:00+0000 | date_end=05-31-2026T23:59:59+0000
[2026-05-19 00:15:21] Page received | start=13301 | records=25 | hibob_records=4 | sent_date_min=2025-12-22 10:10:18 UTC | sent_date_max=2026-05-12 08:40:45 UTC | last_updated_min=2026-05-12 08:37:15 UTC | last_updated_max=2026-05-12 08:41:20 UTC
[2026-05-19 00:15:21] Page processed | start=13301 | range_processed=13325 | range_created=11809 | range_updated=1516 | range_skipped_no_hibob=0 | range_errors=0
[2026-05-19 00:15:21] Sleeping 3s before next page...
[2026-05-19 00:15:24] Requesting page | start=13326 | count=25 | date_start=05-01-2026T00:00:00+0000 | date_end=05-31-2026T23:59:59+0000
[2026-05-19 00:15:30] Page received | start=13326 | records=25 | hibob_records=2 | sent_date_min=2025-10-23 14:39:46 UTC | sent_date_max=2026-05-12 08:44:26 UTC | last_updated_min=2026-05-12 08:41:23 UTC | last_updated_max=2026-05-12 08:47:18 UTC
[2026-05-19 00:15:30] Page processed | start=13326 | range_processed=13350 | range_created=11834 | range_updated=1516 | range_skipped_no_hibob=0 | range_errors=0
[2026-05-19 00:15:30] Sleeping 3s before next page...
[2026-05-19 00:15:33] Requesting page | start=13351 | count=25 | date_start=05-01-2026T00:00:00+0000 | date_end=05-31-2026T23:59:59+0000
[2026-05-19 00:15:38] Page received | start=13351 | records=25 | hibob_records=1 | sent_date_min=2025-07-04 08:57:40 UTC | sent_date_max=2026-05-12 08:48:58 UTC | last_updated_min=2026-05-12 08:47:40 UTC | last_updated_max=2026-05-12 08:52:22 UTC
[2026-05-19 00:15:38] Page processed | start=13351 | range_processed=13375 | range_created=11859 | range_updated=1516 | range_skipped_no_hibob=0 | range_errors=0
[2026-05-19 00:15:38] Sleeping 3s before next page...
[2026-05-19 00:15:41] Requesting page | start=13376 | count=25 | date_start=05-01-2026T00:00:00+0000 | date_end=05-31-2026T23:59:59+0000
[2026-05-19 00:15:46] Page received | start=13376 | records=25 | hibob_records=0 | sent_date_min=2025-01-31 05:07:38 UTC | sent_date_max=2026-05-12 08:56:46 UTC | last_updated_min=2026-05-12 08:52:24 UTC | last_updated_max=2026-05-12 08:56:58 UTC
[2026-05-19 00:15:46] Page processed | start=13376 | range_processed=13400 | range_created=11882 | range_updated=1518 | range_skipped_no_hibob=0 | range_errors=0
[2026-05-19 00:15:46] Sleeping 3s before next page...
[2026-05-19 00:15:49] Requesting page | start=13401 | count=25 | date_start=05-01-2026T00:00:00+0000 | date_end=05-31-2026T23:59:59+0000
[2026-05-19 00:15:54] Page received | start=13401 | records=25 | hibob_records=0 | sent_date_min=2025-04-07 09:11:08 UTC | sent_date_max=2026-05-11 15:38:54 UTC | last_updated_min=2026-05-12 08:57:03 UTC | last_updated_max=2026-05-12 09:02:07 UTC
[2026-05-19 00:15:54] Page processed | start=13401 | range_processed=13425 | range_created=11901 | range_updated=1524 | range_skipped_no_hibob=0 | range_errors=0
[2026-05-19 00:15:54] Sleeping 3s before next page...
[2026-05-19 00:15:57] Requesting page | start=13426 | count=25 | date_start=05-01-2026T00:00:00+0000 | date_end=05-31-2026T23:59:59+0000
[2026-05-19 00:16:01] Page received | start=13426 | records=25 | hibob_records=4 | sent_date_min=2026-01-27 09:30:59 UTC | sent_date_max=2026-05-12 09:10:54 UTC | last_updated_min=2026-05-12 09:02:08 UTC | last_updated_max=2026-05-12 09:13:12 UTC
[2026-05-19 00:16:01] Page processed | start=13426 | range_processed=13450 | range_created=11925 | range_updated=1525 | range_skipped_no_hibob=0 | range_errors=0
[2026-05-19 00:16:01] Sleeping 3s before next page...
[2026-05-19 00:16:04] Requesting page | start=13451 | count=25 | date_start=05-01-2026T00:00:00+0000 | date_end=05-31-2026T23:59:59+0000
[2026-05-19 00:16:09] Page received | start=13451 | records=25 | hibob_records=3 | sent_date_min=2026-01-18 12:37:24 UTC | sent_date_max=2026-05-10 05:14:00 UTC | last_updated_min=2026-05-12 09:13:14 UTC | last_updated_max=2026-05-12 09:18:20 UTC
[2026-05-19 00:16:09] Page processed | start=13451 | range_processed=13475 | range_created=11945 | range_updated=1530 | range_skipped_no_hibob=0 | range_errors=0
[2026-05-19 00:16:09] Sleeping 3s before next page...
[2026-05-19 00:16:12] Requesting page | start=13476 | count=25 | date_start=05-01-2026T00:00:00+0000 | date_end=05-31-2026T23:59:59+0000
[2026-05-19 00:16:17] Page received | start=13476 | records=25 | hibob_records=7 | sent_date_min=2025-08-05 12:54:51 UTC | sent_date_max=2026-05-12 09:18:22 UTC | last_updated_min=2026-05-12 09:18:21 UTC | last_updated_max=2026-05-12 09:21:52 UTC
[2026-05-19 00:16:17] Page processed | start=13476 | range_processed=13500 | range_created=11969 | range_updated=1531 | range_skipped_no_hibob=0 | range_errors=0
[2026-05-19 00:16:17] Sleeping 3s before next page...
[2026-05-19 00:16:20] Requesting page | start=13501 | count=25 | date_start=05-01-2026T00:00:00+0000 | date_end=05-31-2026T23:59:59+0000
[2026-05-19 00:16:26] Page received | start=13501 | records=25 | hibob_records=7 | sent_date_min=2025-07-22 14:11:40 UTC | sent_date_max=2026-05-12 09:22:10 UTC | last_updated_min=2026-05-12 09:22:02 UTC | last_updated_max=2026-05-12 09:29:52 UTC
[2026-05-19 00:16:26] Page processed | start=13501 | range_processed=13525 | range_created=11991 | range_updated=1534 | range_skipped_no_hibob=0 | range_errors=0
[2026-05-19 00:16:26] Sleeping 3s before next page...
[2026-05-19 00:16:29] Requesting page | start=13526 | count=25 | date_start=05-01-2026T00:00:00+0000 | date_end=05-31-2026T23:59:59+0000
[2026-05-19 00:16:34] Page received | start=13526 | records=25 | hibob_records=7 | sent_date_min=2025-11-24 21:09:32 UTC | sent_date_max=2026-05-12 09:41:57 UTC | last_updated_min=2026-05-12 09:30:04 UTC | last_updated_max=2026-05-12 09:42:42 UTC
[2026-05-19 00:16:34] Page processed | start=13526 | range_processed=13550 | range_created=12014 | range_updated=1536 | range_skipped_no_hibob=0 | range_errors=0
[2026-05-19 00:16:34] Sleeping 3s before next page...
[2026-05-19 00:16:37] Requesting page | start=13551 | count=25 | date_start=05-01-2026T00:00:00+0000 | date_end=05-31-2026T23:59:59+0000
[2026-05-19 00:16:42] Page received | start=13551 | records=25 | hibob_records=0 | sent_date_min=2026-02-25 05:32:21 UTC | sent_date_max=2026-05-12 09:55:31 UTC | last_updated_min=2026-05-08 12:29:14 UTC | last_updated_max=2026-05-12 10:04:39 UTC
[2026-05-19 00:16:42] Page processed | start=13551 | range_processed=13575 | range_created=12039 | range_updated=1536 | range_skipped_no_hibob=0 | range_errors=0
[2026-05-19 00:16:43] Sleeping 3s before next page...
[2026-05-19 00:16:46] Requesting page | start=13576 | count=25 | date_start=05-01-2026T00:00:00+0000 | date_end=05-31-2026T23:59:59+0000
[2026-05-19 00:16:50] Page received | start=13576 | records=25 | hibob_records=4 | sent_date_min=2026-02-16 15:54:39 UTC | sent_date_max=2026-05-12 10:19:29 UTC | last_updated_min=2026-05-08 11:32:45 UTC | last_updated_max=2026-05-12 10:20:02 UTC
[2026-05-19 00:16:50] Page processed | start=13576 | range_processed=13600 | range_created=12064 | range_updated=1536 | range_skipped_no_hibob=0 | range_errors=0
[2026-05-19 00:16:50] Sleeping 3s before next page...
[2026-05-19 00:16:53] Requesting page | start=13601 | count=25 | date_start=05-01-2026T00:00:00+0000 | date_end=05-31-2026T23:59:59+0000
[2026-05-19 00:16:58] Page received | start=13601 | records=25 | hibob_records=2 | sent_date_min=2026-02-28 07:38:50 UTC | sent_date_max=2026-05-12 10:39:41 UTC | last_updated_min=2026-05-12 10:20:35 UTC | last_updated_max=2026-05-12 10:42:01 UTC
[2026-05-19 00:16:59] Page processed | start=13601 | range_processed=13625 | range_created=12088 | range_updated=1537 | range_skipped_no_hibob=0 | range_errors=0
[2026-05-19 00:16:59] Sleeping 3s before next page...
[2026-05-19 00:17:02] Requesting page | start=13626 | count=25 | date_start=05-01-2026T00:00:00+0000 | date_end=05-31-2026T23:59:59+0000
[2026-05-19 00:17:06] Page received | start=13626 | records=25 | hibob_records=1 | sent_date_min=2025-04-01 09:52:37 UTC | sent_date_max=2026-05-12 10:45:37 UTC | last_updated_min=2026-05-12 10:42:15 UTC | last_updated_max=2026-05-12 10:46:55 UTC
[2026-05-19 00:17:06] Page processed | start=13626 | range_processed=13650 | range_created=12109 | range_updated=1541 | range_skipped_no_hibob=0 | range_errors=0
[2026-05-19 00:17:06] Sleeping 3s before next page...
[2026-05-19 00:17:09] Requesting page | start=13651 | count=25 | date_start=05-01-2026T00:00:00+0000 | date_end=05-31-2026T23:59:59+0000
[2026-05-19 00:17:14] Page received | start=13651 | records=25 | hibob_records=0 | sent_date_min=2026-04-24 12:44:46 UTC | sent_date_max=2026-05-12 10:52:34 UTC | last_updated_min=2026-05-12 10:48:51 UTC | last_updated_max=2026-05-12 10:53:20 UTC
[2026-05-19 00:17:14] Page processed | start=13651 | range_processed=13675 | range_created=12134 | range_updated=1541 | range_skipped_no_hibob=0 | range_errors=0
[2026-05-19 00:17:14] Sleeping 3s before next page...
[2026-05-19 00:17:17] Requesting page | start=13676 | count=25 | date_start=05-01-2026T00:00:00+0000 | date_end=05-31-2026T23:59:59+0000
[2026-05-19 00:17:23] Page received | start=13676 | records=25 | hibob_records=4 | sent_date_min=2025-04-03 11:45:12 UTC | sent_date_max=2026-05-07 15:32:06 UTC | last_updated_min=2026-05-12 10:53:43 UTC | last_updated_max=2026-05-12 11:00:31 UTC
[2026-05-19 00:17:23] Page processed | start=13676 | range_processed=13700 | range_created=12159 | range_updated=1541 | range_skipped_no_hibob=0 | range_errors=0
[2026-05-19 00:17:23] Sleeping 3s before next page...
[2026-05-19 00:17:26] Requesting page | start=13701 | count=25 | date_start=05-01-2026T00:00:00+0000 | date_end=05-31-2026T23:59:59+0000
[2026-05-19 00:17:30] Page received | start=13701 | records=25 | hibob_records=4 | sent_date_min=2026-04-17 08:37:30 UTC | sent_date_max=2026-05-12 11:07:46 UTC | last_updated_min=2026-05-12 11:01:03 UTC | last_updated_max=2026-05-12 11:08:52 UTC
[2026-05-19 00:17:30] Page processed | start=13701 | range_processed=13725 | range_created=12184 | range_updated=1541 | range_skipped_no_hibob=0 | range_errors=0
[2026-05-19 00:17:30] Sleeping 3s before next page...
[2026-05-19 00:17:33] Requesting page | start=13726 | count=25 | date_start=05-01-2026T00:00:00+0000 | date_end=05-31-2026T23:59:59+0000
[2026-05-19 00:17:37] Page received | start=13726 | records=25 | hibob_records=0 | sent_date_min=2025-11-27 08:32:42 UTC | sent_date_max=2026-05-12 11:25:25 UTC | last_updated_min=2026-05-12 11:09:20 UTC | last_updated_max=2026-05-12 11:25:31 UTC
[2026-05-19 00:17:37] Page processed | start=13726 | range_processed=13750 | range_created=12208 | range_updated=1542 | range_skipped_no_hibob=0 | range_errors=0
[2026-05-19 00:17:37] Sleeping 3s before next page...
[2026-05-19 00:17:40] Requesting page | start=13751 | count=25 | date_start=05-01-2026T00:00:00+0000 | date_end=05-31-2026T23:59:59+0000
[2026-05-19 00:17:50] Page received | start=13751 | records=25 | hibob_records=2 | sent_date_min=2026-03-24 13:54:21 UTC | sent_date_max=2026-05-12 11:28:56 UTC | last_updated_min=2026-05-12 11:25:34 UTC | last_updated_max=2026-05-12 11:30:05 UTC
[2026-05-19 00:17:50] Page processed | start=13751 | range_processed=13775 | range_created=12229 | range_updated=1546 | range_skipped_no_hibob=0 | range_errors=0
[2026-05-19 00:17:50] Sleeping 3s before next page...
[2026-05-19 00:17:53] Requesting page | start=13776 | count=25 | date_start=05-01-2026T00:00:00+0000 | date_end=05-31-2026T23:59:59+0000
[2026-05-19 00:17:59] Page received | start=13776 | records=25 | hibob_records=4 | sent_date_min=2025-07-17 13:22:30 UTC | sent_date_max=2026-05-12 07:38:14 UTC | last_updated_min=2026-05-12 11:30:05 UTC | last_updated_max=2026-05-12 11:30:52 UTC
[2026-05-19 00:17:59] Page processed | start=13776 | range_processed=13800 | range_created=12254 | range_updated=1546 | range_skipped_no_hibob=0 | range_errors=0
[2026-05-19 00:17:59] Sleeping 3s before next page...
[2026-05-19 00:18:02] Requesting page | start=13801 | count=25 | date_start=05-01-2026T00:00:00+0000 | date_end=05-31-2026T23:59:59+0000
[2026-05-19 00:18:08] Page received | start=13801 | records=25 | hibob_records=3 | sent_date_min=2026-03-15 03:29:15 UTC | sent_date_max=2026-05-12 11:41:52 UTC | last_updated_min=2026-05-12 11:30:56 UTC | last_updated_max=2026-05-12 11:48:07 UTC
[2026-05-19 00:18:08] Page processed | start=13801 | range_processed=13825 | range_created=12279 | range_updated=1546 | range_skipped_no_hibob=0 | range_errors=0
[2026-05-19 00:18:08] Sleeping 3s before next page...
[2026-05-19 00:18:11] Requesting page | start=13826 | count=25 | date_start=05-01-2026T00:00:00+0000 | date_end=05-31-2026T23:59:59+0000
[2026-05-19 00:18:15] Page received | start=13826 | records=25 | hibob_records=5 | sent_date_min=2026-01-20 08:28:41 UTC | sent_date_max=2026-05-12 11:52:57 UTC | last_updated_min=2026-05-12 11:48:24 UTC | last_updated_max=2026-05-12 12:00:04 UTC
[2026-05-19 00:18:15] Page processed | start=13826 | range_processed=13850 | range_created=12302 | range_updated=1548 | range_skipped_no_hibob=0 | range_errors=0
[2026-05-19 00:18:15] Sleeping 3s before next page...
[2026-05-19 00:18:18] Requesting page | start=13851 | count=25 | date_start=05-01-2026T00:00:00+0000 | date_end=05-31-2026T23:59:59+0000
[2026-05-19 00:18:24] Page received | start=13851 | records=25 | hibob_records=1 | sent_date_min=2026-01-11 14:38:03 UTC | sent_date_max=2026-05-12 12:08:48 UTC | last_updated_min=2026-05-12 12:00:04 UTC | last_updated_max=2026-05-12 12:08:48 UTC
[2026-05-19 00:18:24] Page processed | start=13851 | range_processed=13875 | range_created=12325 | range_updated=1550 | range_skipped_no_hibob=0 | range_errors=0
[2026-05-19 00:18:24] Sleeping 3s before next page...
[2026-05-19 00:18:27] Requesting page | start=13876 | count=25 | date_start=05-01-2026T00:00:00+0000 | date_end=05-31-2026T23:59:59+0000
[2026-05-19 00:18:32] Page received | start=13876 | records=25 | hibob_records=5 | sent_date_min=2026-01-16 01:52:35 UTC | sent_date_max=2026-05-12 11:12:49 UTC | last_updated_min=2026-05-12 12:09:15 UTC | last_updated_max=2026-05-12 12:18:58 UTC
[2026-05-19 00:18:32] Page processed | start=13876 | range_processed=13900 | range_created=12348 | range_updated=1552 | range_skipped_no_hibob=0 | range_errors=0
[2026-05-19 00:18:32] Sleeping 3s before next page...
[2026-05-19 00:18:35] Requesting page | start=13901 | count=25 | date_start=05-01-2026T00:00:00+0000 | date_end=05-31-2026T23:59:59+0000
[2026-05-19 00:18:40] Page received | start=13901 | records=25 | hibob_records=2 | sent_date_min=2026-03-16 19:07:20 UTC | sent_date_max=2026-05-12 12:22:48 UTC | last_updated_min=2026-05-12 12:19:30 UTC | last_updated_max=2026-05-12 12:30:04 UTC
[2026-05-19 00:18:40] Page processed | start=13901 | range_processed=13925 | range_created=12373 | range_updated=1552 | range_skipped_no_hibob=0 | range_errors=0
[2026-05-19 00:18:40] Sleeping 3s before next page...
[2026-05-19 00:18:43] Requesting page | start=13926 | count=25 | date_start=05-01-2026T00:00:00+0000 | date_end=05-31-2026T23:59:59+0000
[2026-05-19 00:18:48] Page received | start=13926 | records=25 | hibob_records=4 | sent_date_min=2025-12-24 09:14:42 UTC | sent_date_max=2026-05-12 12:37:55 UTC | last_updated_min=2026-05-12 12:30:04 UTC | last_updated_max=2026-05-12 12:38:42 UTC
[2026-05-19 00:18:48] Page processed | start=13926 | range_processed=13950 | range_created=12397 | range_updated=1553 | range_skipped_no_hibob=0 | range_errors=0
[2026-05-19 00:18:48] Sleeping 3s before next page...
[2026-05-19 00:18:51] Requesting page | start=13951 | count=25 | date_start=05-01-2026T00:00:00+0000 | date_end=05-31-2026T23:59:59+0000
[2026-05-19 00:18:56] Page received | start=13951 | records=25 | hibob_records=3 | sent_date_min=2025-01-13 06:37:36 UTC | sent_date_max=2026-05-12 09:01:48 UTC | last_updated_min=2026-05-12 12:38:51 UTC | last_updated_max=2026-05-12 12:41:44 UTC
[2026-05-19 00:18:56] Page processed | start=13951 | range_processed=13975 | range_created=12420 | range_updated=1555 | range_skipped_no_hibob=0 | range_errors=0
[2026-05-19 00:18:56] Sleeping 3s before next page...
[2026-05-19 00:18:59] Requesting page | start=13976 | count=25 | date_start=05-01-2026T00:00:00+0000 | date_end=05-31-2026T23:59:59+0000
[2026-05-19 00:19:05] Page received | start=13976 | records=25 | hibob_records=1 | sent_date_min=2025-12-21 07:07:46 UTC | sent_date_max=2026-05-12 12:41:27 UTC | last_updated_min=2026-05-12 12:41:44 UTC | last_updated_max=2026-05-12 12:46:04 UTC
[2026-05-19 00:19:05] Page processed | start=13976 | range_processed=14000 | range_created=12440 | range_updated=1560 | range_skipped_no_hibob=0 | range_errors=0
[2026-05-19 00:19:05] Sleeping 3s before next page...
[2026-05-19 00:19:08] Requesting page | start=14001 | count=25 | date_start=05-01-2026T00:00:00+0000 | date_end=05-31-2026T23:59:59+0000
[2026-05-19 00:19:13] Page received | start=14001 | records=25 | hibob_records=8 | sent_date_min=2026-04-08 16:37:27 UTC | sent_date_max=2026-05-12 12:49:16 UTC | last_updated_min=2026-05-12 12:46:08 UTC | last_updated_max=2026-05-12 12:50:56 UTC
[2026-05-19 00:19:13] Page processed | start=14001 | range_processed=14025 | range_created=12465 | range_updated=1560 | range_skipped_no_hibob=0 | range_errors=0
[2026-05-19 00:19:13] Sleeping 3s before next page...
[2026-05-19 00:19:16] Requesting page | start=14026 | count=25 | date_start=05-01-2026T00:00:00+0000 | date_end=05-31-2026T23:59:59+0000
[2026-05-19 00:19:22] Page received | start=14026 | records=25 | hibob_records=3 | sent_date_min=2026-02-18 05:22:35 UTC | sent_date_max=2026-05-12 12:58:52 UTC | last_updated_min=2026-05-12 12:52:05 UTC | last_updated_max=2026-05-12 12:59:34 UTC
[2026-05-19 00:19:22] Page processed | start=14026 | range_processed=14050 | range_created=12488 | range_updated=1562 | range_skipped_no_hibob=0 | range_errors=0
[2026-05-19 00:19:22] Sleeping 3s before next page...
[2026-05-19 00:19:25] Requesting page | start=14051 | count=25 | date_start=05-01-2026T00:00:00+0000 | date_end=05-31-2026T23:59:59+0000
[2026-05-19 00:19:29] Page received | start=14051 | records=25 | hibob_records=9 | sent_date_min=2026-03-10 13:48:09 UTC | sent_date_max=2026-05-12 13:04:56 UTC | last_updated_min=2026-05-12 12:59:54 UTC | last_updated_max=2026-05-12 13:04:56 UTC
[2026-05-19 00:19:30] Page processed | start=14051 | range_processed=14075 | range_created=12513 | range_updated=1562 | range_skipped_no_hibob=0 | range_errors=0
[2026-05-19 00:19:30] Sleeping 3s before next page...
[2026-05-19 00:19:33] Requesting page | start=14076 | count=25 | date_start=05-01-2026T00:00:00+0000 | date_end=05-31-2026T23:59:59+0000
[2026-05-19 00:19:37] Page received | start=14076 | records=25 | hibob_records=5 | sent_date_min=2025-04-27 23:14:55 UTC | sent_date_max=2026-05-12 13:07:38 UTC | last_updated_min=2026-05-12 13:04:58 UTC | last_updated_max=2026-05-12 13:08:00 UTC
[2026-05-19 00:19:37] Page processed | start=14076 | range_processed=14100 | range_created=12538 | range_updated=1562 | range_skipped_no_hibob=0 | range_errors=0
[2026-05-19 00:19:37] Sleeping 3s before next page...
[2026-05-19 00:19:40] Requesting page | start=14101 | count=25 | date_start=05-01-2026T00:00:00+0000 | date_end=05-31-2026T23:59:59+0000
[2026-05-19 00:19:45] Page received | start=14101 | records=25 | hibob_records=3 | sent_date_min=2025-06-11 18:29:33 UTC | sent_date_max=2026-05-12 13:16:39 UTC | last_updated_min=2026-05-12 13:08:36 UTC | last_updated_max=2026-05-12 13:21:02 UTC
[2026-05-19 00:19:45] Page processed | start=14101 | range_processed=14125 | range_created=12562 | range_updated=1563 | range_skipped_no_hibob=0 | range_errors=0
[2026-05-19 00:19:45] Sleeping 3s before next page...
[2026-05-19 00:19:48] Requesting page | start=14126 | count=25 | date_start=05-01-2026T00:00:00+0000 | date_end=05-31-2026T23:59:59+0000
[2026-05-19 00:19:52] Page received | start=14126 | records=25 | hibob_records=2 | sent_date_min=2025-10-07 12:52:59 UTC | sent_date_max=2026-05-12 13:22:51 UTC | last_updated_min=2026-05-12 13:21:18 UTC | last_updated_max=2026-05-12 13:24:31 UTC
[2026-05-19 00:19:52] Page processed | start=14126 | range_processed=14150 | range_created=12581 | range_updated=1569 | range_skipped_no_hibob=0 | range_errors=0
[2026-05-19 00:19:52] Sleeping 3s before next page...
[2026-05-19 00:19:55] Requesting page | start=14151 | count=25 | date_start=05-01-2026T00:00:00+0000 | date_end=05-31-2026T23:59:59+0000
[2026-05-19 00:20:00] Page received | start=14151 | records=25 | hibob_records=4 | sent_date_min=2025-07-20 21:49:01 UTC | sent_date_max=2026-05-11 13:22:29 UTC | last_updated_min=2026-05-12 13:24:36 UTC | last_updated_max=2026-05-12 13:28:06 UTC
[2026-05-19 00:20:00] Page processed | start=14151 | range_processed=14175 | range_created=12600 | range_updated=1575 | range_skipped_no_hibob=0 | range_errors=0
[2026-05-19 00:20:00] Sleeping 3s before next page...
[2026-05-19 00:20:03] Requesting page | start=14176 | count=25 | date_start=05-01-2026T00:00:00+0000 | date_end=05-31-2026T23:59:59+0000
[2026-05-19 00:20:08] Page received | start=14176 | records=25 | hibob_records=0 | sent_date_min=2025-10-24 01:14:32 UTC | sent_date_max=2026-05-12 13:28:29 UTC | last_updated_min=2026-05-12 13:28:13 UTC | last_updated_max=2026-05-12 13:30:09 UTC
[2026-05-19 00:20:08] Page processed | start=14176 | range_processed=14200 | range_created=12605 | range_updated=1595 | range_skipped_no_hibob=0 | range_errors=0
[2026-05-19 00:20:08] Sleeping 3s before next page...
[2026-05-19 00:20:11] Requesting page | start=14201 | count=25 | date_start=05-01-2026T00:00:00+0000 | date_end=05-31-2026T23:59:59+0000
[2026-05-19 00:20:18] Page received | start=14201 | records=25 | hibob_records=4 | sent_date_min=2025-07-06 23:07:25 UTC | sent_date_max=2026-05-12 13:30:15 UTC | last_updated_min=2026-05-12 13:30:10 UTC | last_updated_max=2026-05-12 13:32:32 UTC
[2026-05-19 00:20:19] Page processed | start=14201 | range_processed=14225 | range_created=12626 | range_updated=1599 | range_skipped_no_hibob=0 | range_errors=0
[2026-05-19 00:20:19] Sleeping 3s before next page...
[2026-05-19 00:20:22] Requesting page | start=14226 | count=25 | date_start=05-01-2026T00:00:00+0000 | date_end=05-31-2026T23:59:59+0000
[2026-05-19 00:20:26] Page received | start=14226 | records=25 | hibob_records=3 | sent_date_min=2025-10-13 15:08:40 UTC | sent_date_max=2026-05-12 13:37:17 UTC | last_updated_min=2026-05-12 13:32:33 UTC | last_updated_max=2026-05-12 13:37:52 UTC
[2026-05-19 00:20:26] Page processed | start=14226 | range_processed=14250 | range_created=12645 | range_updated=1605 | range_skipped_no_hibob=0 | range_errors=0
[2026-05-19 00:20:26] Sleeping 3s before next page...
[2026-05-19 00:20:29] Requesting page | start=14251 | count=25 | date_start=05-01-2026T00:00:00+0000 | date_end=05-31-2026T23:59:59+0000
[2026-05-19 00:20:33] Page received | start=14251 | records=25 | hibob_records=3 | sent_date_min=2025-07-08 18:37:57 UTC | sent_date_max=2026-05-11 20:50:55 UTC | last_updated_min=2026-05-12 13:37:55 UTC | last_updated_max=2026-05-12 13:41:25 UTC
[2026-05-19 00:20:33] Page processed | start=14251 | range_processed=14275 | range_created=12666 | range_updated=1609 | range_skipped_no_hibob=0 | range_errors=0
[2026-05-19 00:20:33] Sleeping 3s before next page...
[2026-05-19 00:20:36] Requesting page | start=14276 | count=25 | date_start=05-01-2026T00:00:00+0000 | date_end=05-31-2026T23:59:59+0000
[2026-05-19 00:20:40] Page received | start=14276 | records=25 | hibob_records=2 | sent_date_min=2025-10-14 15:38:28 UTC | sent_date_max=2026-05-12 13:15:26 UTC | last_updated_min=2026-05-12 13:41:28 UTC | last_updated_max=2026-05-12 13:43:37 UTC
[2026-05-19 00:20:40] Page processed | start=14276 | range_processed=14300 | range_created=12688 | range_updated=1612 | range_skipped_no_hibob=0 | range_errors=0
[2026-05-19 00:20:40] Sleeping 3s before next page...
[2026-05-19 00:20:43] Requesting page | start=14301 | count=25 | date_start=05-01-2026T00:00:00+0000 | date_end=05-31-2026T23:59:59+0000
[2026-05-19 00:20:48] Page received | start=14301 | records=25 | hibob_records=1 | sent_date_min=2025-06-09 16:46:43 UTC | sent_date_max=2026-05-12 13:44:03 UTC | last_updated_min=2026-05-12 13:43:46 UTC | last_updated_max=2026-05-12 13:47:04 UTC
[2026-05-19 00:20:48] Page processed | start=14301 | range_processed=14325 | range_created=12712 | range_updated=1613 | range_skipped_no_hibob=0 | range_errors=0
[2026-05-19 00:20:48] Sleeping 3s before next page...
[2026-05-19 00:20:51] Requesting page | start=14326 | count=25 | date_start=05-01-2026T00:00:00+0000 | date_end=05-31-2026T23:59:59+0000
[2026-05-19 00:20:56] Page received | start=14326 | records=25 | hibob_records=2 | sent_date_min=2025-07-03 18:22:55 UTC | sent_date_max=2026-05-12 13:47:19 UTC | last_updated_min=2026-05-12 13:47:11 UTC | last_updated_max=2026-05-12 13:49:09 UTC
[2026-05-19 00:20:56] Page processed | start=14326 | range_processed=14350 | range_created=12736 | range_updated=1614 | range_skipped_no_hibob=0 | range_errors=0
[2026-05-19 00:20:56] Sleeping 3s before next page...
[2026-05-19 00:20:59] Requesting page | start=14351 | count=25 | date_start=05-01-2026T00:00:00+0000 | date_end=05-31-2026T23:59:59+0000
[2026-05-19 00:21:03] Page received | start=14351 | records=25 | hibob_records=1 | sent_date_min=2025-10-06 11:53:09 UTC | sent_date_max=2026-05-12 11:22:17 UTC | last_updated_min=2026-05-12 13:49:16 UTC | last_updated_max=2026-05-12 13:51:21 UTC
[2026-05-19 00:21:03] Page processed | start=14351 | range_processed=14375 | range_created=12754 | range_updated=1621 | range_skipped_no_hibob=0 | range_errors=0
[2026-05-19 00:21:03] Sleeping 3s before next page...
[2026-05-19 00:21:06] Requesting page | start=14376 | count=25 | date_start=05-01-2026T00:00:00+0000 | date_end=05-31-2026T23:59:59+0000
[2026-05-19 00:21:15] Page received | start=14376 | records=25 | hibob_records=5 | sent_date_min=2025-10-08 14:08:04 UTC | sent_date_max=2026-05-12 13:52:33 UTC | last_updated_min=2026-05-12 13:51:32 UTC | last_updated_max=2026-05-12 13:52:51 UTC
[2026-05-19 00:21:16] Page processed | start=14376 | range_processed=14400 | range_created=12776 | range_updated=1624 | range_skipped_no_hibob=0 | range_errors=0
[2026-05-19 00:21:16] Sleeping 3s before next page...
[2026-05-19 00:21:19] Requesting page | start=14401 | count=25 | date_start=05-01-2026T00:00:00+0000 | date_end=05-31-2026T23:59:59+0000
[2026-05-19 00:21:23] Page received | start=14401 | records=25 | hibob_records=2 | sent_date_min=2025-06-24 19:22:34 UTC | sent_date_max=2026-05-12 13:54:23 UTC | last_updated_min=2026-05-12 13:52:52 UTC | last_updated_max=2026-05-12 13:55:50 UTC
[2026-05-19 00:21:23] Page processed | start=14401 | range_processed=14425 | range_created=12798 | range_updated=1627 | range_skipped_no_hibob=0 | range_errors=0
[2026-05-19 00:21:23] Sleeping 3s before next page...
[2026-05-19 00:21:26] Requesting page | start=14426 | count=25 | date_start=05-01-2026T00:00:00+0000 | date_end=05-31-2026T23:59:59+0000
[2026-05-19 00:21:31] Page received | start=14426 | records=25 | hibob_records=2 | sent_date_min=2025-08-25 02:37:19 UTC | sent_date_max=2026-05-12 13:57:28 UTC | last_updated_min=2026-05-12 13:55:55 UTC | last_updated_max=2026-05-12 13:58:16 UTC
[2026-05-19 00:21:31] Page processed | start=14426 | range_processed=14450 | range_created=12811 | range_updated=1639 | range_skipped_no_hibob=0 | range_errors=0
[2026-05-19 00:21:31] Sleeping 3s before next page...
[2026-05-19 00:21:34] Requesting page | start=14451 | count=25 | date_start=05-01-2026T00:00:00+0000 | date_end=05-31-2026T23:59:59+0000
[2026-05-19 00:21:38] Page received | start=14451 | records=25 | hibob_records=0 | sent_date_min=2025-08-08 17:07:39 UTC | sent_date_max=2026-05-12 11:52:39 UTC | last_updated_min=2026-05-12 13:58:31 UTC | last_updated_max=2026-05-12 14:03:13 UTC
[2026-05-19 00:21:38] Page processed | start=14451 | range_processed=14475 | range_created=12833 | range_updated=1642 | range_skipped_no_hibob=0 | range_errors=0
[2026-05-19 00:21:38] Sleeping 3s before next page...
[2026-05-19 00:21:41] Requesting page | start=14476 | count=25 | date_start=05-01-2026T00:00:00+0000 | date_end=05-31-2026T23:59:59+0000
[2026-05-19 00:21:46] Page received | start=14476 | records=25 | hibob_records=1 | sent_date_min=2025-10-19 12:37:10 UTC | sent_date_max=2026-05-12 02:22:09 UTC | last_updated_min=2026-05-12 14:03:13 UTC | last_updated_max=2026-05-12 14:07:50 UTC
[2026-05-19 00:21:46] Page processed | start=14476 | range_processed=14500 | range_created=12847 | range_updated=1653 | range_skipped_no_hibob=0 | range_errors=0
[2026-05-19 00:21:46] Sleeping 3s before next page...
[2026-05-19 00:21:49] Requesting page | start=14501 | count=25 | date_start=05-01-2026T00:00:00+0000 | date_end=05-31-2026T23:59:59+0000
[2026-05-19 00:21:52] Page received | start=14501 | records=25 | hibob_records=4 | sent_date_min=2026-02-28 17:17:12 UTC | sent_date_max=2026-05-12 14:12:16 UTC | last_updated_min=2026-05-12 14:07:51 UTC | last_updated_max=2026-05-12 14:12:52 UTC
[2026-05-19 00:21:53] Page processed | start=14501 | range_processed=14525 | range_created=12871 | range_updated=1654 | range_skipped_no_hibob=0 | range_errors=0
[2026-05-19 00:21:53] Sleeping 3s before next page...
[2026-05-19 00:21:56] Requesting page | start=14526 | count=25 | date_start=05-01-2026T00:00:00+0000 | date_end=05-31-2026T23:59:59+0000
[2026-05-19 00:22:00] Page received | start=14526 | records=25 | hibob_records=2 | sent_date_min=2026-04-20 12:10:31 UTC | sent_date_max=2026-05-12 14:20:21 UTC | last_updated_min=2026-05-12 14:13:32 UTC | last_updated_max=2026-05-12 14:21:10 UTC
[2026-05-19 00:22:01] Page processed | start=14526 | range_processed=14550 | range_created=12896 | range_updated=1654 | range_skipped_no_hibob=0 | range_errors=0
[2026-05-19 00:22:01] Sleeping 3s before next page...
[2026-05-19 00:22:04] Requesting page | start=14551 | count=25 | date_start=05-01-2026T00:00:00+0000 | date_end=05-31-2026T23:59:59+0000
[2026-05-19 00:22:09] Page received | start=14551 | records=25 | hibob_records=2 | sent_date_min=2026-04-14 11:07:48 UTC | sent_date_max=2026-05-12 14:26:49 UTC | last_updated_min=2026-05-12 14:21:11 UTC | last_updated_max=2026-05-12 14:28:27 UTC
[2026-05-19 00:22:09] Page processed | start=14551 | range_processed=14575 | range_created=12921 | range_updated=1654 | range_skipped_no_hibob=0 | range_errors=0
[2026-05-19 00:22:09] Sleeping 3s before next page...
[2026-05-19 00:22:12] Requesting page | start=14576 | count=25 | date_start=05-01-2026T00:00:00+0000 | date_end=05-31-2026T23:59:59+0000
[2026-05-19 00:22:17] Page received | start=14576 | records=25 | hibob_records=0 | sent_date_min=2026-04-14 01:52:03 UTC | sent_date_max=2026-05-12 14:37:55 UTC | last_updated_min=2026-05-12 14:29:17 UTC | last_updated_max=2026-05-12 14:38:58 UTC
[2026-05-19 00:22:17] Page processed | start=14576 | range_processed=14600 | range_created=12946 | range_updated=1654 | range_skipped_no_hibob=0 | range_errors=0
[2026-05-19 00:22:17] Sleeping 3s before next page...
[2026-05-19 00:22:20] Requesting page | start=14601 | count=25 | date_start=05-01-2026T00:00:00+0000 | date_end=05-31-2026T23:59:59+0000
[2026-05-19 00:22:24] Page received | start=14601 | records=25 | hibob_records=6 | sent_date_min=2025-10-27 09:38:27 UTC | sent_date_max=2026-05-12 14:46:32 UTC | last_updated_min=2026-05-12 14:38:58 UTC | last_updated_max=2026-05-12 14:46:32 UTC
[2026-05-19 00:22:24] Page processed | start=14601 | range_processed=14625 | range_created=12968 | range_updated=1657 | range_skipped_no_hibob=0 | range_errors=0
[2026-05-19 00:22:24] Sleeping 3s before next page...
[2026-05-19 00:22:27] Requesting page | start=14626 | count=25 | date_start=05-01-2026T00:00:00+0000 | date_end=05-31-2026T23:59:59+0000
[2026-05-19 00:22:32] Page received | start=14626 | records=25 | hibob_records=1 | sent_date_min=2025-10-13 22:52:56 UTC | sent_date_max=2026-05-12 12:59:08 UTC | last_updated_min=2026-05-12 14:46:53 UTC | last_updated_max=2026-05-12 14:50:02 UTC
[2026-05-19 00:22:32] Page processed | start=14626 | range_processed=14650 | range_created=12987 | range_updated=1663 | range_skipped_no_hibob=0 | range_errors=0
[2026-05-19 00:22:32] Sleeping 3s before next page...
[2026-05-19 00:22:35] Requesting page | start=14651 | count=25 | date_start=05-01-2026T00:00:00+0000 | date_end=05-31-2026T23:59:59+0000
[2026-05-19 00:22:40] Page received | start=14651 | records=25 | hibob_records=0 | sent_date_min=2025-08-07 19:22:50 UTC | sent_date_max=2026-05-12 14:52:20 UTC | last_updated_min=2026-05-12 14:50:18 UTC | last_updated_max=2026-05-12 14:54:05 UTC
[2026-05-19 00:22:40] Page processed | start=14651 | range_processed=14675 | range_created=13007 | range_updated=1668 | range_skipped_no_hibob=0 | range_errors=0
[2026-05-19 00:22:40] Sleeping 3s before next page...
[2026-05-19 00:22:43] Requesting page | start=14676 | count=25 | date_start=05-01-2026T00:00:00+0000 | date_end=05-31-2026T23:59:59+0000
[2026-05-19 00:22:51] Page received | start=14676 | records=25 | hibob_records=0 | sent_date_min=2025-06-21 19:07:27 UTC | sent_date_max=2026-05-12 08:58:49 UTC | last_updated_min=2026-05-12 14:54:11 UTC | last_updated_max=2026-05-12 14:57:56 UTC
[2026-05-19 00:22:51] Page processed | start=14676 | range_processed=14700 | range_created=13024 | range_updated=1676 | range_skipped_no_hibob=0 | range_errors=0
[2026-05-19 00:22:51] Sleeping 3s before next page...
[2026-05-19 00:22:54] Requesting page | start=14701 | count=25 | date_start=05-01-2026T00:00:00+0000 | date_end=05-31-2026T23:59:59+0000
[2026-05-19 00:22:58] Page received | start=14701 | records=25 | hibob_records=1 | sent_date_min=2025-05-31 16:33:46 UTC | sent_date_max=2026-05-06 11:39:07 UTC | last_updated_min=2026-05-12 14:57:58 UTC | last_updated_max=2026-05-12 15:02:08 UTC
[2026-05-19 00:22:58] Page processed | start=14701 | range_processed=14725 | range_created=13045 | range_updated=1680 | range_skipped_no_hibob=0 | range_errors=0
[2026-05-19 00:22:58] Sleeping 3s before next page...
[2026-05-19 00:23:01] Requesting page | start=14726 | count=25 | date_start=05-01-2026T00:00:00+0000 | date_end=05-31-2026T23:59:59+0000
[2026-05-19 00:23:05] Page received | start=14726 | records=25 | hibob_records=1 | sent_date_min=2025-10-15 19:08:13 UTC | sent_date_max=2026-05-12 08:08:38 UTC | last_updated_min=2026-05-12 15:02:21 UTC | last_updated_max=2026-05-12 15:05:47 UTC
[2026-05-19 00:23:05] Page processed | start=14726 | range_processed=14750 | range_created=13063 | range_updated=1687 | range_skipped_no_hibob=0 | range_errors=0
[2026-05-19 00:23:05] Sleeping 3s before next page...
[2026-05-19 00:23:08] Requesting page | start=14751 | count=25 | date_start=05-01-2026T00:00:00+0000 | date_end=05-31-2026T23:59:59+0000
[2026-05-19 00:23:13] Page received | start=14751 | records=25 | hibob_records=1 | sent_date_min=2025-06-02 23:31:48 UTC | sent_date_max=2026-05-12 15:07:30 UTC | last_updated_min=2026-05-12 15:05:59 UTC | last_updated_max=2026-05-12 15:07:53 UTC
[2026-05-19 00:23:13] Page processed | start=14751 | range_processed=14775 | range_created=13085 | range_updated=1690 | range_skipped_no_hibob=0 | range_errors=0
[2026-05-19 00:23:13] Sleeping 3s before next page...
[2026-05-19 00:23:16] Requesting page | start=14776 | count=25 | date_start=05-01-2026T00:00:00+0000 | date_end=05-31-2026T23:59:59+0000
[2026-05-19 00:23:21] Page received | start=14776 | records=25 | hibob_records=3 | sent_date_min=2025-06-19 17:22:37 UTC | sent_date_max=2026-05-11 23:08:17 UTC | last_updated_min=2026-05-12 15:08:01 UTC | last_updated_max=2026-05-12 15:11:06 UTC
[2026-05-19 00:23:21] Page processed | start=14776 | range_processed=14800 | range_created=13105 | range_updated=1695 | range_skipped_no_hibob=0 | range_errors=0
[2026-05-19 00:23:21] Sleeping 3s before next page...
[2026-05-19 00:23:24] Requesting page | start=14801 | count=25 | date_start=05-01-2026T00:00:00+0000 | date_end=05-31-2026T23:59:59+0000
[2026-05-19 00:23:28] Page received | start=14801 | records=25 | hibob_records=0 | sent_date_min=2025-10-11 04:38:00 UTC | sent_date_max=2026-05-11 21:30:22 UTC | last_updated_min=2026-05-12 15:11:25 UTC | last_updated_max=2026-05-12 15:15:29 UTC
[2026-05-19 00:23:28] Page processed | start=14801 | range_processed=14825 | range_created=13128 | range_updated=1697 | range_skipped_no_hibob=0 | range_errors=0
[2026-05-19 00:23:28] Sleeping 3s before next page...
[2026-05-19 00:23:31] Requesting page | start=14826 | count=25 | date_start=05-01-2026T00:00:00+0000 | date_end=05-31-2026T23:59:59+0000
[2026-05-19 00:23:36] Page received | start=14826 | records=25 | hibob_records=0 | sent_date_min=2026-04-22 05:30:41 UTC | sent_date_max=2026-05-12 15:18:13 UTC | last_updated_min=2026-05-12 15:15:39 UTC | last_updated_max=2026-05-12 15:19:00 UTC
[2026-05-19 00:23:36] Page processed | start=14826 | range_processed=14850 | range_created=13153 | range_updated=1697 | range_skipped_no_hibob=0 | range_errors=0
[2026-05-19 00:23:36] Sleeping 3s before next page...
[2026-05-19 00:23:39] Requesting page | start=14851 | count=25 | date_start=05-01-2026T00:00:00+0000 | date_end=05-31-2026T23:59:59+0000
[2026-05-19 00:23:44] Page received | start=14851 | records=25 | hibob_records=0 | sent_date_min=2026-03-24 22:07:05 UTC | sent_date_max=2026-05-12 15:24:37 UTC | last_updated_min=2026-05-12 15:19:09 UTC | last_updated_max=2026-05-12 15:25:13 UTC
[2026-05-19 00:23:44] Page processed | start=14851 | range_processed=14875 | range_created=13177 | range_updated=1698 | range_skipped_no_hibob=0 | range_errors=0
[2026-05-19 00:23:44] Sleeping 3s before next page...
[2026-05-19 00:23:47] Requesting page | start=14876 | count=25 | date_start=05-01-2026T00:00:00+0000 | date_end=05-31-2026T23:59:59+0000
[2026-05-19 00:23:51] Page received | start=14876 | records=25 | hibob_records=4 | sent_date_min=2026-03-20 00:52:03 UTC | sent_date_max=2026-05-12 15:37:04 UTC | last_updated_min=2026-05-12 15:25:18 UTC | last_updated_max=2026-05-12 15:37:58 UTC
[2026-05-19 00:23:51] Page processed | start=14876 | range_processed=14900 | range_created=13202 | range_updated=1698 | range_skipped_no_hibob=0 | range_errors=0
[2026-05-19 00:23:51] Sleeping 3s before next page...
[2026-05-19 00:23:54] Requesting page | start=14901 | count=25 | date_start=05-01-2026T00:00:00+0000 | date_end=05-31-2026T23:59:59+0000
[2026-05-19 00:23:59] Page received | start=14901 | records=25 | hibob_records=2 | sent_date_min=2025-08-19 20:22:23 UTC | sent_date_max=2026-05-12 15:52:54 UTC | last_updated_min=2026-05-12 15:38:08 UTC | last_updated_max=2026-05-12 16:03:31 UTC
[2026-05-19 00:23:59] Page processed | start=14901 | range_processed=14925 | range_created=13221 | range_updated=1704 | range_skipped_no_hibob=0 | range_errors=0
[2026-05-19 00:23:59] Sleeping 3s before next page...
[2026-05-19 00:24:02] Requesting page | start=14926 | count=25 | date_start=05-01-2026T00:00:00+0000 | date_end=05-31-2026T23:59:59+0000
[2026-05-19 00:24:06] Page received | start=14926 | records=25 | hibob_records=1 | sent_date_min=2025-07-17 16:52:20 UTC | sent_date_max=2026-05-12 16:08:01 UTC | last_updated_min=2026-05-12 16:03:49 UTC | last_updated_max=2026-05-12 16:09:49 UTC
[2026-05-19 00:24:06] Page processed | start=14926 | range_processed=14950 | range_created=13244 | range_updated=1706 | range_skipped_no_hibob=0 | range_errors=0
[2026-05-19 00:24:06] Sleeping 3s before next page...
[2026-05-19 00:24:09] Requesting page | start=14951 | count=25 | date_start=05-01-2026T00:00:00+0000 | date_end=05-31-2026T23:59:59+0000
[2026-05-19 00:24:13] Page received | start=14951 | records=25 | hibob_records=5 | sent_date_min=2025-05-26 02:44:22 UTC | sent_date_max=2026-05-12 16:15:21 UTC | last_updated_min=2026-05-12 16:10:07 UTC | last_updated_max=2026-05-12 16:17:02 UTC
[2026-05-19 00:24:13] Page processed | start=14951 | range_processed=14975 | range_created=13264 | range_updated=1711 | range_skipped_no_hibob=0 | range_errors=0
[2026-05-19 00:24:13] Sleeping 3s before next page...
[2026-05-19 00:24:16] Requesting page | start=14976 | count=25 | date_start=05-01-2026T00:00:00+0000 | date_end=05-31-2026T23:59:59+0000
[2026-05-19 00:24:20] Page received | start=14976 | records=25 | hibob_records=2 | sent_date_min=2025-10-13 18:52:50 UTC | sent_date_max=2026-05-08 01:07:11 UTC | last_updated_min=2026-05-12 16:17:18 UTC | last_updated_max=2026-05-12 16:22:04 UTC
[2026-05-19 00:24:21] Page processed | start=14976 | range_processed=15000 | range_created=13278 | range_updated=1722 | range_skipped_no_hibob=0 | range_errors=0
[2026-05-19 00:24:21] Sleeping 3s before next page...
[2026-05-19 00:24:24] Requesting page | start=15001 | count=25 | date_start=05-01-2026T00:00:00+0000 | date_end=05-31-2026T23:59:59+0000
[2026-05-19 00:24:28] Page received | start=15001 | records=25 | hibob_records=1 | sent_date_min=2025-07-01 20:24:42 UTC | sent_date_max=2026-05-12 16:22:32 UTC | last_updated_min=2026-05-12 16:22:08 UTC | last_updated_max=2026-05-12 16:23:34 UTC
[2026-05-19 00:24:28] Page processed | start=15001 | range_processed=15025 | range_created=13301 | range_updated=1724 | range_skipped_no_hibob=0 | range_errors=0
[2026-05-19 00:24:28] Sleeping 3s before next page...
[2026-05-19 00:24:31] Requesting page | start=15026 | count=25 | date_start=05-01-2026T00:00:00+0000 | date_end=05-31-2026T23:59:59+0000
[2026-05-19 00:24:35] Page received | start=15026 | records=25 | hibob_records=1 | sent_date_min=2025-10-14 06:23:46 UTC | sent_date_max=2026-05-12 05:56:33 UTC | last_updated_min=2026-05-12 16:23:35 UTC | last_updated_max=2026-05-12 16:26:26 UTC
[2026-05-19 00:24:36] Page processed | start=15026 | range_processed=15050 | range_created=13321 | range_updated=1729 | range_skipped_no_hibob=0 | range_errors=0
[2026-05-19 00:24:36] Sleeping 3s before next page...
[2026-05-19 00:24:39] Requesting page | start=15051 | count=25 | date_start=05-01-2026T00:00:00+0000 | date_end=05-31-2026T23:59:59+0000
[2026-05-19 00:24:43] Page received | start=15051 | records=25 | hibob_records=2 | sent_date_min=2025-10-21 12:38:23 UTC | sent_date_max=2026-05-06 12:22:31 UTC | last_updated_min=2026-05-12 16:26:29 UTC | last_updated_max=2026-05-12 16:31:12 UTC
[2026-05-19 00:24:43] Page processed | start=15051 | range_processed=15075 | range_created=13336 | range_updated=1739 | range_skipped_no_hibob=0 | range_errors=0
[2026-05-19 00:24:43] Sleeping 3s before next page...
[2026-05-19 00:24:46] Requesting page | start=15076 | count=25 | date_start=05-01-2026T00:00:00+0000 | date_end=05-31-2026T23:59:59+0000
[2026-05-19 00:24:51] Page received | start=15076 | records=25 | hibob_records=0 | sent_date_min=2025-07-01 17:38:07 UTC | sent_date_max=2026-05-04 12:11:04 UTC | last_updated_min=2026-05-12 16:31:12 UTC | last_updated_max=2026-05-12 16:33:44 UTC
[2026-05-19 00:24:51] Page processed | start=15076 | range_processed=15100 | range_created=13361 | range_updated=1739 | range_skipped_no_hibob=0 | range_errors=0
[2026-05-19 00:24:51] Sleeping 3s before next page...
[2026-05-19 00:24:54] Requesting page | start=15101 | count=25 | date_start=05-01-2026T00:00:00+0000 | date_end=05-31-2026T23:59:59+0000
[2026-05-19 00:24:58] Page received | start=15101 | records=25 | hibob_records=0 | sent_date_min=2026-03-12 05:52:04 UTC | sent_date_max=2026-05-06 17:22:23 UTC | last_updated_min=2026-05-12 16:33:44 UTC | last_updated_max=2026-05-12 16:33:47 UTC
[2026-05-19 00:24:59] Page processed | start=15101 | range_processed=15125 | range_created=13386 | range_updated=1739 | range_skipped_no_hibob=0 | range_errors=0
[2026-05-19 00:24:59] Sleeping 3s before next page...
[2026-05-19 00:25:02] Requesting page | start=15126 | count=25 | date_start=05-01-2026T00:00:00+0000 | date_end=05-31-2026T23:59:59+0000
[2026-05-19 00:25:09] Page received | start=15126 | records=25 | hibob_records=0 | sent_date_min=2025-05-27 20:55:44 UTC | sent_date_max=2026-05-06 18:52:16 UTC | last_updated_min=2026-05-12 16:33:47 UTC | last_updated_max=2026-05-12 16:35:48 UTC
[2026-05-19 00:25:09] Page processed | start=15126 | range_processed=15150 | range_created=13404 | range_updated=1746 | range_skipped_no_hibob=0 | range_errors=0
[2026-05-19 00:25:09] Sleeping 3s before next page...
[2026-05-19 00:25:12] Requesting page | start=15151 | count=25 | date_start=05-01-2026T00:00:00+0000 | date_end=05-31-2026T23:59:59+0000
[2026-05-19 00:25:16] Page received | start=15151 | records=25 | hibob_records=0 | sent_date_min=2025-10-15 14:54:16 UTC | sent_date_max=2026-04-09 00:33:53 UTC | last_updated_min=2026-05-12 16:35:49 UTC | last_updated_max=2026-05-12 16:36:01 UTC
[2026-05-19 00:25:17] Page processed | start=15151 | range_processed=15175 | range_created=13420 | range_updated=1755 | range_skipped_no_hibob=0 | range_errors=0
[2026-05-19 00:25:17] Sleeping 3s before next page...
[2026-05-19 00:25:20] Requesting page | start=15176 | count=25 | date_start=05-01-2026T00:00:00+0000 | date_end=05-31-2026T23:59:59+0000
[2026-05-19 00:25:24] Page received | start=15176 | records=25 | hibob_records=0 | sent_date_min=2025-10-15 16:07:51 UTC | sent_date_max=2026-05-12 16:37:35 UTC | last_updated_min=2026-05-12 16:36:02 UTC | last_updated_max=2026-05-12 16:37:35 UTC
[2026-05-19 00:25:24] Page processed | start=15176 | range_processed=15200 | range_created=13438 | range_updated=1762 | range_skipped_no_hibob=0 | range_errors=0
[2026-05-19 00:25:24] Sleeping 3s before next page...
[2026-05-19 00:25:27] Requesting page | start=15201 | count=25 | date_start=05-01-2026T00:00:00+0000 | date_end=05-31-2026T23:59:59+0000
[2026-05-19 00:25:32] Page received | start=15201 | records=25 | hibob_records=2 | sent_date_min=2025-05-30 19:16:56 UTC | sent_date_max=2026-05-12 16:41:04 UTC | last_updated_min=2026-05-12 16:37:43 UTC | last_updated_max=2026-05-12 16:41:31 UTC
[2026-05-19 00:25:32] Page processed | start=15201 | range_processed=15225 | range_created=13455 | range_updated=1770 | range_skipped_no_hibob=0 | range_errors=0
[2026-05-19 00:25:32] Sleeping 3s before next page...
[2026-05-19 00:25:35] Requesting page | start=15226 | count=25 | date_start=05-01-2026T00:00:00+0000 | date_end=05-31-2026T23:59:59+0000
[2026-05-19 00:25:39] Page received | start=15226 | records=25 | hibob_records=1 | sent_date_min=2025-05-31 16:37:26 UTC | sent_date_max=2026-05-11 20:25:00 UTC | last_updated_min=2026-05-12 16:41:54 UTC | last_updated_max=2026-05-12 16:46:32 UTC
[2026-05-19 00:25:39] Page processed | start=15226 | range_processed=15250 | range_created=13474 | range_updated=1776 | range_skipped_no_hibob=0 | range_errors=0
[2026-05-19 00:25:39] Sleeping 3s before next page...
[2026-05-19 00:25:42] Requesting page | start=15251 | count=25 | date_start=05-01-2026T00:00:00+0000 | date_end=05-31-2026T23:59:59+0000
[2026-05-19 00:25:46] Page received | start=15251 | records=25 | hibob_records=4 | sent_date_min=2025-06-10 16:36:02 UTC | sent_date_max=2026-05-12 16:52:16 UTC | last_updated_min=2026-05-12 16:46:39 UTC | last_updated_max=2026-05-12 16:53:22 UTC
[2026-05-19 00:25:47] Page processed | start=15251 | range_processed=15275 | range_created=13495 | range_updated=1780 | range_skipped_no_hibob=0 | range_errors=0
[2026-05-19 00:25:47] Sleeping 3s before next page...
[2026-05-19 00:25:50] Requesting page | start=15276 | count=25 | date_start=05-01-2026T00:00:00+0000 | date_end=05-31-2026T23:59:59+0000
[2026-05-19 00:25:56] Page received | start=15276 | records=25 | hibob_records=1 | sent_date_min=2025-04-06 18:08:20 UTC | sent_date_max=2026-05-12 17:07:12 UTC | last_updated_min=2026-05-12 16:54:00 UTC | last_updated_max=2026-05-12 17:12:47 UTC
[2026-05-19 00:25:56] Page processed | start=15276 | range_processed=15300 | range_created=13514 | range_updated=1786 | range_skipped_no_hibob=0 | range_errors=0
[2026-05-19 00:25:56] Sleeping 3s before next page...
[2026-05-19 00:25:59] Requesting page | start=15301 | count=25 | date_start=05-01-2026T00:00:00+0000 | date_end=05-31-2026T23:59:59+0000
[2026-05-19 00:26:04] Page received | start=15301 | records=25 | hibob_records=5 | sent_date_min=2025-11-30 16:45:29 UTC | sent_date_max=2026-03-20 07:51:48 UTC | last_updated_min=2026-05-12 17:12:49 UTC | last_updated_max=2026-05-12 17:13:52 UTC
[2026-05-19 00:26:04] Page processed | start=15301 | range_processed=15325 | range_created=13527 | range_updated=1798 | range_skipped_no_hibob=0 | range_errors=0
[2026-05-19 00:26:04] Sleeping 3s before next page...
[2026-05-19 00:26:07] Requesting page | start=15326 | count=25 | date_start=05-01-2026T00:00:00+0000 | date_end=05-31-2026T23:59:59+0000
[2026-05-19 00:26:12] Page received | start=15326 | records=25 | hibob_records=2 | sent_date_min=2025-10-28 09:24:50 UTC | sent_date_max=2026-03-27 09:44:02 UTC | last_updated_min=2026-05-12 17:13:54 UTC | last_updated_max=2026-05-12 17:14:59 UTC
[2026-05-19 00:26:12] Page processed | start=15326 | range_processed=15350 | range_created=13547 | range_updated=1803 | range_skipped_no_hibob=0 | range_errors=0
[2026-05-19 00:26:12] Sleeping 3s before next page...
[2026-05-19 00:26:15] Requesting page | start=15351 | count=25 | date_start=05-01-2026T00:00:00+0000 | date_end=05-31-2026T23:59:59+0000
[2026-05-19 00:26:20] Page received | start=15351 | records=25 | hibob_records=4 | sent_date_min=2025-08-18 15:31:07 UTC | sent_date_max=2026-05-07 10:20:13 UTC | last_updated_min=2026-05-12 17:15:01 UTC | last_updated_max=2026-05-12 17:15:57 UTC
[2026-05-19 00:26:20] Page processed | start=15351 | range_processed=15375 | range_created=13567 | range_updated=1808 | range_skipped_no_hibob=0 | range_errors=0
[2026-05-19 00:26:20] Sleeping 3s before next page...
[2026-05-19 00:26:23] Requesting page | start=15376 | count=25 | date_start=05-01-2026T00:00:00+0000 | date_end=05-31-2026T23:59:59+0000
[2026-05-19 00:26:28] Page received | start=15376 | records=25 | hibob_records=10 | sent_date_min=2025-12-18 19:22:42 UTC | sent_date_max=2026-04-15 10:30:34 UTC | last_updated_min=2026-05-12 17:15:59 UTC | last_updated_max=2026-05-12 17:17:14 UTC
[2026-05-19 00:26:29] Page processed | start=15376 | range_processed=15400 | range_created=13587 | range_updated=1813 | range_skipped_no_hibob=0 | range_errors=0
[2026-05-19 00:26:29] Sleeping 3s before next page...
[2026-05-19 00:26:32] Requesting page | start=15401 | count=25 | date_start=05-01-2026T00:00:00+0000 | date_end=05-31-2026T23:59:59+0000
[2026-05-19 00:26:36] Page received | start=15401 | records=25 | hibob_records=13 | sent_date_min=2025-07-04 12:40:10 UTC | sent_date_max=2026-05-12 17:17:28 UTC | last_updated_min=2026-05-12 17:17:17 UTC | last_updated_max=2026-05-12 17:18:14 UTC
[2026-05-19 00:26:36] Page processed | start=15401 | range_processed=15425 | range_created=13612 | range_updated=1813 | range_skipped_no_hibob=0 | range_errors=0
[2026-05-19 00:26:36] Sleeping 3s before next page...
[2026-05-19 00:26:39] Requesting page | start=15426 | count=25 | date_start=05-01-2026T00:00:00+0000 | date_end=05-31-2026T23:59:59+0000
[2026-05-19 00:26:44] Page received | start=15426 | records=25 | hibob_records=12 | sent_date_min=2025-11-27 14:38:30 UTC | sent_date_max=2026-04-06 08:56:19 UTC | last_updated_min=2026-05-12 17:18:17 UTC | last_updated_max=2026-05-12 17:19:18 UTC
[2026-05-19 00:26:44] Page processed | start=15426 | range_processed=15450 | range_created=13636 | range_updated=1814 | range_skipped_no_hibob=0 | range_errors=0
[2026-05-19 00:26:44] Sleeping 3s before next page...
[2026-05-19 00:26:47] Requesting page | start=15451 | count=25 | date_start=05-01-2026T00:00:00+0000 | date_end=05-31-2026T23:59:59+0000
[2026-05-19 00:26:52] Page received | start=15451 | records=25 | hibob_records=12 | sent_date_min=2025-10-27 15:52:34 UTC | sent_date_max=2026-04-08 20:12:40 UTC | last_updated_min=2026-05-12 17:19:21 UTC | last_updated_max=2026-05-12 17:20:16 UTC
[2026-05-19 00:26:52] Page processed | start=15451 | range_processed=15475 | range_created=13658 | range_updated=1817 | range_skipped_no_hibob=0 | range_errors=0
[2026-05-19 00:26:52] Sleeping 3s before next page...
[2026-05-19 00:26:55] Requesting page | start=15476 | count=25 | date_start=05-01-2026T00:00:00+0000 | date_end=05-31-2026T23:59:59+0000
[2026-05-19 00:27:00] Page received | start=15476 | records=25 | hibob_records=11 | sent_date_min=2026-01-12 22:46:37 UTC | sent_date_max=2026-04-07 12:22:04 UTC | last_updated_min=2026-05-12 17:20:19 UTC | last_updated_max=2026-05-12 17:21:27 UTC
[2026-05-19 00:27:00] Page processed | start=15476 | range_processed=15500 | range_created=13682 | range_updated=1818 | range_skipped_no_hibob=0 | range_errors=0
[2026-05-19 00:27:00] Sleeping 3s before next page...
[2026-05-19 00:27:03] Requesting page | start=15501 | count=25 | date_start=05-01-2026T00:00:00+0000 | date_end=05-31-2026T23:59:59+0000
[2026-05-19 00:27:08] Page received | start=15501 | records=25 | hibob_records=12 | sent_date_min=2026-01-06 22:07:19 UTC | sent_date_max=2026-05-12 17:22:28 UTC | last_updated_min=2026-05-12 17:21:32 UTC | last_updated_max=2026-05-12 17:22:31 UTC
[2026-05-19 00:27:08] Page processed | start=15501 | range_processed=15525 | range_created=13704 | range_updated=1821 | range_skipped_no_hibob=0 | range_errors=0
[2026-05-19 00:27:08] Sleeping 3s before next page...
[2026-05-19 00:27:11] Requesting page | start=15526 | count=25 | date_start=05-01-2026T00:00:00+0000 | date_end=05-31-2026T23:59:59+0000
[2026-05-19 00:27:16] Page received | start=15526 | records=25 | hibob_records=10 | sent_date_min=2026-01-14 13:45:46 UTC | sent_date_max=2026-05-12 17:23:31 UTC | last_updated_min=2026-05-12 17:22:37 UTC | last_updated_max=2026-05-12 17:23:33 UTC
[2026-05-19 00:27:16] Page processed | start=15526 | range_processed=15550 | range_created=13729 | range_updated=1821 | range_skipped_no_hibob=0 | range_errors=0
[2026-05-19 00:27:16] Sleeping 3s before next page...
[2026-05-19 00:27:19] Requesting page | start=15551 | count=25 | date_start=05-01-2026T00:00:00+0000 | date_end=05-31-2026T23:59:59+0000
[2026-05-19 00:27:24] Page received | start=15551 | records=25 | hibob_records=11 | sent_date_min=2026-02-03 20:59:46 UTC | sent_date_max=2026-04-02 20:11:48 UTC | last_updated_min=2026-05-12 17:23:35 UTC | last_updated_max=2026-05-12 17:24:18 UTC
[2026-05-19 00:27:24] Page processed | start=15551 | range_processed=15575 | range_created=13754 | range_updated=1821 | range_skipped_no_hibob=0 | range_errors=0
[2026-05-19 00:27:24] Sleeping 3s before next page...
[2026-05-19 00:27:27] Requesting page | start=15576 | count=25 | date_start=05-01-2026T00:00:00+0000 | date_end=05-31-2026T23:59:59+0000
[2026-05-19 00:27:32] Page received | start=15576 | records=25 | hibob_records=11 | sent_date_min=2026-02-22 11:25:02 UTC | sent_date_max=2026-04-03 11:23:18 UTC | last_updated_min=2026-05-12 17:24:20 UTC | last_updated_max=2026-05-12 17:25:02 UTC
[2026-05-19 00:27:32] Page processed | start=15576 | range_processed=15600 | range_created=13778 | range_updated=1822 | range_skipped_no_hibob=0 | range_errors=0
[2026-05-19 00:27:32] Sleeping 3s before next page...
[2026-05-19 00:27:35] Requesting page | start=15601 | count=25 | date_start=05-01-2026T00:00:00+0000 | date_end=05-31-2026T23:59:59+0000
[2026-05-19 00:27:40] Page received | start=15601 | records=25 | hibob_records=16 | sent_date_min=2026-02-20 10:40:03 UTC | sent_date_max=2026-03-25 19:37:05 UTC | last_updated_min=2026-05-12 17:25:05 UTC | last_updated_max=2026-05-12 17:25:57 UTC
[2026-05-19 00:27:40] Page processed | start=15601 | range_processed=15625 | range_created=13803 | range_updated=1822 | range_skipped_no_hibob=0 | range_errors=0
[2026-05-19 00:27:40] Sleeping 3s before next page...
[2026-05-19 00:27:43] Requesting page | start=15626 | count=25 | date_start=05-01-2026T00:00:00+0000 | date_end=05-31-2026T23:59:59+0000
[2026-05-19 00:27:48] Page received | start=15626 | records=25 | hibob_records=11 | sent_date_min=2026-02-21 09:43:04 UTC | sent_date_max=2026-03-31 17:37:28 UTC | last_updated_min=2026-05-12 17:25:59 UTC | last_updated_max=2026-05-12 17:26:58 UTC
[2026-05-19 00:27:48] Page processed | start=15626 | range_processed=15650 | range_created=13828 | range_updated=1822 | range_skipped_no_hibob=0 | range_errors=0
[2026-05-19 00:27:48] Sleeping 3s before next page...
[2026-05-19 00:27:51] Requesting page | start=15651 | count=25 | date_start=05-01-2026T00:00:00+0000 | date_end=05-31-2026T23:59:59+0000
[2026-05-19 00:27:56] Page received | start=15651 | records=25 | hibob_records=17 | sent_date_min=2026-01-28 14:11:24 UTC | sent_date_max=2026-04-23 14:25:10 UTC | last_updated_min=2026-05-12 17:27:00 UTC | last_updated_max=2026-05-12 17:27:54 UTC
[2026-05-19 00:27:56] Page processed | start=15651 | range_processed=15675 | range_created=13853 | range_updated=1822 | range_skipped_no_hibob=0 | range_errors=0
[2026-05-19 00:27:56] Sleeping 3s before next page...
[2026-05-19 00:27:59] Requesting page | start=15676 | count=25 | date_start=05-01-2026T00:00:00+0000 | date_end=05-31-2026T23:59:59+0000
[2026-05-19 00:28:04] Page received | start=15676 | records=25 | hibob_records=22 | sent_date_min=2025-10-10 02:08:51 UTC | sent_date_max=2026-03-25 01:47:30 UTC | last_updated_min=2026-05-12 17:27:57 UTC | last_updated_max=2026-05-12 17:28:56 UTC
[2026-05-19 00:28:04] Page processed | start=15676 | range_processed=15700 | range_created=13878 | range_updated=1822 | range_skipped_no_hibob=0 | range_errors=0
[2026-05-19 00:28:04] Sleeping 3s before next page...
[2026-05-19 00:28:07] Requesting page | start=15701 | count=25 | date_start=05-01-2026T00:00:00+0000 | date_end=05-31-2026T23:59:59+0000
[2026-05-19 00:28:12] Page received | start=15701 | records=25 | hibob_records=9 | sent_date_min=2026-02-12 10:53:43 UTC | sent_date_max=2026-04-23 16:28:22 UTC | last_updated_min=2026-05-12 17:28:56 UTC | last_updated_max=2026-05-12 17:29:00 UTC
[2026-05-19 00:28:12] Page processed | start=15701 | range_processed=15725 | range_created=13903 | range_updated=1822 | range_skipped_no_hibob=0 | range_errors=0
[2026-05-19 00:28:12] Sleeping 3s before next page...
[2026-05-19 00:28:15] Requesting page | start=15726 | count=25 | date_start=05-01-2026T00:00:00+0000 | date_end=05-31-2026T23:59:59+0000
[2026-05-19 00:28:20] Page received | start=15726 | records=25 | hibob_records=6 | sent_date_min=2025-09-12 08:41:43 UTC | sent_date_max=2026-05-12 13:13:24 UTC | last_updated_min=2026-05-12 17:29:03 UTC | last_updated_max=2026-05-12 17:30:01 UTC
[2026-05-19 00:28:20] Page processed | start=15726 | range_processed=15750 | range_created=13924 | range_updated=1826 | range_skipped_no_hibob=0 | range_errors=0
[2026-05-19 00:28:20] Sleeping 3s before next page...
[2026-05-19 00:28:23] Requesting page | start=15751 | count=25 | date_start=05-01-2026T00:00:00+0000 | date_end=05-31-2026T23:59:59+0000
[2026-05-19 00:28:27] Page received | start=15751 | records=25 | hibob_records=3 | sent_date_min=2025-08-19 00:02:50 UTC | sent_date_max=2026-05-12 13:14:45 UTC | last_updated_min=2026-05-12 17:30:04 UTC | last_updated_max=2026-05-12 17:30:57 UTC
[2026-05-19 00:28:28] Page processed | start=15751 | range_processed=15775 | range_created=13944 | range_updated=1831 | range_skipped_no_hibob=0 | range_errors=0
[2026-05-19 00:28:28] Sleeping 3s before next page...
[2026-05-19 00:28:31] Requesting page | start=15776 | count=25 | date_start=05-01-2026T00:00:00+0000 | date_end=05-31-2026T23:59:59+0000
[2026-05-19 00:28:36] Page received | start=15776 | records=25 | hibob_records=3 | sent_date_min=2025-08-13 12:57:15 UTC | sent_date_max=2026-03-10 05:41:59 UTC | last_updated_min=2026-05-12 17:31:00 UTC | last_updated_max=2026-05-12 17:32:06 UTC
[2026-05-19 00:28:36] Page processed | start=15776 | range_processed=15800 | range_created=13963 | range_updated=1837 | range_skipped_no_hibob=0 | range_errors=0
[2026-05-19 00:28:36] Sleeping 3s before next page...
[2026-05-19 00:28:39] Requesting page | start=15801 | count=25 | date_start=05-01-2026T00:00:00+0000 | date_end=05-31-2026T23:59:59+0000
[2026-05-19 00:28:44] Page received | start=15801 | records=25 | hibob_records=5 | sent_date_min=2025-08-02 05:49:25 UTC | sent_date_max=2026-03-11 15:28:14 UTC | last_updated_min=2026-05-12 17:32:09 UTC | last_updated_max=2026-05-12 17:33:13 UTC
[2026-05-19 00:28:44] Page processed | start=15801 | range_processed=15825 | range_created=13982 | range_updated=1843 | range_skipped_no_hibob=0 | range_errors=0
[2026-05-19 00:28:44] Sleeping 3s before next page...
[2026-05-19 00:28:47] Requesting page | start=15826 | count=25 | date_start=05-01-2026T00:00:00+0000 | date_end=05-31-2026T23:59:59+0000
[2026-05-19 00:28:52] Page received | start=15826 | records=25 | hibob_records=5 | sent_date_min=2025-08-05 20:19:12 UTC | sent_date_max=2026-04-06 11:52:29 UTC | last_updated_min=2026-05-12 17:33:15 UTC | last_updated_max=2026-05-12 17:34:22 UTC
[2026-05-19 00:28:52] Page processed | start=15826 | range_processed=15850 | range_created=14001 | range_updated=1849 | range_skipped_no_hibob=0 | range_errors=0
[2026-05-19 00:28:52] Sleeping 3s before next page...
[2026-05-19 00:28:55] Requesting page | start=15851 | count=25 | date_start=05-01-2026T00:00:00+0000 | date_end=05-31-2026T23:59:59+0000
[2026-05-19 00:29:00] Page received | start=15851 | records=25 | hibob_records=3 | sent_date_min=2025-07-21 15:44:04 UTC | sent_date_max=2026-03-16 15:22:36 UTC | last_updated_min=2026-05-12 17:34:25 UTC | last_updated_max=2026-05-12 17:35:26 UTC
[2026-05-19 00:29:00] Page processed | start=15851 | range_processed=15875 | range_created=14026 | range_updated=1849 | range_skipped_no_hibob=0 | range_errors=0
[2026-05-19 00:29:00] Sleeping 3s before next page...
[2026-05-19 00:29:03] Requesting page | start=15876 | count=25 | date_start=05-01-2026T00:00:00+0000 | date_end=05-31-2026T23:59:59+0000
[2026-05-19 00:29:08] Page received | start=15876 | records=25 | hibob_records=8 | sent_date_min=2025-10-24 11:08:20 UTC | sent_date_max=2026-02-25 00:52:03 UTC | last_updated_min=2026-05-12 17:35:29 UTC | last_updated_max=2026-05-12 17:36:42 UTC
[2026-05-19 00:29:08] Page processed | start=15876 | range_processed=15900 | range_created=14051 | range_updated=1849 | range_skipped_no_hibob=0 | range_errors=0
[2026-05-19 00:29:08] Sleeping 3s before next page...
[2026-05-19 00:29:11] Requesting page | start=15901 | count=25 | date_start=05-01-2026T00:00:00+0000 | date_end=05-31-2026T23:59:59+0000
[2026-05-19 00:29:16] Page received | start=15901 | records=25 | hibob_records=8 | sent_date_min=2025-12-18 15:06:58 UTC | sent_date_max=2026-05-12 17:37:21 UTC | last_updated_min=2026-05-12 17:36:45 UTC | last_updated_max=2026-05-12 17:37:47 UTC
[2026-05-19 00:29:16] Page processed | start=15901 | range_processed=15925 | range_created=14073 | range_updated=1852 | range_skipped_no_hibob=0 | range_errors=0
[2026-05-19 00:29:16] Sleeping 3s before next page...
[2026-05-19 00:29:19] Requesting page | start=15926 | count=25 | date_start=05-01-2026T00:00:00+0000 | date_end=05-31-2026T23:59:59+0000
[2026-05-19 00:29:23] Page received | start=15926 | records=25 | hibob_records=10 | sent_date_min=2025-08-25 13:46:43 UTC | sent_date_max=2026-05-12 17:38:00 UTC | last_updated_min=2026-05-12 17:37:49 UTC | last_updated_max=2026-05-12 17:38:45 UTC
[2026-05-19 00:29:24] Page processed | start=15926 | range_processed=15950 | range_created=14096 | range_updated=1854 | range_skipped_no_hibob=0 | range_errors=0
[2026-05-19 00:29:24] Sleeping 3s before next page...
[2026-05-19 00:29:27] Requesting page | start=15951 | count=25 | date_start=05-01-2026T00:00:00+0000 | date_end=05-31-2026T23:59:59+0000
[2026-05-19 00:29:31] Page received | start=15951 | records=25 | hibob_records=16 | sent_date_min=2025-08-19 00:26:09 UTC | sent_date_max=2026-02-16 17:27:44 UTC | last_updated_min=2026-05-12 17:38:47 UTC | last_updated_max=2026-05-12 17:39:48 UTC
[2026-05-19 00:29:31] Page processed | start=15951 | range_processed=15975 | range_created=14120 | range_updated=1855 | range_skipped_no_hibob=0 | range_errors=0
[2026-05-19 00:29:31] Sleeping 3s before next page...
[2026-05-19 00:29:34] Requesting page | start=15976 | count=25 | date_start=05-01-2026T00:00:00+0000 | date_end=05-31-2026T23:59:59+0000
[2026-05-19 00:29:39] Page received | start=15976 | records=25 | hibob_records=12 | sent_date_min=2025-08-22 13:17:31 UTC | sent_date_max=2026-03-19 19:07:06 UTC | last_updated_min=2026-05-12 17:39:51 UTC | last_updated_max=2026-05-12 17:40:49 UTC
[2026-05-19 00:29:39] Page processed | start=15976 | range_processed=16000 | range_created=14144 | range_updated=1856 | range_skipped_no_hibob=0 | range_errors=0
[2026-05-19 00:29:39] Sleeping 3s before next page...
[2026-05-19 00:29:42] Requesting page | start=16001 | count=25 | date_start=05-01-2026T00:00:00+0000 | date_end=05-31-2026T23:59:59+0000
[2026-05-19 00:29:47] Page received | start=16001 | records=25 | hibob_records=8 | sent_date_min=2025-11-24 20:19:11 UTC | sent_date_max=2026-05-12 17:52:43 UTC | last_updated_min=2026-05-12 17:40:52 UTC | last_updated_max=2026-05-12 17:52:59 UTC
[2026-05-19 00:29:47] Page processed | start=16001 | range_processed=16025 | range_created=14168 | range_updated=1857 | range_skipped_no_hibob=0 | range_errors=0
[2026-05-19 00:29:47] Sleeping 3s before next page...
[2026-05-19 00:29:50] Requesting page | start=16026 | count=25 | date_start=05-01-2026T00:00:00+0000 | date_end=05-31-2026T23:59:59+0000
[2026-05-19 00:29:55] Page received | start=16026 | records=25 | hibob_records=11 | sent_date_min=2025-09-21 15:52:02 UTC | sent_date_max=2026-05-12 17:53:00 UTC | last_updated_min=2026-05-12 17:53:00 UTC | last_updated_max=2026-05-12 17:58:08 UTC
[2026-05-19 00:29:55] Page processed | start=16026 | range_processed=16050 | range_created=14192 | range_updated=1858 | range_skipped_no_hibob=0 | range_errors=0
[2026-05-19 00:29:55] Sleeping 3s before next page...
[2026-05-19 00:29:58] Requesting page | start=16051 | count=25 | date_start=05-01-2026T00:00:00+0000 | date_end=05-31-2026T23:59:59+0000
[2026-05-19 00:30:02] Page received | start=16051 | records=25 | hibob_records=12 | sent_date_min=2025-08-01 01:15:12 UTC | sent_date_max=2026-02-13 19:34:05 UTC | last_updated_min=2026-05-12 17:58:10 UTC | last_updated_max=2026-05-12 17:59:23 UTC
[2026-05-19 00:30:03] Page processed | start=16051 | range_processed=16075 | range_created=14214 | range_updated=1861 | range_skipped_no_hibob=0 | range_errors=0
[2026-05-19 00:30:03] Sleeping 3s before next page...
[2026-05-19 00:30:06] Requesting page | start=16076 | count=25 | date_start=05-01-2026T00:00:00+0000 | date_end=05-31-2026T23:59:59+0000
[2026-05-19 00:30:10] Page received | start=16076 | records=25 | hibob_records=9 | sent_date_min=2025-11-28 08:20:58 UTC | sent_date_max=2026-05-09 11:07:24 UTC | last_updated_min=2026-05-12 17:59:26 UTC | last_updated_max=2026-05-12 18:00:29 UTC
[2026-05-19 00:30:10] Page processed | start=16076 | range_processed=16100 | range_created=14235 | range_updated=1865 | range_skipped_no_hibob=0 | range_errors=0
[2026-05-19 00:30:10] Sleeping 3s before next page...
[2026-05-19 00:30:13] Requesting page | start=16101 | count=25 | date_start=05-01-2026T00:00:00+0000 | date_end=05-31-2026T23:59:59+0000
[2026-05-19 00:30:18] Page received | start=16101 | records=25 | hibob_records=10 | sent_date_min=2025-09-11 12:46:27 UTC | sent_date_max=2026-05-05 18:57:01 UTC | last_updated_min=2026-05-12 18:00:32 UTC | last_updated_max=2026-05-12 18:01:32 UTC
[2026-05-19 00:30:18] Page processed | start=16101 | range_processed=16125 | range_created=14259 | range_updated=1866 | range_skipped_no_hibob=0 | range_errors=0
[2026-05-19 00:30:18] Sleeping 3s before next page...
[2026-05-19 00:30:21] Requesting page | start=16126 | count=25 | date_start=05-01-2026T00:00:00+0000 | date_end=05-31-2026T23:59:59+0000
[2026-05-19 00:30:27] Page received | start=16126 | records=25 | hibob_records=11 | sent_date_min=2025-12-18 11:13:28 UTC | sent_date_max=2026-02-18 19:14:41 UTC | last_updated_min=2026-05-12 18:01:36 UTC | last_updated_max=2026-05-12 18:02:45 UTC
[2026-05-19 00:30:27] Page processed | start=16126 | range_processed=16150 | range_created=14281 | range_updated=1869 | range_skipped_no_hibob=0 | range_errors=0
[2026-05-19 00:30:27] Sleeping 3s before next page...
[2026-05-19 00:30:30] Requesting page | start=16151 | count=25 | date_start=05-01-2026T00:00:00+0000 | date_end=05-31-2026T23:59:59+0000
[2026-05-19 00:30:35] Page received | start=16151 | records=25 | hibob_records=11 | sent_date_min=2026-01-05 21:41:21 UTC | sent_date_max=2026-02-16 13:07:33 UTC | last_updated_min=2026-05-12 18:02:48 UTC | last_updated_max=2026-05-12 18:04:00 UTC
[2026-05-19 00:30:35] Page processed | start=16151 | range_processed=16175 | range_created=14304 | range_updated=1871 | range_skipped_no_hibob=0 | range_errors=0
[2026-05-19 00:30:35] Sleeping 3s before next page...
[2026-05-19 00:30:38] Requesting page | start=16176 | count=25 | date_start=05-01-2026T00:00:00+0000 | date_end=05-31-2026T23:59:59+0000
[2026-05-19 00:30:43] Page received | start=16176 | records=25 | hibob_records=16 | sent_date_min=2025-12-28 03:57:06 UTC | sent_date_max=2026-02-17 11:40:31 UTC | last_updated_min=2026-05-12 18:04:03 UTC | last_updated_max=2026-05-12 18:05:13 UTC
[2026-05-19 00:30:43] Page processed | start=16176 | range_processed=16200 | range_created=14327 | range_updated=1873 | range_skipped_no_hibob=0 | range_errors=0
[2026-05-19 00:30:43] Sleeping 3s before next page...
[2026-05-19 00:30:46] Requesting page | start=16201 | count=25 | date_start=05-01-2026T00:00:00+0000 | date_end=05-31-2026T23:59:59+0000
[2026-05-19 00:30:51] Page received | start=16201 | records=25 | hibob_records=4 | sent_date_min=2025-08-07 07:02:47 UTC | sent_date_max=2026-05-12 18:06:11 UTC | last_updated_min=2026-05-12 18:05:17 UTC | last_updated_max=2026-05-12 18:06:23 UTC
[2026-05-19 00:30:51] Page processed | start=16201 | range_processed=16225 | range_created=14341 | range_updated=1884 | range_skipped_no_hibob=0 | range_errors=0
[2026-05-19 00:30:51] Sleeping 3s before next page...
[2026-05-19 00:30:54] Requesting page | start=16226 | count=25 | date_start=05-01-2026T00:00:00+0000 | date_end=05-31-2026T23:59:59+0000
[2026-05-19 00:30:59] Page received | start=16226 | records=25 | hibob_records=7 | sent_date_min=2025-07-11 15:39:21 UTC | sent_date_max=2026-05-12 18:07:25 UTC | last_updated_min=2026-05-12 18:06:26 UTC | last_updated_max=2026-05-12 18:07:25 UTC
[2026-05-19 00:30:59] Page processed | start=16226 | range_processed=16250 | range_created=14349 | range_updated=1901 | range_skipped_no_hibob=0 | range_errors=0
[2026-05-19 00:30:59] Sleeping 3s before next page...
[2026-05-19 00:31:03] Requesting page | start=16251 | count=25 | date_start=05-01-2026T00:00:00+0000 | date_end=05-31-2026T23:59:59+0000
[2026-05-19 00:31:07] Page received | start=16251 | records=25 | hibob_records=10 | sent_date_min=2025-08-01 19:07:22 UTC | sent_date_max=2026-05-12 18:08:03 UTC | last_updated_min=2026-05-12 18:07:27 UTC | last_updated_max=2026-05-12 18:08:20 UTC
[2026-05-19 00:31:07] Page processed | start=16251 | range_processed=16275 | range_created=14355 | range_updated=1920 | range_skipped_no_hibob=0 | range_errors=0
[2026-05-19 00:31:07] Sleeping 3s before next page...
[2026-05-19 00:31:10] Requesting page | start=16276 | count=25 | date_start=05-01-2026T00:00:00+0000 | date_end=05-31-2026T23:59:59+0000
[2026-05-19 00:31:15] Page received | start=16276 | records=25 | hibob_records=8 | sent_date_min=2025-11-13 08:06:07 UTC | sent_date_max=2026-05-12 17:14:50 UTC | last_updated_min=2026-05-12 18:08:22 UTC | last_updated_max=2026-05-12 18:09:00 UTC
[2026-05-19 00:31:15] Page processed | start=16276 | range_processed=16300 | range_created=14367 | range_updated=1933 | range_skipped_no_hibob=0 | range_errors=0
[2026-05-19 00:31:15] Sleeping 3s before next page...
[2026-05-19 00:31:18] Requesting page | start=16301 | count=25 | date_start=05-01-2026T00:00:00+0000 | date_end=05-31-2026T23:59:59+0000
[2026-05-19 00:31:22] Page received | start=16301 | records=25 | hibob_records=14 | sent_date_min=2025-12-16 16:34:00 UTC | sent_date_max=2026-02-10 11:23:06 UTC | last_updated_min=2026-05-12 18:09:02 UTC | last_updated_max=2026-05-12 18:10:05 UTC
[2026-05-19 00:31:23] Page processed | start=16301 | range_processed=16325 | range_created=14367 | range_updated=1958 | range_skipped_no_hibob=0 | range_errors=0
[2026-05-19 00:31:23] Sleeping 3s before next page...
[2026-05-19 00:31:26] Requesting page | start=16326 | count=25 | date_start=05-01-2026T00:00:00+0000 | date_end=05-31-2026T23:59:59+0000
[2026-05-19 00:31:30] Page received | start=16326 | records=25 | hibob_records=15 | sent_date_min=2025-12-03 14:35:38 UTC | sent_date_max=2026-05-12 15:51:33 UTC | last_updated_min=2026-05-12 18:10:08 UTC | last_updated_max=2026-05-12 18:11:11 UTC
[2026-05-19 00:31:30] Page processed | start=16326 | range_processed=16350 | range_created=14372 | range_updated=1978 | range_skipped_no_hibob=0 | range_errors=0
[2026-05-19 00:31:30] Sleeping 3s before next page...
[2026-05-19 00:31:33] Requesting page | start=16351 | count=25 | date_start=05-01-2026T00:00:00+0000 | date_end=05-31-2026T23:59:59+0000
[2026-05-19 00:31:38] Page received | start=16351 | records=25 | hibob_records=6 | sent_date_min=2025-11-18 13:30:00 UTC | sent_date_max=2026-05-12 18:12:13 UTC | last_updated_min=2026-05-12 18:11:13 UTC | last_updated_max=2026-05-12 18:12:19 UTC
[2026-05-19 00:31:38] Page processed | start=16351 | range_processed=16375 | range_created=14376 | range_updated=1999 | range_skipped_no_hibob=0 | range_errors=0
[2026-05-19 00:31:38] Sleeping 3s before next page...
[2026-05-19 00:31:41] Requesting page | start=16376 | count=25 | date_start=05-01-2026T00:00:00+0000 | date_end=05-31-2026T23:59:59+0000
[2026-05-19 00:31:46] Page received | start=16376 | records=25 | hibob_records=10 | sent_date_min=2025-10-28 15:37:22 UTC | sent_date_max=2026-02-12 23:23:55 UTC | last_updated_min=2026-05-12 18:12:22 UTC | last_updated_max=2026-05-12 18:13:35 UTC
[2026-05-19 00:31:46] Page processed | start=16376 | range_processed=16400 | range_created=14377 | range_updated=2023 | range_skipped_no_hibob=0 | range_errors=0
[2026-05-19 00:31:46] Sleeping 3s before next page...
[2026-05-19 00:31:49] Requesting page | start=16401 | count=25 | date_start=05-01-2026T00:00:00+0000 | date_end=05-31-2026T23:59:59+0000
[2026-05-19 00:31:54] Page received | start=16401 | records=25 | hibob_records=12 | sent_date_min=2025-10-22 18:08:09 UTC | sent_date_max=2026-05-12 18:14:30 UTC | last_updated_min=2026-05-12 18:13:38 UTC | last_updated_max=2026-05-12 18:14:44 UTC
[2026-05-19 00:31:54] Page processed | start=16401 | range_processed=16425 | range_created=14379 | range_updated=2046 | range_skipped_no_hibob=0 | range_errors=0
[2026-05-19 00:31:54] Sleeping 3s before next page...
[2026-05-19 00:31:57] Requesting page | start=16426 | count=25 | date_start=05-01-2026T00:00:00+0000 | date_end=05-31-2026T23:59:59+0000
[2026-05-19 00:32:02] Page received | start=16426 | records=25 | hibob_records=14 | sent_date_min=2025-11-12 20:46:44 UTC | sent_date_max=2026-05-02 19:53:49 UTC | last_updated_min=2026-05-12 18:14:48 UTC | last_updated_max=2026-05-12 18:15:59 UTC
[2026-05-19 00:32:02] Page processed | start=16426 | range_processed=16450 | range_created=14381 | range_updated=2069 | range_skipped_no_hibob=0 | range_errors=0
[2026-05-19 00:32:02] Sleeping 3s before next page...
[2026-05-19 00:32:05] Requesting page | start=16451 | count=25 | date_start=05-01-2026T00:00:00+0000 | date_end=05-31-2026T23:59:59+0000
[2026-05-19 00:32:10] Page received | start=16451 | records=25 | hibob_records=8 | sent_date_min=2025-10-24 09:10:05 UTC | sent_date_max=2026-05-12 15:18:45 UTC | last_updated_min=2026-05-12 18:16:03 UTC | last_updated_max=2026-05-12 18:17:14 UTC
[2026-05-19 00:32:10] Page processed | start=16451 | range_processed=16475 | range_created=14383 | range_updated=2092 | range_skipped_no_hibob=0 | range_errors=0
[2026-05-19 00:32:10] Sleeping 3s before next page...
[2026-05-19 00:32:13] Requesting page | start=16476 | count=25 | date_start=05-01-2026T00:00:00+0000 | date_end=05-31-2026T23:59:59+0000
[2026-05-19 00:32:19] Page received | start=16476 | records=25 | hibob_records=12 | sent_date_min=2025-08-29 08:53:19 UTC | sent_date_max=2026-02-11 12:38:32 UTC | last_updated_min=2026-05-12 18:17:16 UTC | last_updated_max=2026-05-12 18:18:23 UTC
[2026-05-19 00:32:19] Page processed | start=16476 | range_processed=16500 | range_created=14384 | range_updated=2116 | range_skipped_no_hibob=0 | range_errors=0
[2026-05-19 00:32:19] Sleeping 3s before next page...
[2026-05-19 00:32:22] Requesting page | start=16501 | count=25 | date_start=05-01-2026T00:00:00+0000 | date_end=05-31-2026T23:59:59+0000
[2026-05-19 00:32:27] Page received | start=16501 | records=25 | hibob_records=10 | sent_date_min=2025-08-05 01:07:11 UTC | sent_date_max=2026-05-12 18:19:04 UTC | last_updated_min=2026-05-12 18:18:26 UTC | last_updated_max=2026-05-12 18:19:28 UTC
[2026-05-19 00:32:27] Page processed | start=16501 | range_processed=16525 | range_created=14388 | range_updated=2137 | range_skipped_no_hibob=0 | range_errors=0
[2026-05-19 00:32:27] Sleeping 3s before next page...
[2026-05-19 00:32:30] Requesting page | start=16526 | count=25 | date_start=05-01-2026T00:00:00+0000 | date_end=05-31-2026T23:59:59+0000
[2026-05-19 00:32:35] Page received | start=16526 | records=25 | hibob_records=8 | sent_date_min=2025-11-27 20:23:22 UTC | sent_date_max=2026-02-05 18:36:47 UTC | last_updated_min=2026-05-12 18:19:32 UTC | last_updated_max=2026-05-12 18:20:42 UTC
[2026-05-19 00:32:35] Page processed | start=16526 | range_processed=16550 | range_created=14390 | range_updated=2160 | range_skipped_no_hibob=0 | range_errors=0
[2026-05-19 00:32:35] Sleeping 3s before next page...
[2026-05-19 00:32:38] Requesting page | start=16551 | count=25 | date_start=05-01-2026T00:00:00+0000 | date_end=05-31-2026T23:59:59+0000
[2026-05-19 00:32:42] Page received | start=16551 | records=25 | hibob_records=11 | sent_date_min=2025-11-20 22:07:55 UTC | sent_date_max=2026-05-12 18:21:02 UTC | last_updated_min=2026-05-12 18:20:45 UTC | last_updated_max=2026-05-12 18:21:50 UTC
[2026-05-19 00:32:42] Page processed | start=16551 | range_processed=16575 | range_created=14394 | range_updated=2181 | range_skipped_no_hibob=0 | range_errors=0
[2026-05-19 00:32:42] Sleeping 3s before next page...
[2026-05-19 00:32:45] Requesting page | start=16576 | count=25 | date_start=05-01-2026T00:00:00+0000 | date_end=05-31-2026T23:59:59+0000
[2026-05-19 00:32:50] Page received | start=16576 | records=25 | hibob_records=11 | sent_date_min=2025-08-05 17:15:56 UTC | sent_date_max=2026-05-12 18:22:53 UTC | last_updated_min=2026-05-12 18:21:55 UTC | last_updated_max=2026-05-12 18:22:57 UTC
[2026-05-19 00:32:50] Page processed | start=16576 | range_processed=16600 | range_created=14398 | range_updated=2202 | range_skipped_no_hibob=0 | range_errors=0
[2026-05-19 00:32:50] Sleeping 3s before next page...
[2026-05-19 00:32:53] Requesting page | start=16601 | count=25 | date_start=05-01-2026T00:00:00+0000 | date_end=05-31-2026T23:59:59+0000
[2026-05-19 00:32:57] Page received | start=16601 | records=25 | hibob_records=15 | sent_date_min=2026-01-02 21:52:56 UTC | sent_date_max=2026-05-12 18:23:34 UTC | last_updated_min=2026-05-12 18:23:00 UTC | last_updated_max=2026-05-12 18:23:58 UTC
[2026-05-19 00:32:58] Page processed | start=16601 | range_processed=16625 | range_created=14402 | range_updated=2223 | range_skipped_no_hibob=0 | range_errors=0
[2026-05-19 00:32:58] Sleeping 3s before next page...
[2026-05-19 00:33:01] Requesting page | start=16626 | count=25 | date_start=05-01-2026T00:00:00+0000 | date_end=05-31-2026T23:59:59+0000
[2026-05-19 00:33:05] Page received | start=16626 | records=25 | hibob_records=11 | sent_date_min=2025-08-13 15:26:33 UTC | sent_date_max=2026-05-04 20:22:36 UTC | last_updated_min=2026-05-12 18:23:58 UTC | last_updated_max=2026-05-12 18:25:05 UTC
[2026-05-19 00:33:05] Page processed | start=16626 | range_processed=16650 | range_created=14405 | range_updated=2245 | range_skipped_no_hibob=0 | range_errors=0
[2026-05-19 00:33:05] Sleeping 3s before next page...
[2026-05-19 00:33:08] Requesting page | start=16651 | count=25 | date_start=05-01-2026T00:00:00+0000 | date_end=05-31-2026T23:59:59+0000
[2026-05-19 00:33:13] Page received | start=16651 | records=25 | hibob_records=10 | sent_date_min=2025-08-05 09:37:55 UTC | sent_date_max=2026-05-12 15:07:08 UTC | last_updated_min=2026-05-12 18:25:08 UTC | last_updated_max=2026-05-12 18:26:23 UTC
[2026-05-19 00:33:13] Page processed | start=16651 | range_processed=16675 | range_created=14407 | range_updated=2268 | range_skipped_no_hibob=0 | range_errors=0
[2026-05-19 00:33:13] Sleeping 3s before next page...
[2026-05-19 00:33:16] Requesting page | start=16676 | count=25 | date_start=05-01-2026T00:00:00+0000 | date_end=05-31-2026T23:59:59+0000
[2026-05-19 00:33:21] Page received | start=16676 | records=25 | hibob_records=6 | sent_date_min=2025-07-14 10:31:12 UTC | sent_date_max=2026-05-12 18:27:56 UTC | last_updated_min=2026-05-12 18:26:26 UTC | last_updated_max=2026-05-12 18:29:54 UTC
[2026-05-19 00:33:21] Page processed | start=16676 | range_processed=16700 | range_created=14414 | range_updated=2286 | range_skipped_no_hibob=0 | range_errors=0
[2026-05-19 00:33:21] Sleeping 3s before next page...
[2026-05-19 00:33:24] Requesting page | start=16701 | count=25 | date_start=05-01-2026T00:00:00+0000 | date_end=05-31-2026T23:59:59+0000
[2026-05-19 00:33:28] Page received | start=16701 | records=25 | hibob_records=5 | sent_date_min=2025-10-14 18:08:50 UTC | sent_date_max=2026-05-12 18:29:22 UTC | last_updated_min=2026-05-12 18:30:13 UTC | last_updated_max=2026-05-12 18:37:15 UTC
[2026-05-19 00:33:28] Page processed | start=16701 | range_processed=16725 | range_created=14428 | range_updated=2297 | range_skipped_no_hibob=0 | range_errors=0
[2026-05-19 00:33:28] Sleeping 3s before next page...
[2026-05-19 00:33:31] Requesting page | start=16726 | count=25 | date_start=05-01-2026T00:00:00+0000 | date_end=05-31-2026T23:59:59+0000
[2026-05-19 00:33:35] Page received | start=16726 | records=25 | hibob_records=6 | sent_date_min=2025-07-07 13:08:35 UTC | sent_date_max=2026-05-12 18:43:35 UTC | last_updated_min=2026-05-12 18:37:17 UTC | last_updated_max=2026-05-12 18:44:48 UTC
[2026-05-19 00:33:36] Page processed | start=16726 | range_processed=16750 | range_created=14449 | range_updated=2301 | range_skipped_no_hibob=0 | range_errors=0
[2026-05-19 00:33:36] Sleeping 3s before next page...
[2026-05-19 00:33:39] Requesting page | start=16751 | count=25 | date_start=05-01-2026T00:00:00+0000 | date_end=05-31-2026T23:59:59+0000
[2026-05-19 00:33:42] Page received | start=16751 | records=25 | hibob_records=3 | sent_date_min=2025-10-16 05:22:51 UTC | sent_date_max=2026-05-12 18:52:29 UTC | last_updated_min=2026-05-12 18:45:38 UTC | last_updated_max=2026-05-12 18:55:58 UTC
[2026-05-19 00:33:42] Page processed | start=16751 | range_processed=16775 | range_created=14465 | range_updated=2310 | range_skipped_no_hibob=0 | range_errors=0
[2026-05-19 00:33:42] Sleeping 3s before next page...
[2026-05-19 00:33:45] Requesting page | start=16776 | count=25 | date_start=05-01-2026T00:00:00+0000 | date_end=05-31-2026T23:59:59+0000
[2026-05-19 00:33:49] Page received | start=16776 | records=25 | hibob_records=7 | sent_date_min=2025-10-10 17:13:46 UTC | sent_date_max=2026-05-12 09:52:38 UTC | last_updated_min=2026-05-12 18:56:13 UTC | last_updated_max=2026-05-12 18:59:44 UTC
[2026-05-19 00:33:50] Page processed | start=16776 | range_processed=16800 | range_created=14489 | range_updated=2311 | range_skipped_no_hibob=0 | range_errors=0
[2026-05-19 00:33:50] Sleeping 3s before next page...
[2026-05-19 00:33:53] Requesting page | start=16801 | count=25 | date_start=05-01-2026T00:00:00+0000 | date_end=05-31-2026T23:59:59+0000
[2026-05-19 00:33:57] Page received | start=16801 | records=25 | hibob_records=6 | sent_date_min=2026-04-28 05:07:03 UTC | sent_date_max=2026-05-02 02:35:16 UTC | last_updated_min=2026-05-12 18:59:44 UTC | last_updated_max=2026-05-12 18:59:45 UTC
[2026-05-19 00:33:57] Page processed | start=16801 | range_processed=16825 | range_created=14514 | range_updated=2311 | range_skipped_no_hibob=0 | range_errors=0
[2026-05-19 00:33:57] Sleeping 3s before next page...
[2026-05-19 00:34:00] Requesting page | start=16826 | count=25 | date_start=05-01-2026T00:00:00+0000 | date_end=05-31-2026T23:59:59+0000
[2026-05-19 00:34:04] Page received | start=16826 | records=25 | hibob_records=2 | sent_date_min=2025-10-15 22:37:20 UTC | sent_date_max=2026-05-12 19:00:17 UTC | last_updated_min=2026-05-12 18:59:45 UTC | last_updated_max=2026-05-12 19:01:02 UTC
[2026-05-19 00:34:05] Page processed | start=16826 | range_processed=16850 | range_created=14536 | range_updated=2314 | range_skipped_no_hibob=0 | range_errors=0
[2026-05-19 00:34:05] Sleeping 3s before next page...
[2026-05-19 00:34:08] Requesting page | start=16851 | count=25 | date_start=05-01-2026T00:00:00+0000 | date_end=05-31-2026T23:59:59+0000
[2026-05-19 00:34:12] Page received | start=16851 | records=25 | hibob_records=2 | sent_date_min=2026-03-31 00:52:06 UTC | sent_date_max=2026-04-23 19:49:20 UTC | last_updated_min=2026-05-12 19:01:02 UTC | last_updated_max=2026-05-12 19:01:02 UTC
[2026-05-19 00:34:12] Page processed | start=16851 | range_processed=16875 | range_created=14556 | range_updated=2319 | range_skipped_no_hibob=0 | range_errors=0
[2026-05-19 00:34:12] Sleeping 3s before next page...
[2026-05-19 00:34:15] Requesting page | start=16876 | count=25 | date_start=05-01-2026T00:00:00+0000 | date_end=05-31-2026T23:59:59+0000
[2026-05-19 00:34:20] Page received | start=16876 | records=25 | hibob_records=4 | sent_date_min=2025-10-21 00:11:30 UTC | sent_date_max=2026-05-12 10:07:31 UTC | last_updated_min=2026-05-12 19:01:02 UTC | last_updated_max=2026-05-12 19:02:13 UTC
[2026-05-19 00:34:20] Page processed | start=16876 | range_processed=16900 | range_created=14577 | range_updated=2323 | range_skipped_no_hibob=0 | range_errors=0
[2026-05-19 00:34:20] Sleeping 3s before next page...
[2026-05-19 00:34:23] Requesting page | start=16901 | count=25 | date_start=05-01-2026T00:00:00+0000 | date_end=05-31-2026T23:59:59+0000
[2026-05-19 00:34:27] Page received | start=16901 | records=25 | hibob_records=5 | sent_date_min=2026-04-18 22:22:24 UTC | sent_date_max=2026-04-30 15:22:55 UTC | last_updated_min=2026-05-12 19:02:13 UTC | last_updated_max=2026-05-12 19:02:14 UTC
[2026-05-19 00:34:27] Page processed | start=16901 | range_processed=16925 | range_created=14602 | range_updated=2323 | range_skipped_no_hibob=0 | range_errors=0
[2026-05-19 00:34:27] Sleeping 3s before next page...
[2026-05-19 00:34:30] Requesting page | start=16926 | count=25 | date_start=05-01-2026T00:00:00+0000 | date_end=05-31-2026T23:59:59+0000
[2026-05-19 00:34:35] Page received | start=16926 | records=25 | hibob_records=1 | sent_date_min=2025-06-13 05:42:00 UTC | sent_date_max=2026-05-12 19:03:42 UTC | last_updated_min=2026-05-12 19:02:14 UTC | last_updated_max=2026-05-12 19:07:17 UTC
[2026-05-19 00:34:35] Page processed | start=16926 | range_processed=16950 | range_created=14623 | range_updated=2327 | range_skipped_no_hibob=0 | range_errors=0
[2026-05-19 00:34:35] Sleeping 3s before next page...
[2026-05-19 00:34:38] Requesting page | start=16951 | count=25 | date_start=05-01-2026T00:00:00+0000 | date_end=05-31-2026T23:59:59+0000
[2026-05-19 00:34:42] Page received | start=16951 | records=25 | hibob_records=3 | sent_date_min=2025-10-14 04:07:11 UTC | sent_date_max=2026-05-12 19:08:30 UTC | last_updated_min=2026-05-12 19:07:35 UTC | last_updated_max=2026-05-12 19:12:03 UTC
[2026-05-19 00:34:42] Page processed | start=16951 | range_processed=16975 | range_created=14643 | range_updated=2332 | range_skipped_no_hibob=0 | range_errors=0
[2026-05-19 00:34:42] Sleeping 3s before next page...
[2026-05-19 00:34:45] Requesting page | start=16976 | count=25 | date_start=05-01-2026T00:00:00+0000 | date_end=05-31-2026T23:59:59+0000
[2026-05-19 00:34:49] Page received | start=16976 | records=25 | hibob_records=7 | sent_date_min=2025-10-15 00:37:09 UTC | sent_date_max=2026-05-12 19:14:45 UTC | last_updated_min=2026-05-12 19:12:10 UTC | last_updated_max=2026-05-12 19:14:56 UTC
[2026-05-19 00:34:49] Page processed | start=16976 | range_processed=17000 | range_created=14665 | range_updated=2335 | range_skipped_no_hibob=0 | range_errors=0
[2026-05-19 00:34:49] Sleeping 3s before next page...
[2026-05-19 00:34:52] Requesting page | start=17001 | count=25 | date_start=05-01-2026T00:00:00+0000 | date_end=05-31-2026T23:59:59+0000
[2026-05-19 00:34:59] Page received | start=17001 | records=25 | hibob_records=3 | sent_date_min=2025-06-16 16:53:09 UTC | sent_date_max=2026-05-12 08:56:51 UTC | last_updated_min=2026-05-12 19:15:01 UTC | last_updated_max=2026-05-12 19:21:57 UTC
[2026-05-19 00:34:59] Page processed | start=17001 | range_processed=17025 | range_created=14682 | range_updated=2343 | range_skipped_no_hibob=0 | range_errors=0
[2026-05-19 00:34:59] Sleeping 3s before next page...
[2026-05-19 00:35:02] Requesting page | start=17026 | count=25 | date_start=05-01-2026T00:00:00+0000 | date_end=05-31-2026T23:59:59+0000
[2026-05-19 00:35:07] Page received | start=17026 | records=25 | hibob_records=2 | sent_date_min=2025-06-26 19:52:41 UTC | sent_date_max=2026-05-12 19:22:40 UTC | last_updated_min=2026-05-12 19:21:57 UTC | last_updated_max=2026-05-12 19:24:31 UTC
[2026-05-19 00:35:07] Page processed | start=17026 | range_processed=17050 | range_created=14707 | range_updated=2343 | range_skipped_no_hibob=0 | range_errors=0
[2026-05-19 00:35:07] Sleeping 3s before next page...
[2026-05-19 00:35:10] Requesting page | start=17051 | count=25 | date_start=05-01-2026T00:00:00+0000 | date_end=05-31-2026T23:59:59+0000
[2026-05-19 00:35:14] Page received | start=17051 | records=25 | hibob_records=3 | sent_date_min=2025-08-05 16:08:28 UTC | sent_date_max=2026-05-11 22:08:32 UTC | last_updated_min=2026-05-12 19:24:37 UTC | last_updated_max=2026-05-12 19:27:59 UTC
[2026-05-19 00:35:14] Page processed | start=17051 | range_processed=17075 | range_created=14727 | range_updated=2348 | range_skipped_no_hibob=0 | range_errors=0
[2026-05-19 00:35:14] Sleeping 3s before next page...
[2026-05-19 00:35:17] Requesting page | start=17076 | count=25 | date_start=05-01-2026T00:00:00+0000 | date_end=05-31-2026T23:59:59+0000
[2026-05-19 00:35:21] Page received | start=17076 | records=25 | hibob_records=3 | sent_date_min=2025-09-03 20:34:39 UTC | sent_date_max=2026-05-05 04:37:17 UTC | last_updated_min=2026-05-12 19:28:06 UTC | last_updated_max=2026-05-12 19:30:36 UTC
[2026-05-19 00:35:22] Page processed | start=17076 | range_processed=17100 | range_created=14745 | range_updated=2355 | range_skipped_no_hibob=0 | range_errors=0
[2026-05-19 00:35:22] Sleeping 3s before next page...
[2026-05-19 00:35:25] Requesting page | start=17101 | count=25 | date_start=05-01-2026T00:00:00+0000 | date_end=05-31-2026T23:59:59+0000
[2026-05-19 00:35:29] Page received | start=17101 | records=25 | hibob_records=1 | sent_date_min=2025-10-15 22:22:44 UTC | sent_date_max=2026-05-12 19:36:15 UTC | last_updated_min=2026-05-12 19:30:41 UTC | last_updated_max=2026-05-12 19:36:36 UTC
[2026-05-19 00:35:29] Page processed | start=17101 | range_processed=17125 | range_created=14762 | range_updated=2363 | range_skipped_no_hibob=0 | range_errors=0
[2026-05-19 00:35:29] Sleeping 3s before next page...
[2026-05-19 00:35:32] Requesting page | start=17126 | count=25 | date_start=05-01-2026T00:00:00+0000 | date_end=05-31-2026T23:59:59+0000
[2026-05-19 00:35:37] Page received | start=17126 | records=25 | hibob_records=11 | sent_date_min=2025-11-10 16:38:58 UTC | sent_date_max=2026-05-12 19:38:25 UTC | last_updated_min=2026-05-12 19:36:37 UTC | last_updated_max=2026-05-12 19:43:59 UTC
[2026-05-19 00:35:37] Page processed | start=17126 | range_processed=17150 | range_created=14785 | range_updated=2365 | range_skipped_no_hibob=0 | range_errors=0
[2026-05-19 00:35:37] Sleeping 3s before next page...
[2026-05-19 00:35:40] Requesting page | start=17151 | count=25 | date_start=05-01-2026T00:00:00+0000 | date_end=05-31-2026T23:59:59+0000
[2026-05-19 00:35:44] Page received | start=17151 | records=25 | hibob_records=8 | sent_date_min=2025-10-31 21:43:03 UTC | sent_date_max=2026-05-11 21:12:25 UTC | last_updated_min=2026-05-12 19:44:08 UTC | last_updated_max=2026-05-12 19:54:14 UTC
[2026-05-19 00:35:44] Page processed | start=17151 | range_processed=17175 | range_created=14810 | range_updated=2365 | range_skipped_no_hibob=0 | range_errors=0
[2026-05-19 00:35:44] Sleeping 3s before next page...
[2026-05-19 00:35:47] Requesting page | start=17176 | count=25 | date_start=05-01-2026T00:00:00+0000 | date_end=05-31-2026T23:59:59+0000
[2026-05-19 00:35:52] Page received | start=17176 | records=25 | hibob_records=10 | sent_date_min=2026-01-30 13:35:09 UTC | sent_date_max=2026-05-12 20:14:34 UTC | last_updated_min=2026-05-12 19:54:49 UTC | last_updated_max=2026-05-12 20:20:28 UTC
[2026-05-19 00:35:52] Page processed | start=17176 | range_processed=17200 | range_created=14834 | range_updated=2366 | range_skipped_no_hibob=0 | range_errors=0
[2026-05-19 00:35:52] Sleeping 3s before next page...
[2026-05-19 00:35:55] Requesting page | start=17201 | count=25 | date_start=05-01-2026T00:00:00+0000 | date_end=05-31-2026T23:59:59+0000
[2026-05-19 00:35:59] Page received | start=17201 | records=25 | hibob_records=3 | sent_date_min=2026-01-07 01:07:29 UTC | sent_date_max=2026-05-12 20:41:09 UTC | last_updated_min=2026-05-12 20:22:06 UTC | last_updated_max=2026-05-12 20:41:29 UTC
[2026-05-19 00:36:00] Page processed | start=17201 | range_processed=17225 | range_created=14858 | range_updated=2367 | range_skipped_no_hibob=0 | range_errors=0
[2026-05-19 00:36:00] Sleeping 3s before next page...
[2026-05-19 00:36:03] Requesting page | start=17226 | count=25 | date_start=05-01-2026T00:00:00+0000 | date_end=05-31-2026T23:59:59+0000
[2026-05-19 00:36:07] Page received | start=17226 | records=25 | hibob_records=15 | sent_date_min=2026-04-27 22:32:06 UTC | sent_date_max=2026-05-12 20:58:13 UTC | last_updated_min=2026-05-12 20:43:58 UTC | last_updated_max=2026-05-12 20:59:21 UTC
[2026-05-19 00:36:07] Page processed | start=17226 | range_processed=17250 | range_created=14883 | range_updated=2367 | range_skipped_no_hibob=0 | range_errors=0
[2026-05-19 00:36:07] Sleeping 3s before next page...
[2026-05-19 00:36:10] Requesting page | start=17251 | count=25 | date_start=05-01-2026T00:00:00+0000 | date_end=05-31-2026T23:59:59+0000
[2026-05-19 00:36:14] Page received | start=17251 | records=25 | hibob_records=11 | sent_date_min=2026-05-07 21:52:25 UTC | sent_date_max=2026-05-12 21:22:09 UTC | last_updated_min=2026-05-12 21:02:12 UTC | last_updated_max=2026-05-12 21:22:09 UTC
[2026-05-19 00:36:14] Page processed | start=17251 | range_processed=17275 | range_created=14908 | range_updated=2367 | range_skipped_no_hibob=0 | range_errors=0
[2026-05-19 00:36:14] Sleeping 3s before next page...
[2026-05-19 00:36:17] Requesting page | start=17276 | count=25 | date_start=05-01-2026T00:00:00+0000 | date_end=05-31-2026T23:59:59+0000
[2026-05-19 00:36:21] Page received | start=17276 | records=25 | hibob_records=11 | sent_date_min=2025-09-29 11:38:57 UTC | sent_date_max=2026-05-12 21:44:27 UTC | last_updated_min=2026-05-12 21:22:17 UTC | last_updated_max=2026-05-12 21:44:27 UTC
[2026-05-19 00:36:21] Page processed | start=17276 | range_processed=17300 | range_created=14933 | range_updated=2367 | range_skipped_no_hibob=0 | range_errors=0
[2026-05-19 00:36:21] Sleeping 3s before next page...
[2026-05-19 00:36:24] Requesting page | start=17301 | count=25 | date_start=05-01-2026T00:00:00+0000 | date_end=05-31-2026T23:59:59+0000
[2026-05-19 00:36:29] Page received | start=17301 | records=25 | hibob_records=4 | sent_date_min=2026-01-15 20:43:41 UTC | sent_date_max=2026-05-12 23:31:54 UTC | last_updated_min=2026-05-12 21:52:12 UTC | last_updated_max=2026-05-12 23:47:55 UTC
[2026-05-19 00:36:29] Page processed | start=17301 | range_processed=17325 | range_created=14956 | range_updated=2369 | range_skipped_no_hibob=0 | range_errors=0
[2026-05-19 00:36:29] Sleeping 3s before next page...
[2026-05-19 00:36:32] Requesting page | start=17326 | count=25 | date_start=05-01-2026T00:00:00+0000 | date_end=05-31-2026T23:59:59+0000
[2026-05-19 00:36:37] Page received | start=17326 | records=25 | hibob_records=8 | sent_date_min=2025-11-20 20:31:24 UTC | sent_date_max=2026-01-29 18:33:20 UTC | last_updated_min=2026-05-12 23:48:05 UTC | last_updated_max=2026-05-12 23:51:08 UTC
[2026-05-19 00:36:37] Page processed | start=17326 | range_processed=17350 | range_created=14956 | range_updated=2394 | range_skipped_no_hibob=0 | range_errors=0
[2026-05-19 00:36:37] Sleeping 3s before next page...
[2026-05-19 00:36:40] Requesting page | start=17351 | count=25 | date_start=05-01-2026T00:00:00+0000 | date_end=05-31-2026T23:59:59+0000
[2026-05-19 00:36:45] Page received | start=17351 | records=25 | hibob_records=8 | sent_date_min=2025-07-14 00:33:11 UTC | sent_date_max=2026-05-12 23:52:13 UTC | last_updated_min=2026-05-12 23:51:15 UTC | last_updated_max=2026-05-12 23:54:17 UTC
[2026-05-19 00:36:45] Page processed | start=17351 | range_processed=17375 | range_created=14960 | range_updated=2415 | range_skipped_no_hibob=0 | range_errors=0
[2026-05-19 00:36:45] Sleeping 3s before next page...
[2026-05-19 00:36:48] Requesting page | start=17376 | count=25 | date_start=05-01-2026T00:00:00+0000 | date_end=05-31-2026T23:59:59+0000
[2026-05-19 00:36:53] Page received | start=17376 | records=25 | hibob_records=10 | sent_date_min=2025-06-24 08:34:04 UTC | sent_date_max=2026-01-22 17:26:52 UTC | last_updated_min=2026-05-12 23:54:25 UTC | last_updated_max=2026-05-12 23:57:04 UTC
[2026-05-19 00:36:53] Page processed | start=17376 | range_processed=17400 | range_created=14961 | range_updated=2439 | range_skipped_no_hibob=0 | range_errors=0
[2026-05-19 00:36:53] Sleeping 3s before next page...
[2026-05-19 00:36:56] Requesting page | start=17401 | count=25 | date_start=05-01-2026T00:00:00+0000 | date_end=05-31-2026T23:59:59+0000
[2026-05-19 00:37:00] Page received | start=17401 | records=25 | hibob_records=7 | sent_date_min=2025-04-22 08:04:41 UTC | sent_date_max=2026-01-26 15:03:05 UTC | last_updated_min=2026-05-12 23:57:11 UTC | last_updated_max=2026-05-12 23:59:57 UTC
[2026-05-19 00:37:00] Page processed | start=17401 | range_processed=17425 | range_created=14961 | range_updated=2464 | range_skipped_no_hibob=0 | range_errors=0
[2026-05-19 00:37:00] Sleeping 3s before next page...
[2026-05-19 00:37:03] Requesting page | start=17426 | count=25 | date_start=05-01-2026T00:00:00+0000 | date_end=05-31-2026T23:59:59+0000
[2026-05-19 00:37:08] Page received | start=17426 | records=25 | hibob_records=12 | sent_date_min=2025-07-17 18:37:45 UTC | sent_date_max=2026-03-17 14:56:25 UTC | last_updated_min=2026-05-13 00:00:05 UTC | last_updated_max=2026-05-13 00:02:54 UTC
[2026-05-19 00:37:09] Page processed | start=17426 | range_processed=17450 | range_created=14963 | range_updated=2487 | range_skipped_no_hibob=0 | range_errors=0
[2026-05-19 00:37:09] Sleeping 3s before next page...
[2026-05-19 00:37:12] Requesting page | start=17451 | count=25 | date_start=05-01-2026T00:00:00+0000 | date_end=05-31-2026T23:59:59+0000
[2026-05-19 00:37:16] Page received | start=17451 | records=25 | hibob_records=10 | sent_date_min=2025-12-05 18:52:46 UTC | sent_date_max=2026-01-30 16:19:57 UTC | last_updated_min=2026-05-13 00:03:01 UTC | last_updated_max=2026-05-13 00:05:55 UTC
[2026-05-19 00:37:16] Page processed | start=17451 | range_processed=17475 | range_created=14963 | range_updated=2512 | range_skipped_no_hibob=0 | range_errors=0
[2026-05-19 00:37:16] Sleeping 3s before next page...
[2026-05-19 00:37:19] Requesting page | start=17476 | count=25 | date_start=05-01-2026T00:00:00+0000 | date_end=05-31-2026T23:59:59+0000
[2026-05-19 00:37:23] Page received | start=17476 | records=25 | hibob_records=8 | sent_date_min=2025-07-22 10:33:14 UTC | sent_date_max=2026-01-27 15:46:07 UTC | last_updated_min=2026-05-13 00:06:02 UTC | last_updated_max=2026-05-13 00:08:44 UTC
[2026-05-19 00:37:24] Page processed | start=17476 | range_processed=17500 | range_created=14965 | range_updated=2535 | range_skipped_no_hibob=0 | range_errors=0
[2026-05-19 00:37:24] Sleeping 3s before next page...
[2026-05-19 00:37:27] Requesting page | start=17501 | count=25 | date_start=05-01-2026T00:00:00+0000 | date_end=05-31-2026T23:59:59+0000
[2026-05-19 00:37:31] Page received | start=17501 | records=25 | hibob_records=10 | sent_date_min=2025-09-09 13:13:29 UTC | sent_date_max=2026-05-13 00:09:01 UTC | last_updated_min=2026-05-13 00:08:51 UTC | last_updated_max=2026-05-13 00:11:29 UTC
[2026-05-19 00:37:31] Page processed | start=17501 | range_processed=17525 | range_created=14966 | range_updated=2559 | range_skipped_no_hibob=0 | range_errors=0
[2026-05-19 00:37:31] Sleeping 3s before next page...
[2026-05-19 00:37:34] Requesting page | start=17526 | count=25 | date_start=05-01-2026T00:00:00+0000 | date_end=05-31-2026T23:59:59+0000
[2026-05-19 00:37:39] Page received | start=17526 | records=25 | hibob_records=10 | sent_date_min=2025-10-21 17:08:41 UTC | sent_date_max=2026-01-20 14:49:58 UTC | last_updated_min=2026-05-13 00:11:35 UTC | last_updated_max=2026-05-13 00:14:12 UTC
[2026-05-19 00:37:39] Page processed | start=17526 | range_processed=17550 | range_created=14966 | range_updated=2584 | range_skipped_no_hibob=0 | range_errors=0
[2026-05-19 00:37:39] Sleeping 3s before next page...
[2026-05-19 00:37:42] Requesting page | start=17551 | count=25 | date_start=05-01-2026T00:00:00+0000 | date_end=05-31-2026T23:59:59+0000
[2026-05-19 00:37:47] Page received | start=17551 | records=25 | hibob_records=15 | sent_date_min=2025-11-11 18:48:24 UTC | sent_date_max=2026-04-01 17:04:45 UTC | last_updated_min=2026-05-13 00:14:19 UTC | last_updated_max=2026-05-13 00:16:52 UTC
[2026-05-19 00:37:48] Page processed | start=17551 | range_processed=17575 | range_created=14967 | range_updated=2608 | range_skipped_no_hibob=0 | range_errors=0
[2026-05-19 00:37:48] Sleeping 3s before next page...
[2026-05-19 00:37:51] Requesting page | start=17576 | count=25 | date_start=05-01-2026T00:00:00+0000 | date_end=05-31-2026T23:59:59+0000
[2026-05-19 00:37:55] Page received | start=17576 | records=25 | hibob_records=18 | sent_date_min=2025-11-27 08:51:26 UTC | sent_date_max=2026-05-13 00:17:01 UTC | last_updated_min=2026-05-13 00:16:59 UTC | last_updated_max=2026-05-13 00:19:30 UTC
[2026-05-19 00:37:56] Page processed | start=17576 | range_processed=17600 | range_created=14969 | range_updated=2631 | range_skipped_no_hibob=0 | range_errors=0
[2026-05-19 00:37:56] Sleeping 3s before next page...
[2026-05-19 00:37:59] Requesting page | start=17601 | count=25 | date_start=05-01-2026T00:00:00+0000 | date_end=05-31-2026T23:59:59+0000
[2026-05-19 00:38:04] Page received | start=17601 | records=25 | hibob_records=10 | sent_date_min=2025-12-24 14:55:04 UTC | sent_date_max=2026-05-13 00:22:17 UTC | last_updated_min=2026-05-13 00:19:37 UTC | last_updated_max=2026-05-13 00:22:17 UTC
[2026-05-19 00:38:04] Page processed | start=17601 | range_processed=17625 | range_created=14973 | range_updated=2652 | range_skipped_no_hibob=0 | range_errors=0
[2026-05-19 00:38:04] Sleeping 3s before next page...
[2026-05-19 00:38:07] Requesting page | start=17626 | count=25 | date_start=05-01-2026T00:00:00+0000 | date_end=05-31-2026T23:59:59+0000
[2026-05-19 00:38:13] Page received | start=17626 | records=25 | hibob_records=14 | sent_date_min=2025-11-21 14:45:31 UTC | sent_date_max=2026-01-22 10:53:26 UTC | last_updated_min=2026-05-13 00:22:18 UTC | last_updated_max=2026-05-13 00:24:56 UTC
[2026-05-19 00:38:13] Page processed | start=17626 | range_processed=17650 | range_created=14974 | range_updated=2676 | range_skipped_no_hibob=0 | range_errors=0
[2026-05-19 00:38:13] Sleeping 3s before next page...
[2026-05-19 00:38:16] Requesting page | start=17651 | count=25 | date_start=05-01-2026T00:00:00+0000 | date_end=05-31-2026T23:59:59+0000
[2026-05-19 00:38:21] Page received | start=17651 | records=25 | hibob_records=13 | sent_date_min=2025-10-08 15:53:12 UTC | sent_date_max=2026-01-26 00:28:26 UTC | last_updated_min=2026-05-13 00:25:05 UTC | last_updated_max=2026-05-13 00:27:20 UTC
[2026-05-19 00:38:21] Page processed | start=17651 | range_processed=17675 | range_created=14975 | range_updated=2700 | range_skipped_no_hibob=0 | range_errors=0
[2026-05-19 00:38:21] Sleeping 3s before next page...
[2026-05-19 00:38:24] Requesting page | start=17676 | count=25 | date_start=05-01-2026T00:00:00+0000 | date_end=05-31-2026T23:59:59+0000
[2026-05-19 00:38:29] Page received | start=17676 | records=25 | hibob_records=10 | sent_date_min=2025-11-06 17:30:25 UTC | sent_date_max=2026-01-26 14:01:30 UTC | last_updated_min=2026-05-13 00:27:23 UTC | last_updated_max=2026-05-13 00:28:26 UTC
[2026-05-19 00:38:29] Page processed | start=17676 | range_processed=17700 | range_created=14976 | range_updated=2724 | range_skipped_no_hibob=0 | range_errors=0
[2026-05-19 00:38:29] Sleeping 3s before next page...
[2026-05-19 00:38:32] Requesting page | start=17701 | count=25 | date_start=05-01-2026T00:00:00+0000 | date_end=05-31-2026T23:59:59+0000
[2026-05-19 00:38:37] Page received | start=17701 | records=25 | hibob_records=10 | sent_date_min=2025-05-22 13:28:44 UTC | sent_date_max=2026-01-21 12:55:09 UTC | last_updated_min=2026-05-13 00:28:29 UTC | last_updated_max=2026-05-13 00:29:39 UTC
[2026-05-19 00:38:37] Page processed | start=17701 | range_processed=17725 | range_created=14976 | range_updated=2749 | range_skipped_no_hibob=0 | range_errors=0
[2026-05-19 00:38:37] Sleeping 3s before next page...
[2026-05-19 00:38:40] Requesting page | start=17726 | count=25 | date_start=05-01-2026T00:00:00+0000 | date_end=05-31-2026T23:59:59+0000
[2026-05-19 00:38:44] Page received | start=17726 | records=25 | hibob_records=10 | sent_date_min=2025-08-29 22:52:19 UTC | sent_date_max=2026-01-20 11:18:30 UTC | last_updated_min=2026-05-13 00:29:42 UTC | last_updated_max=2026-05-13 00:30:50 UTC
[2026-05-19 00:38:44] Page processed | start=17726 | range_processed=17750 | range_created=14976 | range_updated=2774 | range_skipped_no_hibob=0 | range_errors=0
[2026-05-19 00:38:44] Sleeping 3s before next page...
[2026-05-19 00:38:47] Requesting page | start=17751 | count=25 | date_start=05-01-2026T00:00:00+0000 | date_end=05-31-2026T23:59:59+0000
[2026-05-19 00:38:52] Page received | start=17751 | records=25 | hibob_records=9 | sent_date_min=2025-10-24 20:52:36 UTC | sent_date_max=2026-01-27 09:29:34 UTC | last_updated_min=2026-05-13 00:30:53 UTC | last_updated_max=2026-05-13 00:32:09 UTC
[2026-05-19 00:38:52] Page processed | start=17751 | range_processed=17775 | range_created=14976 | range_updated=2799 | range_skipped_no_hibob=0 | range_errors=0
[2026-05-19 00:38:52] Sleeping 3s before next page...
[2026-05-19 00:38:55] Requesting page | start=17776 | count=25 | date_start=05-01-2026T00:00:00+0000 | date_end=05-31-2026T23:59:59+0000
[2026-05-19 00:39:00] Page received | start=17776 | records=25 | hibob_records=10 | sent_date_min=2025-07-12 16:52:33 UTC | sent_date_max=2026-02-10 09:14:36 UTC | last_updated_min=2026-05-13 00:32:12 UTC | last_updated_max=2026-05-13 00:33:30 UTC
[2026-05-19 00:39:00] Page processed | start=17776 | range_processed=17800 | range_created=14981 | range_updated=2819 | range_skipped_no_hibob=0 | range_errors=0
[2026-05-19 00:39:00] Sleeping 3s before next page...
[2026-05-19 00:39:03] Requesting page | start=17801 | count=25 | date_start=05-01-2026T00:00:00+0000 | date_end=05-31-2026T23:59:59+0000
[2026-05-19 00:39:11] Page received | start=17801 | records=25 | hibob_records=8 | sent_date_min=2025-02-03 23:09:28 UTC | sent_date_max=2026-03-08 00:51:06 UTC | last_updated_min=2026-05-13 00:33:33 UTC | last_updated_max=2026-05-13 00:34:41 UTC
[2026-05-19 00:39:11] Page processed | start=17801 | range_processed=17825 | range_created=14991 | range_updated=2834 | range_skipped_no_hibob=0 | range_errors=0
[2026-05-19 00:39:11] Sleeping 3s before next page...
[2026-05-19 00:39:14] Requesting page | start=17826 | count=25 | date_start=05-01-2026T00:00:00+0000 | date_end=05-31-2026T23:59:59+0000
[2026-05-19 00:39:19] Page received | start=17826 | records=25 | hibob_records=6 | sent_date_min=2025-04-16 14:48:30 UTC | sent_date_max=2026-01-19 12:34:43 UTC | last_updated_min=2026-05-13 00:34:44 UTC | last_updated_max=2026-05-13 00:35:53 UTC
[2026-05-19 00:39:19] Page processed | start=17826 | range_processed=17850 | range_created=14992 | range_updated=2858 | range_skipped_no_hibob=0 | range_errors=0
[2026-05-19 00:39:19] Sleeping 3s before next page...
[2026-05-19 00:39:22] Requesting page | start=17851 | count=25 | date_start=05-01-2026T00:00:00+0000 | date_end=05-31-2026T23:59:59+0000
[2026-05-19 00:39:27] Page received | start=17851 | records=25 | hibob_records=10 | sent_date_min=2025-10-24 23:22:34 UTC | sent_date_max=2026-03-02 17:28:03 UTC | last_updated_min=2026-05-13 00:35:57 UTC | last_updated_max=2026-05-13 00:37:05 UTC
[2026-05-19 00:39:27] Page processed | start=17851 | range_processed=17875 | range_created=14993 | range_updated=2882 | range_skipped_no_hibob=0 | range_errors=0
[2026-05-19 00:39:27] Sleeping 3s before next page...
[2026-05-19 00:39:30] Requesting page | start=17876 | count=25 | date_start=05-01-2026T00:00:00+0000 | date_end=05-31-2026T23:59:59+0000
[2026-05-19 00:39:39] Page received | start=17876 | records=25 | hibob_records=12 | sent_date_min=2025-06-17 01:48:20 UTC | sent_date_max=2026-01-13 16:24:34 UTC | last_updated_min=2026-05-13 00:37:08 UTC | last_updated_max=2026-05-13 00:38:15 UTC
[2026-05-19 00:39:39] Page processed | start=17876 | range_processed=17900 | range_created=14994 | range_updated=2906 | range_skipped_no_hibob=0 | range_errors=0
[2026-05-19 00:39:39] Sleeping 3s before next page...
[2026-05-19 00:39:42] Requesting page | start=17901 | count=25 | date_start=05-01-2026T00:00:00+0000 | date_end=05-31-2026T23:59:59+0000
[2026-05-19 00:39:47] Page received | start=17901 | records=25 | hibob_records=12 | sent_date_min=2025-07-25 12:07:00 UTC | sent_date_max=2026-01-16 12:48:11 UTC | last_updated_min=2026-05-13 00:38:17 UTC | last_updated_max=2026-05-13 00:39:27 UTC
[2026-05-19 00:39:47] Page processed | start=17901 | range_processed=17925 | range_created=14994 | range_updated=2931 | range_skipped_no_hibob=0 | range_errors=0
[2026-05-19 00:39:47] Sleeping 3s before next page...
[2026-05-19 00:39:50] Requesting page | start=17926 | count=25 | date_start=05-01-2026T00:00:00+0000 | date_end=05-31-2026T23:59:59+0000
[2026-05-19 00:39:55] Page received | start=17926 | records=25 | hibob_records=11 | sent_date_min=2025-11-22 13:22:24 UTC | sent_date_max=2026-01-26 12:56:28 UTC | last_updated_min=2026-05-13 00:39:30 UTC | last_updated_max=2026-05-13 00:40:41 UTC
[2026-05-19 00:39:55] Page processed | start=17926 | range_processed=17950 | range_created=14995 | range_updated=2955 | range_skipped_no_hibob=0 | range_errors=0
[2026-05-19 00:39:55] Sleeping 3s before next page...
[2026-05-19 00:39:58] Requesting page | start=17951 | count=25 | date_start=05-01-2026T00:00:00+0000 | date_end=05-31-2026T23:59:59+0000
[2026-05-19 00:40:03] Page received | start=17951 | records=25 | hibob_records=9 | sent_date_min=2025-07-23 15:19:10 UTC | sent_date_max=2026-05-13 00:40:48 UTC | last_updated_min=2026-05-13 00:40:44 UTC | last_updated_max=2026-05-13 00:41:49 UTC
[2026-05-19 00:40:03] Page processed | start=17951 | range_processed=17975 | range_created=14997 | range_updated=2978 | range_skipped_no_hibob=0 | range_errors=0
[2026-05-19 00:40:03] Sleeping 3s before next page...
[2026-05-19 00:40:06] Requesting page | start=17976 | count=25 | date_start=05-01-2026T00:00:00+0000 | date_end=05-31-2026T23:59:59+0000
[2026-05-19 00:40:10] Page received | start=17976 | records=25 | hibob_records=11 | sent_date_min=2025-10-27 23:10:30 UTC | sent_date_max=2026-05-13 00:42:34 UTC | last_updated_min=2026-05-13 00:41:51 UTC | last_updated_max=2026-05-13 00:43:00 UTC
[2026-05-19 00:40:10] Page processed | start=17976 | range_processed=18000 | range_created=14999 | range_updated=3001 | range_skipped_no_hibob=0 | range_errors=0
[2026-05-19 00:40:10] Sleeping 3s before next page...
[2026-05-19 00:40:13] Requesting page | start=18001 | count=25 | date_start=05-01-2026T00:00:00+0000 | date_end=05-31-2026T23:59:59+0000
[2026-05-19 00:40:17] Page received | start=18001 | records=25 | hibob_records=7 | sent_date_min=2025-04-24 10:16:21 UTC | sent_date_max=2026-03-23 12:53:31 UTC | last_updated_min=2026-05-13 00:43:02 UTC | last_updated_max=2026-05-13 00:44:12 UTC
[2026-05-19 00:40:17] Page processed | start=18001 | range_processed=18025 | range_created=15000 | range_updated=3025 | range_skipped_no_hibob=0 | range_errors=0
[2026-05-19 00:40:17] Sleeping 3s before next page...
[2026-05-19 00:40:20] Requesting page | start=18026 | count=25 | date_start=05-01-2026T00:00:00+0000 | date_end=05-31-2026T23:59:59+0000
[2026-05-19 00:40:25] Page received | start=18026 | records=25 | hibob_records=11 | sent_date_min=2025-03-04 11:44:41 UTC | sent_date_max=2026-01-13 09:54:43 UTC | last_updated_min=2026-05-13 00:44:15 UTC | last_updated_max=2026-05-13 00:45:24 UTC
[2026-05-19 00:40:25] Page processed | start=18026 | range_processed=18050 | range_created=15000 | range_updated=3050 | range_skipped_no_hibob=0 | range_errors=0
[2026-05-19 00:40:25] Sleeping 3s before next page...
[2026-05-19 00:40:28] Requesting page | start=18051 | count=25 | date_start=05-01-2026T00:00:00+0000 | date_end=05-31-2026T23:59:59+0000
[2026-05-19 00:40:33] Page received | start=18051 | records=25 | hibob_records=14 | sent_date_min=2025-08-06 19:52:21 UTC | sent_date_max=2026-01-08 14:45:13 UTC | last_updated_min=2026-05-13 00:45:27 UTC | last_updated_max=2026-05-13 00:46:34 UTC
[2026-05-19 00:40:33] Page processed | start=18051 | range_processed=18075 | range_created=15002 | range_updated=3073 | range_skipped_no_hibob=0 | range_errors=0
[2026-05-19 00:40:33] Sleeping 3s before next page...
[2026-05-19 00:40:36] Requesting page | start=18076 | count=25 | date_start=05-01-2026T00:00:00+0000 | date_end=05-31-2026T23:59:59+0000
[2026-05-19 00:40:41] Page received | start=18076 | records=25 | hibob_records=3 | sent_date_min=2025-06-24 08:37:45 UTC | sent_date_max=2026-01-08 14:41:35 UTC | last_updated_min=2026-05-13 00:46:36 UTC | last_updated_max=2026-05-13 00:47:49 UTC
[2026-05-19 00:40:41] Page processed | start=18076 | range_processed=18100 | range_created=15003 | range_updated=3097 | range_skipped_no_hibob=0 | range_errors=0
[2026-05-19 00:40:41] Sleeping 3s before next page...
[2026-05-19 00:40:44] Requesting page | start=18101 | count=25 | date_start=05-01-2026T00:00:00+0000 | date_end=05-31-2026T23:59:59+0000
[2026-05-19 00:40:49] Page received | start=18101 | records=25 | hibob_records=12 | sent_date_min=2025-07-13 09:07:57 UTC | sent_date_max=2026-01-06 19:58:37 UTC | last_updated_min=2026-05-13 00:47:52 UTC | last_updated_max=2026-05-13 00:49:01 UTC
[2026-05-19 00:40:49] Page processed | start=18101 | range_processed=18125 | range_created=15004 | range_updated=3121 | range_skipped_no_hibob=0 | range_errors=0
[2026-05-19 00:40:49] Sleeping 3s before next page...
[2026-05-19 00:40:52] Requesting page | start=18126 | count=25 | date_start=05-01-2026T00:00:00+0000 | date_end=05-31-2026T23:59:59+0000
[2026-05-19 00:40:57] Page received | start=18126 | records=25 | hibob_records=10 | sent_date_min=2025-10-27 09:33:46 UTC | sent_date_max=2026-01-12 09:46:05 UTC | last_updated_min=2026-05-13 00:49:04 UTC | last_updated_max=2026-05-13 00:50:10 UTC
[2026-05-19 00:40:57] Page processed | start=18126 | range_processed=18150 | range_created=15004 | range_updated=3146 | range_skipped_no_hibob=0 | range_errors=0
[2026-05-19 00:40:57] Sleeping 3s before next page...
[2026-05-19 00:41:00] Requesting page | start=18151 | count=25 | date_start=05-01-2026T00:00:00+0000 | date_end=05-31-2026T23:59:59+0000
[2026-05-19 00:41:04] Page received | start=18151 | records=25 | hibob_records=16 | sent_date_min=2025-10-28 21:14:36 UTC | sent_date_max=2026-01-13 09:12:34 UTC | last_updated_min=2026-05-13 00:50:13 UTC | last_updated_max=2026-05-13 00:51:26 UTC
[2026-05-19 00:41:05] Page processed | start=18151 | range_processed=18175 | range_created=15004 | range_updated=3171 | range_skipped_no_hibob=0 | range_errors=0
[2026-05-19 00:41:05] Sleeping 3s before next page...
[2026-05-19 00:41:08] Requesting page | start=18176 | count=25 | date_start=05-01-2026T00:00:00+0000 | date_end=05-31-2026T23:59:59+0000
[2026-05-19 00:41:12] Page received | start=18176 | records=25 | hibob_records=14 | sent_date_min=2025-10-26 18:31:09 UTC | sent_date_max=2026-05-13 00:52:22 UTC | last_updated_min=2026-05-13 00:51:29 UTC | last_updated_max=2026-05-13 00:52:28 UTC
[2026-05-19 00:41:12] Page processed | start=18176 | range_processed=18200 | range_created=15007 | range_updated=3193 | range_skipped_no_hibob=0 | range_errors=0
[2026-05-19 00:41:12] Sleeping 3s before next page...
[2026-05-19 00:41:15] Requesting page | start=18201 | count=25 | date_start=05-01-2026T00:00:00+0000 | date_end=05-31-2026T23:59:59+0000
[2026-05-19 00:41:19] Page received | start=18201 | records=25 | hibob_records=15 | sent_date_min=2025-04-10 10:45:15 UTC | sent_date_max=2026-01-15 06:37:23 UTC | last_updated_min=2026-05-13 00:52:31 UTC | last_updated_max=2026-05-13 00:53:35 UTC
[2026-05-19 00:41:20] Page processed | start=18201 | range_processed=18225 | range_created=15011 | range_updated=3214 | range_skipped_no_hibob=0 | range_errors=0
[2026-05-19 00:41:20] Sleeping 3s before next page...
[2026-05-19 00:41:23] Requesting page | start=18226 | count=25 | date_start=05-01-2026T00:00:00+0000 | date_end=05-31-2026T23:59:59+0000
[2026-05-19 00:41:27] Page received | start=18226 | records=25 | hibob_records=7 | sent_date_min=2025-05-22 07:57:12 UTC | sent_date_max=2026-01-01 10:29:35 UTC | last_updated_min=2026-05-13 00:53:38 UTC | last_updated_max=2026-05-13 00:54:50 UTC
[2026-05-19 00:41:27] Page processed | start=18226 | range_processed=18250 | range_created=15013 | range_updated=3237 | range_skipped_no_hibob=0 | range_errors=0
[2026-05-19 00:41:27] Sleeping 3s before next page...
[2026-05-19 00:41:30] Requesting page | start=18251 | count=25 | date_start=05-01-2026T00:00:00+0000 | date_end=05-31-2026T23:59:59+0000
[2026-05-19 00:41:35] Page received | start=18251 | records=25 | hibob_records=13 | sent_date_min=2025-03-03 12:37:37 UTC | sent_date_max=2025-12-15 02:35:10 UTC | last_updated_min=2026-05-13 00:54:53 UTC | last_updated_max=2026-05-13 00:56:06 UTC
[2026-05-19 00:41:35] Page processed | start=18251 | range_processed=18275 | range_created=15013 | range_updated=3262 | range_skipped_no_hibob=0 | range_errors=0
[2026-05-19 00:41:35] Sleeping 3s before next page...
[2026-05-19 00:41:38] Requesting page | start=18276 | count=25 | date_start=05-01-2026T00:00:00+0000 | date_end=05-31-2026T23:59:59+0000
[2026-05-19 00:41:43] Page received | start=18276 | records=25 | hibob_records=7 | sent_date_min=2025-06-26 08:56:52 UTC | sent_date_max=2025-12-18 09:38:52 UTC | last_updated_min=2026-05-13 00:56:09 UTC | last_updated_max=2026-05-13 00:57:20 UTC
[2026-05-19 00:41:43] Page processed | start=18276 | range_processed=18300 | range_created=15014 | range_updated=3286 | range_skipped_no_hibob=0 | range_errors=0
[2026-05-19 00:41:43] Sleeping 3s before next page...
[2026-05-19 00:41:46] Requesting page | start=18301 | count=25 | date_start=05-01-2026T00:00:00+0000 | date_end=05-31-2026T23:59:59+0000
[2026-05-19 00:41:51] Page received | start=18301 | records=25 | hibob_records=10 | sent_date_min=2025-05-29 20:29:20 UTC | sent_date_max=2025-12-16 15:42:57 UTC | last_updated_min=2026-05-13 00:57:23 UTC | last_updated_max=2026-05-13 00:58:34 UTC
[2026-05-19 00:41:51] Page processed | start=18301 | range_processed=18325 | range_created=15015 | range_updated=3310 | range_skipped_no_hibob=0 | range_errors=0
[2026-05-19 00:41:51] Sleeping 3s before next page...
[2026-05-19 00:41:54] Requesting page | start=18326 | count=25 | date_start=05-01-2026T00:00:00+0000 | date_end=05-31-2026T23:59:59+0000
[2026-05-19 00:41:59] Page received | start=18326 | records=25 | hibob_records=6 | sent_date_min=2025-06-15 13:58:40 UTC | sent_date_max=2026-01-02 23:22:21 UTC | last_updated_min=2026-05-13 00:58:37 UTC | last_updated_max=2026-05-13 00:59:45 UTC
[2026-05-19 00:41:59] Page processed | start=18326 | range_processed=18350 | range_created=15015 | range_updated=3335 | range_skipped_no_hibob=0 | range_errors=0
[2026-05-19 00:41:59] Sleeping 3s before next page...
[2026-05-19 00:42:02] Requesting page | start=18351 | count=25 | date_start=05-01-2026T00:00:00+0000 | date_end=05-31-2026T23:59:59+0000
[2026-05-19 00:42:07] Page received | start=18351 | records=25 | hibob_records=10 | sent_date_min=2025-02-04 23:47:11 UTC | sent_date_max=2025-12-13 05:11:07 UTC | last_updated_min=2026-05-13 00:59:48 UTC | last_updated_max=2026-05-13 01:00:54 UTC
[2026-05-19 00:42:07] Page processed | start=18351 | range_processed=18375 | range_created=15015 | range_updated=3360 | range_skipped_no_hibob=0 | range_errors=0
[2026-05-19 00:42:07] Sleeping 3s before next page...
[2026-05-19 00:42:10] Requesting page | start=18376 | count=25 | date_start=05-01-2026T00:00:00+0000 | date_end=05-31-2026T23:59:59+0000
[2026-05-19 00:42:15] Page received | start=18376 | records=25 | hibob_records=8 | sent_date_min=2025-01-21 20:37:52 UTC | sent_date_max=2026-04-23 20:05:17 UTC | last_updated_min=2026-05-13 01:00:57 UTC | last_updated_max=2026-05-13 01:02:04 UTC
[2026-05-19 00:42:15] Page processed | start=18376 | range_processed=18400 | range_created=15017 | range_updated=3383 | range_skipped_no_hibob=0 | range_errors=0
[2026-05-19 00:42:15] Sleeping 3s before next page...
[2026-05-19 00:42:18] Requesting page | start=18401 | count=25 | date_start=05-01-2026T00:00:00+0000 | date_end=05-31-2026T23:59:59+0000
[2026-05-19 00:42:22] Page received | start=18401 | records=25 | hibob_records=9 | sent_date_min=2025-06-05 07:19:29 UTC | sent_date_max=2025-12-22 12:08:44 UTC | last_updated_min=2026-05-13 01:02:08 UTC | last_updated_max=2026-05-13 01:03:27 UTC
[2026-05-19 00:42:23] Page processed | start=18401 | range_processed=18425 | range_created=15017 | range_updated=3408 | range_skipped_no_hibob=0 | range_errors=0
[2026-05-19 00:42:23] Sleeping 3s before next page...
[2026-05-19 00:42:26] Requesting page | start=18426 | count=25 | date_start=05-01-2026T00:00:00+0000 | date_end=05-31-2026T23:59:59+0000
[2026-05-19 00:42:30] Page received | start=18426 | records=25 | hibob_records=9 | sent_date_min=2025-10-27 13:42:45 UTC | sent_date_max=2025-12-20 19:12:46 UTC | last_updated_min=2026-05-13 01:03:30 UTC | last_updated_max=2026-05-13 01:04:40 UTC
[2026-05-19 00:42:30] Page processed | start=18426 | range_processed=18450 | range_created=15018 | range_updated=3432 | range_skipped_no_hibob=0 | range_errors=0
[2026-05-19 00:42:30] Sleeping 3s before next page...
[2026-05-19 00:42:33] Requesting page | start=18451 | count=25 | date_start=05-01-2026T00:00:00+0000 | date_end=05-31-2026T23:59:59+0000
[2026-05-19 00:42:38] Page received | start=18451 | records=25 | hibob_records=16 | sent_date_min=2025-06-09 02:13:37 UTC | sent_date_max=2025-12-25 09:07:17 UTC | last_updated_min=2026-05-13 01:04:43 UTC | last_updated_max=2026-05-13 01:05:57 UTC
[2026-05-19 00:42:38] Page processed | start=18451 | range_processed=18475 | range_created=15018 | range_updated=3457 | range_skipped_no_hibob=0 | range_errors=0
[2026-05-19 00:42:38] Sleeping 3s before next page...
[2026-05-19 00:42:41] Requesting page | start=18476 | count=25 | date_start=05-01-2026T00:00:00+0000 | date_end=05-31-2026T23:59:59+0000
[2026-05-19 00:42:45] Page received | start=18476 | records=25 | hibob_records=12 | sent_date_min=2025-04-04 12:31:34 UTC | sent_date_max=2026-01-10 12:58:12 UTC | last_updated_min=2026-05-13 01:05:59 UTC | last_updated_max=2026-05-13 01:07:20 UTC
[2026-05-19 00:42:45] Page processed | start=18476 | range_processed=18500 | range_created=15026 | range_updated=3474 | range_skipped_no_hibob=0 | range_errors=0
[2026-05-19 00:42:45] Sleeping 3s before next page...
[2026-05-19 00:42:48] Requesting page | start=18501 | count=25 | date_start=05-01-2026T00:00:00+0000 | date_end=05-31-2026T23:59:59+0000
[2026-05-19 00:42:54] Page received | start=18501 | records=25 | hibob_records=1 | sent_date_min=2024-12-15 19:52:43 UTC | sent_date_max=2026-05-13 01:08:11 UTC | last_updated_min=2026-05-13 01:07:22 UTC | last_updated_max=2026-05-13 01:08:40 UTC
[2026-05-19 00:42:54] Page processed | start=18501 | range_processed=18525 | range_created=15045 | range_updated=3480 | range_skipped_no_hibob=0 | range_errors=0
[2026-05-19 00:42:54] Sleeping 3s before next page...
[2026-05-19 00:42:57] Requesting page | start=18526 | count=25 | date_start=05-01-2026T00:00:00+0000 | date_end=05-31-2026T23:59:59+0000
[2026-05-19 00:43:02] Page received | start=18526 | records=25 | hibob_records=1 | sent_date_min=2025-02-03 06:22:18 UTC | sent_date_max=2025-12-17 17:16:30 UTC | last_updated_min=2026-05-13 01:08:46 UTC | last_updated_max=2026-05-13 01:09:57 UTC
[2026-05-19 00:43:02] Page processed | start=18526 | range_processed=18550 | range_created=15055 | range_updated=3495 | range_skipped_no_hibob=0 | range_errors=0
[2026-05-19 00:43:02] Sleeping 3s before next page...
[2026-05-19 00:43:05] Requesting page | start=18551 | count=25 | date_start=05-01-2026T00:00:00+0000 | date_end=05-31-2026T23:59:59+0000
[2026-05-19 00:43:11] Page received | start=18551 | records=25 | hibob_records=5 | sent_date_min=2025-06-18 02:55:06 UTC | sent_date_max=2026-02-23 21:59:32 UTC | last_updated_min=2026-05-13 01:10:00 UTC | last_updated_max=2026-05-13 01:11:16 UTC
[2026-05-19 00:43:11] Page processed | start=18551 | range_processed=18575 | range_created=15075 | range_updated=3500 | range_skipped_no_hibob=0 | range_errors=0
[2026-05-19 00:43:11] Sleeping 3s before next page...
[2026-05-19 00:43:14] Requesting page | start=18576 | count=25 | date_start=05-01-2026T00:00:00+0000 | date_end=05-31-2026T23:59:59+0000
[2026-05-19 00:43:22] Page received | start=18576 | records=25 | hibob_records=1 | sent_date_min=2025-05-15 05:52:33 UTC | sent_date_max=2025-12-15 16:11:57 UTC | last_updated_min=2026-05-13 01:11:19 UTC | last_updated_max=2026-05-13 01:12:28 UTC
[2026-05-19 00:43:22] Page processed | start=18576 | range_processed=18600 | range_created=15098 | range_updated=3502 | range_skipped_no_hibob=0 | range_errors=0
[2026-05-19 00:43:22] Sleeping 3s before next page...
[2026-05-19 00:43:25] Requesting page | start=18601 | count=25 | date_start=05-01-2026T00:00:00+0000 | date_end=05-31-2026T23:59:59+0000
[2026-05-19 00:43:31] Page received | start=18601 | records=25 | hibob_records=2 | sent_date_min=2025-03-05 19:54:47 UTC | sent_date_max=2026-02-02 07:14:50 UTC | last_updated_min=2026-05-13 01:12:31 UTC | last_updated_max=2026-05-13 01:13:51 UTC
[2026-05-19 00:43:31] Page processed | start=18601 | range_processed=18625 | range_created=15118 | range_updated=3507 | range_skipped_no_hibob=0 | range_errors=0
[2026-05-19 00:43:31] Sleeping 3s before next page...
[2026-05-19 00:43:34] Requesting page | start=18626 | count=25 | date_start=05-01-2026T00:00:00+0000 | date_end=05-31-2026T23:59:59+0000
[2026-05-19 00:43:39] Page received | start=18626 | records=25 | hibob_records=5 | sent_date_min=2025-03-28 16:17:08 UTC | sent_date_max=2025-12-10 18:22:56 UTC | last_updated_min=2026-05-13 01:13:53 UTC | last_updated_max=2026-05-13 01:15:00 UTC
[2026-05-19 00:43:39] Page processed | start=18626 | range_processed=18650 | range_created=15139 | range_updated=3511 | range_skipped_no_hibob=0 | range_errors=0
[2026-05-19 00:43:39] Sleeping 3s before next page...
[2026-05-19 00:43:42] Requesting page | start=18651 | count=25 | date_start=05-01-2026T00:00:00+0000 | date_end=05-31-2026T23:59:59+0000
[2026-05-19 00:43:47] Page received | start=18651 | records=25 | hibob_records=3 | sent_date_min=2025-04-14 10:54:09 UTC | sent_date_max=2025-11-28 03:52:08 UTC | last_updated_min=2026-05-13 01:15:03 UTC | last_updated_max=2026-05-13 01:16:08 UTC
[2026-05-19 00:43:47] Page processed | start=18651 | range_processed=18675 | range_created=15162 | range_updated=3513 | range_skipped_no_hibob=0 | range_errors=0
[2026-05-19 00:43:47] Sleeping 3s before next page...
[2026-05-19 00:43:50] Requesting page | start=18676 | count=25 | date_start=05-01-2026T00:00:00+0000 | date_end=05-31-2026T23:59:59+0000
[2026-05-19 00:43:55] Page received | start=18676 | records=25 | hibob_records=5 | sent_date_min=2025-06-02 18:26:28 UTC | sent_date_max=2025-12-02 22:23:56 UTC | last_updated_min=2026-05-13 01:16:10 UTC | last_updated_max=2026-05-13 01:17:15 UTC
[2026-05-19 00:43:55] Page processed | start=18676 | range_processed=18700 | range_created=15180 | range_updated=3520 | range_skipped_no_hibob=0 | range_errors=0
[2026-05-19 00:43:55] Sleeping 3s before next page...
[2026-05-19 00:43:58] Requesting page | start=18701 | count=25 | date_start=05-01-2026T00:00:00+0000 | date_end=05-31-2026T23:59:59+0000
[2026-05-19 00:44:03] Page received | start=18701 | records=25 | hibob_records=7 | sent_date_min=2025-05-22 15:55:07 UTC | sent_date_max=2026-05-13 04:07:03 UTC | last_updated_min=2026-05-13 01:17:18 UTC | last_updated_max=2026-05-13 04:07:03 UTC
[2026-05-19 00:44:03] Page processed | start=18701 | range_processed=18725 | range_created=15201 | range_updated=3524 | range_skipped_no_hibob=0 | range_errors=0
[2026-05-19 00:44:03] Sleeping 3s before next page...
[2026-05-19 00:44:06] Requesting page | start=18726 | count=25 | date_start=05-01-2026T00:00:00+0000 | date_end=05-31-2026T23:59:59+0000
[2026-05-19 00:44:11] Page received | start=18726 | records=25 | hibob_records=4 | sent_date_min=2025-06-04 13:21:35 UTC | sent_date_max=2026-05-13 05:45:07 UTC | last_updated_min=2026-05-13 04:07:13 UTC | last_updated_max=2026-05-13 05:46:30 UTC
[2026-05-19 00:44:11] Page processed | start=18726 | range_processed=18750 | range_created=15222 | range_updated=3528 | range_skipped_no_hibob=0 | range_errors=0
[2026-05-19 00:44:11] Sleeping 3s before next page...
[2026-05-19 00:44:14] Requesting page | start=18751 | count=25 | date_start=05-01-2026T00:00:00+0000 | date_end=05-31-2026T23:59:59+0000
[2026-05-19 00:44:19] Page received | start=18751 | records=25 | hibob_records=5 | sent_date_min=2025-12-03 22:06:35 UTC | sent_date_max=2026-05-13 06:37:24 UTC | last_updated_min=2026-05-13 05:46:33 UTC | last_updated_max=2026-05-13 06:37:24 UTC
[2026-05-19 00:44:19] Page processed | start=18751 | range_processed=18775 | range_created=15247 | range_updated=3528 | range_skipped_no_hibob=0 | range_errors=0
[2026-05-19 00:44:19] Sleeping 3s before next page...
[2026-05-19 00:44:22] Requesting page | start=18776 | count=25 | date_start=05-01-2026T00:00:00+0000 | date_end=05-31-2026T23:59:59+0000
[2026-05-19 00:44:26] Page received | start=18776 | records=25 | hibob_records=1 | sent_date_min=2025-12-23 08:14:25 UTC | sent_date_max=2026-05-13 06:53:19 UTC | last_updated_min=2026-05-13 06:37:34 UTC | last_updated_max=2026-05-13 07:05:01 UTC
[2026-05-19 00:44:27] Page processed | start=18776 | range_processed=18800 | range_created=15269 | range_updated=3531 | range_skipped_no_hibob=0 | range_errors=0
[2026-05-19 00:44:27] Sleeping 3s before next page...
[2026-05-19 00:44:30] Requesting page | start=18801 | count=25 | date_start=05-01-2026T00:00:00+0000 | date_end=05-31-2026T23:59:59+0000
[2026-05-19 00:44:34] Page received | start=18801 | records=25 | hibob_records=7 | sent_date_min=2025-11-25 03:44:33 UTC | sent_date_max=2026-05-13 07:22:25 UTC | last_updated_min=2026-05-13 07:05:05 UTC | last_updated_max=2026-05-13 07:22:25 UTC
[2026-05-19 00:44:34] Page processed | start=18801 | range_processed=18825 | range_created=15292 | range_updated=3533 | range_skipped_no_hibob=0 | range_errors=0
[2026-05-19 00:44:34] Sleeping 3s before next page...
[2026-05-19 00:44:37] Requesting page | start=18826 | count=25 | date_start=05-01-2026T00:00:00+0000 | date_end=05-31-2026T23:59:59+0000
[2026-05-19 00:44:42] Page received | start=18826 | records=25 | hibob_records=6 | sent_date_min=2026-01-14 08:02:23 UTC | sent_date_max=2026-05-13 07:37:06 UTC | last_updated_min=2026-05-13 07:22:30 UTC | last_updated_max=2026-05-13 07:38:27 UTC
[2026-05-19 00:44:42] Page processed | start=18826 | range_processed=18850 | range_created=15316 | range_updated=3534 | range_skipped_no_hibob=0 | range_errors=0
[2026-05-19 00:44:42] Sleeping 3s before next page...
[2026-05-19 00:44:45] Requesting page | start=18851 | count=25 | date_start=05-01-2026T00:00:00+0000 | date_end=05-31-2026T23:59:59+0000
[2026-05-19 00:44:50] Page received | start=18851 | records=25 | hibob_records=6 | sent_date_min=2025-08-04 13:23:06 UTC | sent_date_max=2026-05-13 07:54:55 UTC | last_updated_min=2026-05-13 07:39:07 UTC | last_updated_max=2026-05-13 07:57:31 UTC
[2026-05-19 00:44:50] Page processed | start=18851 | range_processed=18875 | range_created=15340 | range_updated=3535 | range_skipped_no_hibob=0 | range_errors=0
[2026-05-19 00:44:50] Sleeping 3s before next page...
[2026-05-19 00:44:53] Requesting page | start=18876 | count=25 | date_start=05-01-2026T00:00:00+0000 | date_end=05-31-2026T23:59:59+0000
[2026-05-19 00:44:58] Page received | start=18876 | records=25 | hibob_records=4 | sent_date_min=2025-03-20 08:55:53 UTC | sent_date_max=2026-05-13 08:07:36 UTC | last_updated_min=2026-05-13 07:57:52 UTC | last_updated_max=2026-05-13 08:12:06 UTC
[2026-05-19 00:44:58] Page processed | start=18876 | range_processed=18900 | range_created=15361 | range_updated=3539 | range_skipped_no_hibob=0 | range_errors=0
[2026-05-19 00:44:58] Sleeping 3s before next page...
[2026-05-19 00:45:01] Requesting page | start=18901 | count=25 | date_start=05-01-2026T00:00:00+0000 | date_end=05-31-2026T23:59:59+0000
[2026-05-19 00:45:06] Page received | start=18901 | records=25 | hibob_records=8 | sent_date_min=2025-08-05 09:23:10 UTC | sent_date_max=2026-05-13 08:17:35 UTC | last_updated_min=2026-05-13 08:12:06 UTC | last_updated_max=2026-05-13 08:27:42 UTC
[2026-05-19 00:45:07] Page processed | start=18901 | range_processed=18925 | range_created=15384 | range_updated=3541 | range_skipped_no_hibob=0 | range_errors=0
[2026-05-19 00:45:07] Sleeping 3s before next page...
[2026-05-19 00:45:10] Requesting page | start=18926 | count=25 | date_start=05-01-2026T00:00:00+0000 | date_end=05-31-2026T23:59:59+0000
[2026-05-19 00:45:15] Page received | start=18926 | records=25 | hibob_records=4 | sent_date_min=2025-05-13 11:13:37 UTC | sent_date_max=2026-05-13 08:37:28 UTC | last_updated_min=2026-05-13 08:29:30 UTC | last_updated_max=2026-05-13 08:45:20 UTC
[2026-05-19 00:45:15] Page processed | start=18926 | range_processed=18950 | range_created=15407 | range_updated=3543 | range_skipped_no_hibob=0 | range_errors=0
[2026-05-19 00:45:15] Sleeping 3s before next page...
[2026-05-19 00:45:18] Requesting page | start=18951 | count=25 | date_start=05-01-2026T00:00:00+0000 | date_end=05-31-2026T23:59:59+0000
[2026-05-19 00:45:23] Page received | start=18951 | records=25 | hibob_records=5 | sent_date_min=2025-05-29 10:10:13 UTC | sent_date_max=2026-05-13 08:54:28 UTC | last_updated_min=2026-05-13 08:45:42 UTC | last_updated_max=2026-05-13 08:54:28 UTC
[2026-05-19 00:45:23] Page processed | start=18951 | range_processed=18975 | range_created=15431 | range_updated=3544 | range_skipped_no_hibob=0 | range_errors=0
[2026-05-19 00:45:23] Sleeping 3s before next page...
[2026-05-19 00:45:26] Requesting page | start=18976 | count=25 | date_start=05-01-2026T00:00:00+0000 | date_end=05-31-2026T23:59:59+0000
[2026-05-19 00:45:32] Page received | start=18976 | records=25 | hibob_records=3 | sent_date_min=2025-11-10 10:40:57 UTC | sent_date_max=2026-05-13 09:00:32 UTC | last_updated_min=2026-05-13 08:54:30 UTC | last_updated_max=2026-05-13 09:02:42 UTC
[2026-05-19 00:45:32] Page processed | start=18976 | range_processed=19000 | range_created=15455 | range_updated=3545 | range_skipped_no_hibob=0 | range_errors=0
[2026-05-19 00:45:32] Sleeping 3s before next page...
[2026-05-19 00:45:35] Requesting page | start=19001 | count=25 | date_start=05-01-2026T00:00:00+0000 | date_end=05-31-2026T23:59:59+0000
[2026-05-19 00:45:40] Page received | start=19001 | records=25 | hibob_records=3 | sent_date_min=2026-02-28 14:48:05 UTC | sent_date_max=2026-05-13 09:07:23 UTC | last_updated_min=2026-05-13 09:04:25 UTC | last_updated_max=2026-05-13 09:11:28 UTC
[2026-05-19 00:45:40] Page processed | start=19001 | range_processed=19025 | range_created=15479 | range_updated=3546 | range_skipped_no_hibob=0 | range_errors=0
[2026-05-19 00:45:40] Sleeping 3s before next page...
[2026-05-19 00:45:43] Requesting page | start=19026 | count=25 | date_start=05-01-2026T00:00:00+0000 | date_end=05-31-2026T23:59:59+0000
[2026-05-19 00:45:47] Page received | start=19026 | records=25 | hibob_records=1 | sent_date_min=2026-03-25 15:37:58 UTC | sent_date_max=2026-05-13 01:22:33 UTC | last_updated_min=2026-05-13 09:11:44 UTC | last_updated_max=2026-05-13 09:19:38 UTC
[2026-05-19 00:45:48] Page processed | start=19026 | range_processed=19050 | range_created=15501 | range_updated=3549 | range_skipped_no_hibob=0 | range_errors=0
[2026-05-19 00:45:48] Sleeping 3s before next page...
[2026-05-19 00:45:51] Requesting page | start=19051 | count=25 | date_start=05-01-2026T00:00:00+0000 | date_end=05-31-2026T23:59:59+0000
[2026-05-19 00:45:55] Page received | start=19051 | records=25 | hibob_records=6 | sent_date_min=2026-02-03 10:39:20 UTC | sent_date_max=2026-05-13 09:22:59 UTC | last_updated_min=2026-05-13 09:20:00 UTC | last_updated_max=2026-05-13 09:23:52 UTC
[2026-05-19 00:45:55] Page processed | start=19051 | range_processed=19075 | range_created=15525 | range_updated=3550 | range_skipped_no_hibob=0 | range_errors=0
[2026-05-19 00:45:55] Sleeping 3s before next page...
[2026-05-19 00:45:58] Requesting page | start=19076 | count=25 | date_start=05-01-2026T00:00:00+0000 | date_end=05-31-2026T23:59:59+0000
[2026-05-19 00:46:02] Page received | start=19076 | records=25 | hibob_records=1 | sent_date_min=2025-06-24 19:39:02 UTC | sent_date_max=2026-05-13 09:26:32 UTC | last_updated_min=2026-05-13 09:24:29 UTC | last_updated_max=2026-05-13 09:27:34 UTC
[2026-05-19 00:46:02] Page processed | start=19076 | range_processed=19100 | range_created=15549 | range_updated=3551 | range_skipped_no_hibob=0 | range_errors=0
[2026-05-19 00:46:02] Sleeping 3s before next page...
[2026-05-19 00:46:05] Requesting page | start=19101 | count=25 | date_start=05-01-2026T00:00:00+0000 | date_end=05-31-2026T23:59:59+0000
[2026-05-19 00:46:10] Page received | start=19101 | records=25 | hibob_records=5 | sent_date_min=2025-04-12 18:45:48 UTC | sent_date_max=2026-05-12 18:07:54 UTC | last_updated_min=2026-05-13 09:27:58 UTC | last_updated_max=2026-05-13 09:35:30 UTC
[2026-05-19 00:46:10] Page processed | start=19101 | range_processed=19125 | range_created=15573 | range_updated=3552 | range_skipped_no_hibob=0 | range_errors=0
[2026-05-19 00:46:10] Sleeping 3s before next page...
[2026-05-19 00:46:13] Requesting page | start=19126 | count=25 | date_start=05-01-2026T00:00:00+0000 | date_end=05-31-2026T23:59:59+0000
[2026-05-19 00:46:17] Page received | start=19126 | records=25 | hibob_records=4 | sent_date_min=2025-09-03 08:55:51 UTC | sent_date_max=2026-05-13 09:44:44 UTC | last_updated_min=2026-05-13 09:35:36 UTC | last_updated_max=2026-05-13 09:51:12 UTC
[2026-05-19 00:46:17] Page processed | start=19126 | range_processed=19150 | range_created=15597 | range_updated=3553 | range_skipped_no_hibob=0 | range_errors=0
[2026-05-19 00:46:17] Sleeping 3s before next page...
[2026-05-19 00:46:20] Requesting page | start=19151 | count=25 | date_start=05-01-2026T00:00:00+0000 | date_end=05-31-2026T23:59:59+0000
[2026-05-19 00:46:25] Page received | start=19151 | records=25 | hibob_records=2 | sent_date_min=2025-06-05 13:17:46 UTC | sent_date_max=2026-05-13 10:03:55 UTC | last_updated_min=2026-05-13 09:51:27 UTC | last_updated_max=2026-05-13 10:03:55 UTC
[2026-05-19 00:46:25] Page processed | start=19151 | range_processed=19175 | range_created=15622 | range_updated=3553 | range_skipped_no_hibob=0 | range_errors=0
[2026-05-19 00:46:25] Sleeping 3s before next page...
[2026-05-19 00:46:28] Requesting page | start=19176 | count=25 | date_start=05-01-2026T00:00:00+0000 | date_end=05-31-2026T23:59:59+0000
[2026-05-19 00:46:33] Page received | start=19176 | records=25 | hibob_records=5 | sent_date_min=2026-03-27 15:50:10 UTC | sent_date_max=2026-05-13 10:11:07 UTC | last_updated_min=2026-05-13 10:04:57 UTC | last_updated_max=2026-05-13 10:13:57 UTC
[2026-05-19 00:46:33] Page processed | start=19176 | range_processed=19200 | range_created=15644 | range_updated=3556 | range_skipped_no_hibob=0 | range_errors=0
[2026-05-19 00:46:33] Sleeping 3s before next page...
[2026-05-19 00:46:36] Requesting page | start=19201 | count=25 | date_start=05-01-2026T00:00:00+0000 | date_end=05-31-2026T23:59:59+0000
[2026-05-19 00:46:40] Page received | start=19201 | records=25 | hibob_records=2 | sent_date_min=2025-10-20 13:27:42 UTC | sent_date_max=2026-05-13 10:33:05 UTC | last_updated_min=2026-05-13 10:14:35 UTC | last_updated_max=2026-05-13 10:35:21 UTC
[2026-05-19 00:46:41] Page processed | start=19201 | range_processed=19225 | range_created=15666 | range_updated=3559 | range_skipped_no_hibob=0 | range_errors=0
[2026-05-19 00:46:41] Sleeping 3s before next page...
[2026-05-19 00:46:44] Requesting page | start=19226 | count=25 | date_start=05-01-2026T00:00:00+0000 | date_end=05-31-2026T23:59:59+0000
[2026-05-19 00:46:48] Page received | start=19226 | records=25 | hibob_records=3 | sent_date_min=2025-01-27 07:56:40 UTC | sent_date_max=2026-05-13 10:52:05 UTC | last_updated_min=2026-05-13 10:35:24 UTC | last_updated_max=2026-05-13 10:53:00 UTC
[2026-05-19 00:46:48] Page processed | start=19226 | range_processed=19250 | range_created=15690 | range_updated=3560 | range_skipped_no_hibob=0 | range_errors=0
[2026-05-19 00:46:48] Sleeping 3s before next page...
[2026-05-19 00:46:51] Requesting page | start=19251 | count=25 | date_start=05-01-2026T00:00:00+0000 | date_end=05-31-2026T23:59:59+0000
[2026-05-19 00:46:55] Page received | start=19251 | records=25 | hibob_records=4 | sent_date_min=2025-05-25 11:31:13 UTC | sent_date_max=2026-05-13 11:05:57 UTC | last_updated_min=2026-05-13 10:53:00 UTC | last_updated_max=2026-05-13 11:06:37 UTC
[2026-05-19 00:46:55] Page processed | start=19251 | range_processed=19275 | range_created=15705 | range_updated=3570 | range_skipped_no_hibob=0 | range_errors=0
[2026-05-19 00:46:55] Sleeping 3s before next page...
[2026-05-19 00:46:58] Requesting page | start=19276 | count=25 | date_start=05-01-2026T00:00:00+0000 | date_end=05-31-2026T23:59:59+0000
[2026-05-19 00:47:02] Page received | start=19276 | records=25 | hibob_records=5 | sent_date_min=2026-04-16 15:09:48 UTC | sent_date_max=2026-05-13 11:27:09 UTC | last_updated_min=2026-05-13 11:07:36 UTC | last_updated_max=2026-05-13 11:30:04 UTC
[2026-05-19 00:47:02] Page processed | start=19276 | range_processed=19300 | range_created=15730 | range_updated=3570 | range_skipped_no_hibob=0 | range_errors=0
[2026-05-19 00:47:02] Sleeping 3s before next page...
[2026-05-19 00:47:05] Requesting page | start=19301 | count=25 | date_start=05-01-2026T00:00:00+0000 | date_end=05-31-2026T23:59:59+0000
[2026-05-19 00:47:09] Page received | start=19301 | records=25 | hibob_records=2 | sent_date_min=2026-02-23 08:46:20 UTC | sent_date_max=2026-05-13 11:33:37 UTC | last_updated_min=2026-05-13 11:30:04 UTC | last_updated_max=2026-05-13 11:36:07 UTC
[2026-05-19 00:47:09] Page processed | start=19301 | range_processed=19325 | range_created=15754 | range_updated=3571 | range_skipped_no_hibob=0 | range_errors=0
[2026-05-19 00:47:09] Sleeping 3s before next page...
[2026-05-19 00:47:12] Requesting page | start=19326 | count=25 | date_start=05-01-2026T00:00:00+0000 | date_end=05-31-2026T23:59:59+0000
[2026-05-19 00:47:20] Page received | start=19326 | records=25 | hibob_records=9 | sent_date_min=2026-02-11 15:52:56 UTC | sent_date_max=2026-05-13 11:44:26 UTC | last_updated_min=2026-05-13 11:36:14 UTC | last_updated_max=2026-05-13 11:46:08 UTC
[2026-05-19 00:47:20] Page processed | start=19326 | range_processed=19350 | range_created=15777 | range_updated=3573 | range_skipped_no_hibob=0 | range_errors=0
[2026-05-19 00:47:20] Sleeping 3s before next page...
[2026-05-19 00:47:23] Requesting page | start=19351 | count=25 | date_start=05-01-2026T00:00:00+0000 | date_end=05-31-2026T23:59:59+0000
[2026-05-19 00:47:28] Page received | start=19351 | records=25 | hibob_records=6 | sent_date_min=2026-04-18 23:11:44 UTC | sent_date_max=2026-05-13 11:52:42 UTC | last_updated_min=2026-05-13 11:46:38 UTC | last_updated_max=2026-05-13 11:52:52 UTC
[2026-05-19 00:47:28] Page processed | start=19351 | range_processed=19375 | range_created=15802 | range_updated=3573 | range_skipped_no_hibob=0 | range_errors=0
[2026-05-19 00:47:28] Sleeping 3s before next page...
[2026-05-19 00:47:31] Requesting page | start=19376 | count=25 | date_start=05-01-2026T00:00:00+0000 | date_end=05-31-2026T23:59:59+0000
[2026-05-19 00:47:37] Page received | start=19376 | records=25 | hibob_records=3 | sent_date_min=2026-04-16 15:42:34 UTC | sent_date_max=2026-05-13 11:58:05 UTC | last_updated_min=2026-05-13 11:52:57 UTC | last_updated_max=2026-05-13 11:58:55 UTC
[2026-05-19 00:47:37] Page processed | start=19376 | range_processed=19400 | range_created=15827 | range_updated=3573 | range_skipped_no_hibob=0 | range_errors=0
[2026-05-19 00:47:37] Sleeping 3s before next page...
[2026-05-19 00:47:40] Requesting page | start=19401 | count=25 | date_start=05-01-2026T00:00:00+0000 | date_end=05-31-2026T23:59:59+0000
[2026-05-19 00:47:48] Page received | start=19401 | records=25 | hibob_records=3 | sent_date_min=2026-04-21 13:47:46 UTC | sent_date_max=2026-05-12 14:28:12 UTC | last_updated_min=2026-05-13 11:58:55 UTC | last_updated_max=2026-05-13 12:02:21 UTC
[2026-05-19 00:47:49] Page processed | start=19401 | range_processed=19425 | range_created=15852 | range_updated=3573 | range_skipped_no_hibob=0 | range_errors=0
[2026-05-19 00:47:49] Sleeping 3s before next page...
[2026-05-19 00:47:52] Requesting page | start=19426 | count=25 | date_start=05-01-2026T00:00:00+0000 | date_end=05-31-2026T23:59:59+0000
[2026-05-19 00:47:55] Page received | start=19426 | records=25 | hibob_records=5 | sent_date_min=2026-04-16 16:19:02 UTC | sent_date_max=2026-05-13 12:13:23 UTC | last_updated_min=2026-05-13 12:03:01 UTC | last_updated_max=2026-05-13 12:14:15 UTC
[2026-05-19 00:47:56] Page processed | start=19426 | range_processed=19450 | range_created=15877 | range_updated=3573 | range_skipped_no_hibob=0 | range_errors=0
[2026-05-19 00:47:56] Sleeping 3s before next page...
[2026-05-19 00:47:59] Requesting page | start=19451 | count=25 | date_start=05-01-2026T00:00:00+0000 | date_end=05-31-2026T23:59:59+0000
[2026-05-19 00:48:04] Page received | start=19451 | records=25 | hibob_records=4 | sent_date_min=2025-11-05 13:50:56 UTC | sent_date_max=2026-05-13 12:22:34 UTC | last_updated_min=2026-05-13 12:14:36 UTC | last_updated_max=2026-05-13 12:22:34 UTC
[2026-05-19 00:48:04] Page processed | start=19451 | range_processed=19475 | range_created=15901 | range_updated=3574 | range_skipped_no_hibob=0 | range_errors=0
[2026-05-19 00:48:04] Sleeping 3s before next page...
[2026-05-19 00:48:07] Requesting page | start=19476 | count=25 | date_start=05-01-2026T00:00:00+0000 | date_end=05-31-2026T23:59:59+0000
[2026-05-19 00:48:11] Page received | start=19476 | records=25 | hibob_records=6 | sent_date_min=2026-03-30 12:25:47 UTC | sent_date_max=2026-05-13 12:28:48 UTC | last_updated_min=2026-05-13 12:22:57 UTC | last_updated_max=2026-05-13 12:30:06 UTC
[2026-05-19 00:48:11] Page processed | start=19476 | range_processed=19500 | range_created=15926 | range_updated=3574 | range_skipped_no_hibob=0 | range_errors=0
[2026-05-19 00:48:11] Sleeping 3s before next page...
[2026-05-19 00:48:14] Requesting page | start=19501 | count=25 | date_start=05-01-2026T00:00:00+0000 | date_end=05-31-2026T23:59:59+0000
[2026-05-19 00:48:19] Page received | start=19501 | records=25 | hibob_records=6 | sent_date_min=2026-04-27 14:38:00 UTC | sent_date_max=2026-05-12 07:23:02 UTC | last_updated_min=2026-05-13 12:30:06 UTC | last_updated_max=2026-05-13 12:30:07 UTC
[2026-05-19 00:48:19] Page processed | start=19501 | range_processed=19525 | range_created=15951 | range_updated=3574 | range_skipped_no_hibob=0 | range_errors=0
[2026-05-19 00:48:19] Sleeping 3s before next page...
[2026-05-19 00:48:22] Requesting page | start=19526 | count=25 | date_start=05-01-2026T00:00:00+0000 | date_end=05-31-2026T23:59:59+0000
[2026-05-19 00:48:27] Page received | start=19526 | records=25 | hibob_records=6 | sent_date_min=2025-12-16 16:16:02 UTC | sent_date_max=2026-05-13 12:37:10 UTC | last_updated_min=2026-05-13 12:30:07 UTC | last_updated_max=2026-05-13 12:37:24 UTC
[2026-05-19 00:48:27] Page processed | start=19526 | range_processed=19550 | range_created=15975 | range_updated=3575 | range_skipped_no_hibob=0 | range_errors=0
[2026-05-19 00:48:27] Sleeping 3s before next page...
[2026-05-19 00:48:30] Requesting page | start=19551 | count=25 | date_start=05-01-2026T00:00:00+0000 | date_end=05-31-2026T23:59:59+0000
[2026-05-19 00:48:35] Page received | start=19551 | records=25 | hibob_records=5 | sent_date_min=2025-06-16 07:55:49 UTC | sent_date_max=2026-05-13 12:46:23 UTC | last_updated_min=2026-05-13 12:37:25 UTC | last_updated_max=2026-05-13 12:48:03 UTC
[2026-05-19 00:48:35] Page processed | start=19551 | range_processed=19575 | range_created=15999 | range_updated=3576 | range_skipped_no_hibob=0 | range_errors=0
[2026-05-19 00:48:35] Sleeping 3s before next page...
[2026-05-19 00:48:38] Requesting page | start=19576 | count=25 | date_start=05-01-2026T00:00:00+0000 | date_end=05-31-2026T23:59:59+0000
[2026-05-19 00:48:42] Page received | start=19576 | records=25 | hibob_records=7 | sent_date_min=2025-07-26 07:18:12 UTC | sent_date_max=2026-05-13 12:48:14 UTC | last_updated_min=2026-05-13 12:48:21 UTC | last_updated_max=2026-05-13 12:50:06 UTC
[2026-05-19 00:48:42] Page processed | start=19576 | range_processed=19600 | range_created=16024 | range_updated=3576 | range_skipped_no_hibob=0 | range_errors=0
[2026-05-19 00:48:42] Sleeping 3s before next page...
[2026-05-19 00:48:45] Requesting page | start=19601 | count=25 | date_start=05-01-2026T00:00:00+0000 | date_end=05-31-2026T23:59:59+0000
[2026-05-19 00:48:50] Page received | start=19601 | records=25 | hibob_records=12 | sent_date_min=2025-07-02 13:32:56 UTC | sent_date_max=2026-05-13 12:49:44 UTC | last_updated_min=2026-05-13 12:50:07 UTC | last_updated_max=2026-05-13 12:51:08 UTC
[2026-05-19 00:48:50] Page processed | start=19601 | range_processed=19625 | range_created=16048 | range_updated=3577 | range_skipped_no_hibob=0 | range_errors=0
[2026-05-19 00:48:50] Sleeping 3s before next page...
[2026-05-19 00:48:53] Requesting page | start=19626 | count=25 | date_start=05-01-2026T00:00:00+0000 | date_end=05-31-2026T23:59:59+0000
[2026-05-19 00:48:58] Page received | start=19626 | records=25 | hibob_records=7 | sent_date_min=2025-02-03 11:10:52 UTC | sent_date_max=2025-12-14 21:04:21 UTC | last_updated_min=2026-05-13 12:51:11 UTC | last_updated_max=2026-05-13 12:52:14 UTC
[2026-05-19 00:48:58] Page processed | start=19626 | range_processed=19650 | range_created=16072 | range_updated=3578 | range_skipped_no_hibob=0 | range_errors=0
[2026-05-19 00:48:58] Sleeping 3s before next page...
[2026-05-19 00:49:01] Requesting page | start=19651 | count=25 | date_start=05-01-2026T00:00:00+0000 | date_end=05-31-2026T23:59:59+0000
[2026-05-19 00:49:05] Page received | start=19651 | records=25 | hibob_records=8 | sent_date_min=2025-02-11 21:52:24 UTC | sent_date_max=2026-05-13 12:52:39 UTC | last_updated_min=2026-05-13 12:52:17 UTC | last_updated_max=2026-05-13 12:53:11 UTC
[2026-05-19 00:49:05] Page processed | start=19651 | range_processed=19675 | range_created=16091 | range_updated=3584 | range_skipped_no_hibob=0 | range_errors=0
[2026-05-19 00:49:05] Sleeping 3s before next page...
[2026-05-19 00:49:08] Requesting page | start=19676 | count=25 | date_start=05-01-2026T00:00:00+0000 | date_end=05-31-2026T23:59:59+0000
[2026-05-19 00:49:13] Page received | start=19676 | records=25 | hibob_records=9 | sent_date_min=2025-05-21 14:49:57 UTC | sent_date_max=2026-05-11 10:57:17 UTC | last_updated_min=2026-05-13 12:53:13 UTC | last_updated_max=2026-05-13 12:54:09 UTC
[2026-05-19 00:49:13] Page processed | start=19676 | range_processed=19700 | range_created=16115 | range_updated=3585 | range_skipped_no_hibob=0 | range_errors=0
[2026-05-19 00:49:13] Sleeping 3s before next page...
[2026-05-19 00:49:16] Requesting page | start=19701 | count=25 | date_start=05-01-2026T00:00:00+0000 | date_end=05-31-2026T23:59:59+0000
[2026-05-19 00:49:21] Page received | start=19701 | records=25 | hibob_records=8 | sent_date_min=2025-02-04 12:03:42 UTC | sent_date_max=2026-05-13 09:22:08 UTC | last_updated_min=2026-05-13 12:54:11 UTC | last_updated_max=2026-05-13 12:55:05 UTC
[2026-05-19 00:49:21] Page processed | start=19701 | range_processed=19725 | range_created=16140 | range_updated=3585 | range_skipped_no_hibob=0 | range_errors=0
[2026-05-19 00:49:21] Sleeping 3s before next page...
[2026-05-19 00:49:24] Requesting page | start=19726 | count=25 | date_start=05-01-2026T00:00:00+0000 | date_end=05-31-2026T23:59:59+0000
[2026-05-19 00:49:29] Page received | start=19726 | records=25 | hibob_records=12 | sent_date_min=2025-06-12 10:56:21 UTC | sent_date_max=2026-05-09 00:03:33 UTC | last_updated_min=2026-05-13 12:55:08 UTC | last_updated_max=2026-05-13 12:56:03 UTC
[2026-05-19 00:49:29] Page processed | start=19726 | range_processed=19750 | range_created=16163 | range_updated=3587 | range_skipped_no_hibob=0 | range_errors=0
[2026-05-19 00:49:29] Sleeping 3s before next page...
[2026-05-19 00:49:32] Requesting page | start=19751 | count=25 | date_start=05-01-2026T00:00:00+0000 | date_end=05-31-2026T23:59:59+0000
[2026-05-19 00:49:37] Page received | start=19751 | records=25 | hibob_records=7 | sent_date_min=2025-01-13 13:08:33 UTC | sent_date_max=2026-05-13 08:21:17 UTC | last_updated_min=2026-05-13 12:56:05 UTC | last_updated_max=2026-05-13 12:57:02 UTC
[2026-05-19 00:49:37] Page processed | start=19751 | range_processed=19775 | range_created=16188 | range_updated=3587 | range_skipped_no_hibob=0 | range_errors=0
[2026-05-19 00:49:37] Sleeping 3s before next page...
[2026-05-19 00:49:40] Requesting page | start=19776 | count=25 | date_start=05-01-2026T00:00:00+0000 | date_end=05-31-2026T23:59:59+0000
[2026-05-19 00:49:45] Page received | start=19776 | records=25 | hibob_records=5 | sent_date_min=2025-02-10 01:22:32 UTC | sent_date_max=2026-05-08 21:19:40 UTC | last_updated_min=2026-05-13 12:57:05 UTC | last_updated_max=2026-05-13 12:58:04 UTC
[2026-05-19 00:49:45] Page processed | start=19776 | range_processed=19800 | range_created=16212 | range_updated=3588 | range_skipped_no_hibob=0 | range_errors=0
[2026-05-19 00:49:45] Sleeping 3s before next page...
[2026-05-19 00:49:48] Requesting page | start=19801 | count=25 | date_start=05-01-2026T00:00:00+0000 | date_end=05-31-2026T23:59:59+0000
[2026-05-19 00:49:53] Page received | start=19801 | records=25 | hibob_records=12 | sent_date_min=2025-02-09 17:36:55 UTC | sent_date_max=2026-05-09 15:56:19 UTC | last_updated_min=2026-05-13 12:58:06 UTC | last_updated_max=2026-05-13 12:59:01 UTC
[2026-05-19 00:49:53] Page processed | start=19801 | range_processed=19825 | range_created=16236 | range_updated=3589 | range_skipped_no_hibob=0 | range_errors=0
[2026-05-19 00:49:53] Sleeping 3s before next page...
[2026-05-19 00:49:56] Requesting page | start=19826 | count=25 | date_start=05-01-2026T00:00:00+0000 | date_end=05-31-2026T23:59:59+0000
[2026-05-19 00:50:01] Page received | start=19826 | records=25 | hibob_records=7 | sent_date_min=2025-06-18 21:36:34 UTC | sent_date_max=2026-05-09 17:19:46 UTC | last_updated_min=2026-05-13 12:59:04 UTC | last_updated_max=2026-05-13 13:00:00 UTC
[2026-05-19 00:50:01] Page processed | start=19826 | range_processed=19850 | range_created=16260 | range_updated=3590 | range_skipped_no_hibob=0 | range_errors=0
[2026-05-19 00:50:01] Sleeping 3s before next page...
[2026-05-19 00:50:04] Requesting page | start=19851 | count=25 | date_start=05-01-2026T00:00:00+0000 | date_end=05-31-2026T23:59:59+0000
[2026-05-19 00:50:08] Page received | start=19851 | records=25 | hibob_records=9 | sent_date_min=2025-07-20 13:57:36 UTC | sent_date_max=2026-05-11 11:21:34 UTC | last_updated_min=2026-05-13 13:00:03 UTC | last_updated_max=2026-05-13 13:00:05 UTC
[2026-05-19 00:50:08] Page processed | start=19851 | range_processed=19875 | range_created=16285 | range_updated=3590 | range_skipped_no_hibob=0 | range_errors=0
[2026-05-19 00:50:08] Sleeping 3s before next page...
[2026-05-19 00:50:11] Requesting page | start=19876 | count=25 | date_start=05-01-2026T00:00:00+0000 | date_end=05-31-2026T23:59:59+0000
[2026-05-19 00:50:16] Page received | start=19876 | records=25 | hibob_records=7 | sent_date_min=2025-06-06 15:43:10 UTC | sent_date_max=2026-05-11 14:22:12 UTC | last_updated_min=2026-05-13 13:00:05 UTC | last_updated_max=2026-05-13 13:00:45 UTC
[2026-05-19 00:50:16] Page processed | start=19876 | range_processed=19900 | range_created=16309 | range_updated=3591 | range_skipped_no_hibob=0 | range_errors=0
[2026-05-19 00:50:16] Sleeping 3s before next page...
[2026-05-19 00:50:19] Requesting page | start=19901 | count=25 | date_start=05-01-2026T00:00:00+0000 | date_end=05-31-2026T23:59:59+0000
[2026-05-19 00:50:24] Page received | start=19901 | records=25 | hibob_records=8 | sent_date_min=2025-01-26 10:04:52 UTC | sent_date_max=2026-05-09 18:15:45 UTC | last_updated_min=2026-05-13 13:00:45 UTC | last_updated_max=2026-05-13 13:01:44 UTC
[2026-05-19 00:50:24] Page processed | start=19901 | range_processed=19925 | range_created=16331 | range_updated=3594 | range_skipped_no_hibob=0 | range_errors=0
[2026-05-19 00:50:24] Sleeping 3s before next page...
[2026-05-19 00:50:27] Requesting page | start=19926 | count=25 | date_start=05-01-2026T00:00:00+0000 | date_end=05-31-2026T23:59:59+0000
[2026-05-19 00:50:32] Page received | start=19926 | records=25 | hibob_records=3 | sent_date_min=2025-08-04 15:15:20 UTC | sent_date_max=2025-11-25 19:27:02 UTC | last_updated_min=2026-05-13 13:01:47 UTC | last_updated_max=2026-05-13 13:02:49 UTC
[2026-05-19 00:50:32] Page processed | start=19926 | range_processed=19950 | range_created=16355 | range_updated=3595 | range_skipped_no_hibob=0 | range_errors=0
[2026-05-19 00:50:32] Sleeping 3s before next page...
[2026-05-19 00:50:35] Requesting page | start=19951 | count=25 | date_start=05-01-2026T00:00:00+0000 | date_end=05-31-2026T23:59:59+0000
[2026-05-19 00:50:40] Page received | start=19951 | records=25 | hibob_records=11 | sent_date_min=2025-07-09 13:20:50 UTC | sent_date_max=2026-05-07 19:32:11 UTC | last_updated_min=2026-05-13 13:02:54 UTC | last_updated_max=2026-05-13 13:04:06 UTC
[2026-05-19 00:50:40] Page processed | start=19951 | range_processed=19975 | range_created=16379 | range_updated=3596 | range_skipped_no_hibob=0 | range_errors=0
[2026-05-19 00:50:40] Sleeping 3s before next page...
[2026-05-19 00:50:43] Requesting page | start=19976 | count=25 | date_start=05-01-2026T00:00:00+0000 | date_end=05-31-2026T23:59:59+0000
[2026-05-19 00:50:47] Page received | start=19976 | records=25 | hibob_records=10 | sent_date_min=2025-10-03 15:38:06 UTC | sent_date_max=2026-05-10 01:39:49 UTC | last_updated_min=2026-05-13 13:04:09 UTC | last_updated_max=2026-05-13 13:05:18 UTC
[2026-05-19 00:50:48] Page processed | start=19976 | range_processed=20000 | range_created=16404 | range_updated=3596 | range_skipped_no_hibob=0 | range_errors=0
[2026-05-19 00:50:48] Sleeping 3s before next page...
[2026-05-19 00:50:51] Requesting page | start=20001 | count=25 | date_start=05-01-2026T00:00:00+0000 | date_end=05-31-2026T23:59:59+0000
[2026-05-19 00:50:55] Page received | start=20001 | records=25 | hibob_records=12 | sent_date_min=2025-07-04 11:07:04 UTC | sent_date_max=2026-05-13 06:32:47 UTC | last_updated_min=2026-05-13 13:05:21 UTC | last_updated_max=2026-05-13 13:07:27 UTC
[2026-05-19 00:50:55] Page processed | start=20001 | range_processed=20025 | range_created=16428 | range_updated=3597 | range_skipped_no_hibob=0 | range_errors=0
[2026-05-19 00:50:55] Sleeping 3s before next page...
[2026-05-19 00:50:58] Requesting page | start=20026 | count=25 | date_start=05-01-2026T00:00:00+0000 | date_end=05-31-2026T23:59:59+0000
[2026-05-19 00:51:03] Page received | start=20026 | records=25 | hibob_records=8 | sent_date_min=2025-09-28 13:12:41 UTC | sent_date_max=2026-05-13 13:07:45 UTC | last_updated_min=2026-05-13 13:07:29 UTC | last_updated_max=2026-05-13 13:08:20 UTC
[2026-05-19 00:51:04] Page processed | start=20026 | range_processed=20050 | range_created=16452 | range_updated=3598 | range_skipped_no_hibob=0 | range_errors=0
[2026-05-19 00:51:04] Sleeping 3s before next page...
[2026-05-19 00:51:07] Requesting page | start=20051 | count=25 | date_start=05-01-2026T00:00:00+0000 | date_end=05-31-2026T23:59:59+0000
[2026-05-19 00:51:16] Page received | start=20051 | records=25 | hibob_records=15 | sent_date_min=2025-09-29 23:49:16 UTC | sent_date_max=2026-05-13 13:08:16 UTC | last_updated_min=2026-05-13 13:08:23 UTC | last_updated_max=2026-05-13 13:09:14 UTC
[2026-05-19 00:51:17] Page processed | start=20051 | range_processed=20075 | range_created=16477 | range_updated=3598 | range_skipped_no_hibob=0 | range_errors=0
[2026-05-19 00:51:17] Sleeping 3s before next page...
[2026-05-19 00:51:20] Requesting page | start=20076 | count=25 | date_start=05-01-2026T00:00:00+0000 | date_end=05-31-2026T23:59:59+0000
[2026-05-19 00:51:24] Page received | start=20076 | records=25 | hibob_records=10 | sent_date_min=2025-06-19 11:23:09 UTC | sent_date_max=2026-05-12 10:40:12 UTC | last_updated_min=2026-05-13 13:09:16 UTC | last_updated_max=2026-05-13 13:10:17 UTC
[2026-05-19 00:51:24] Page processed | start=20076 | range_processed=20100 | range_created=16501 | range_updated=3599 | range_skipped_no_hibob=0 | range_errors=0
[2026-05-19 00:51:24] Sleeping 3s before next page...
[2026-05-19 00:51:27] Requesting page | start=20101 | count=25 | date_start=05-01-2026T00:00:00+0000 | date_end=05-31-2026T23:59:59+0000
[2026-05-19 00:51:32] Page received | start=20101 | records=25 | hibob_records=12 | sent_date_min=2025-07-09 12:07:13 UTC | sent_date_max=2026-05-13 06:48:26 UTC | last_updated_min=2026-05-13 13:10:18 UTC | last_updated_max=2026-05-13 13:11:04 UTC
[2026-05-19 00:51:33] Page processed | start=20101 | range_processed=20125 | range_created=16525 | range_updated=3600 | range_skipped_no_hibob=0 | range_errors=0
[2026-05-19 00:51:33] Sleeping 3s before next page...
[2026-05-19 00:51:36] Requesting page | start=20126 | count=25 | date_start=05-01-2026T00:00:00+0000 | date_end=05-31-2026T23:59:59+0000
[2026-05-19 00:51:41] Page received | start=20126 | records=25 | hibob_records=3 | sent_date_min=2025-06-09 13:44:40 UTC | sent_date_max=2026-05-12 08:31:12 UTC | last_updated_min=2026-05-13 13:11:08 UTC | last_updated_max=2026-05-13 13:12:04 UTC
[2026-05-19 00:51:41] Page processed | start=20126 | range_processed=20150 | range_created=16549 | range_updated=3601 | range_skipped_no_hibob=0 | range_errors=0
[2026-05-19 00:51:41] Sleeping 3s before next page...
[2026-05-19 00:51:44] Requesting page | start=20151 | count=25 | date_start=05-01-2026T00:00:00+0000 | date_end=05-31-2026T23:59:59+0000
[2026-05-19 00:51:48] Page received | start=20151 | records=25 | hibob_records=2 | sent_date_min=2025-04-29 18:12:59 UTC | sent_date_max=2026-05-09 12:15:38 UTC | last_updated_min=2026-05-13 13:12:04 UTC | last_updated_max=2026-05-13 13:13:07 UTC
[2026-05-19 00:51:48] Page processed | start=20151 | range_processed=20175 | range_created=16574 | range_updated=3601 | range_skipped_no_hibob=0 | range_errors=0
[2026-05-19 00:51:48] Sleeping 3s before next page...
[2026-05-19 00:51:51] Requesting page | start=20176 | count=25 | date_start=05-01-2026T00:00:00+0000 | date_end=05-31-2026T23:59:59+0000
[2026-05-19 00:51:56] Page received | start=20176 | records=25 | hibob_records=11 | sent_date_min=2025-05-28 16:27:13 UTC | sent_date_max=2026-05-11 12:04:41 UTC | last_updated_min=2026-05-13 13:13:13 UTC | last_updated_max=2026-05-13 13:14:12 UTC
[2026-05-19 00:51:56] Page processed | start=20176 | range_processed=20200 | range_created=16599 | range_updated=3601 | range_skipped_no_hibob=0 | range_errors=0
[2026-05-19 00:51:56] Sleeping 3s before next page...
[2026-05-19 00:51:59] Requesting page | start=20201 | count=25 | date_start=05-01-2026T00:00:00+0000 | date_end=05-31-2026T23:59:59+0000
[2026-05-19 00:52:06] Page received | start=20201 | records=25 | hibob_records=10 | sent_date_min=2025-05-31 05:37:50 UTC | sent_date_max=2026-05-11 14:50:57 UTC | last_updated_min=2026-05-13 13:14:16 UTC | last_updated_max=2026-05-13 13:15:18 UTC
[2026-05-19 00:52:06] Page processed | start=20201 | range_processed=20225 | range_created=16623 | range_updated=3602 | range_skipped_no_hibob=0 | range_errors=0
[2026-05-19 00:52:06] Sleeping 3s before next page...
[2026-05-19 00:52:09] Requesting page | start=20226 | count=25 | date_start=05-01-2026T00:00:00+0000 | date_end=05-31-2026T23:59:59+0000
[2026-05-19 00:52:14] Page received | start=20226 | records=25 | hibob_records=8 | sent_date_min=2025-06-14 03:39:17 UTC | sent_date_max=2026-05-11 16:17:02 UTC | last_updated_min=2026-05-13 13:15:21 UTC | last_updated_max=2026-05-13 13:16:43 UTC
[2026-05-19 00:52:14] Page processed | start=20226 | range_processed=20250 | range_created=16648 | range_updated=3602 | range_skipped_no_hibob=0 | range_errors=0
[2026-05-19 00:52:14] Sleeping 3s before next page...
[2026-05-19 00:52:17] Requesting page | start=20251 | count=25 | date_start=05-01-2026T00:00:00+0000 | date_end=05-31-2026T23:59:59+0000
[2026-05-19 00:52:23] Page received | start=20251 | records=25 | hibob_records=8 | sent_date_min=2025-06-03 19:43:31 UTC | sent_date_max=2026-05-13 08:14:18 UTC | last_updated_min=2026-05-13 13:16:44 UTC | last_updated_max=2026-05-13 13:17:42 UTC
[2026-05-19 00:52:23] Page processed | start=20251 | range_processed=20275 | range_created=16673 | range_updated=3602 | range_skipped_no_hibob=0 | range_errors=0
[2026-05-19 00:52:23] Sleeping 3s before next page...
[2026-05-19 00:52:26] Requesting page | start=20276 | count=25 | date_start=05-01-2026T00:00:00+0000 | date_end=05-31-2026T23:59:59+0000
[2026-05-19 00:52:32] Page received | start=20276 | records=25 | hibob_records=7 | sent_date_min=2025-05-16 15:11:42 UTC | sent_date_max=2026-05-13 13:18:37 UTC | last_updated_min=2026-05-13 13:17:44 UTC | last_updated_max=2026-05-13 13:18:42 UTC
[2026-05-19 00:52:32] Page processed | start=20276 | range_processed=20300 | range_created=16695 | range_updated=3605 | range_skipped_no_hibob=0 | range_errors=0
[2026-05-19 00:52:32] Sleeping 3s before next page...
[2026-05-19 00:52:35] Requesting page | start=20301 | count=25 | date_start=05-01-2026T00:00:00+0000 | date_end=05-31-2026T23:59:59+0000
[2026-05-19 00:52:40] Page received | start=20301 | records=25 | hibob_records=12 | sent_date_min=2025-05-21 14:45:35 UTC | sent_date_max=2026-05-01 19:41:26 UTC | last_updated_min=2026-05-13 13:18:45 UTC | last_updated_max=2026-05-13 13:19:43 UTC
[2026-05-19 00:52:40] Page processed | start=20301 | range_processed=20325 | range_created=16718 | range_updated=3607 | range_skipped_no_hibob=0 | range_errors=0
[2026-05-19 00:52:40] Sleeping 3s before next page...
[2026-05-19 00:52:43] Requesting page | start=20326 | count=25 | date_start=05-01-2026T00:00:00+0000 | date_end=05-31-2026T23:59:59+0000
[2026-05-19 00:52:51] Page received | start=20326 | records=25 | hibob_records=7 | sent_date_min=2025-06-16 10:43:05 UTC | sent_date_max=2025-12-05 04:07:13 UTC | last_updated_min=2026-05-13 13:19:45 UTC | last_updated_max=2026-05-13 13:20:49 UTC
[2026-05-19 00:52:51] Page processed | start=20326 | range_processed=20350 | range_created=16742 | range_updated=3608 | range_skipped_no_hibob=0 | range_errors=0
[2026-05-19 00:52:51] Sleeping 3s before next page...
[2026-05-19 00:52:54] Requesting page | start=20351 | count=25 | date_start=05-01-2026T00:00:00+0000 | date_end=05-31-2026T23:59:59+0000
[2026-05-19 00:52:59] Page received | start=20351 | records=25 | hibob_records=13 | sent_date_min=2025-10-08 10:39:28 UTC | sent_date_max=2026-05-11 20:22:21 UTC | last_updated_min=2026-05-13 13:20:51 UTC | last_updated_max=2026-05-13 13:21:47 UTC
[2026-05-19 00:53:00] Page processed | start=20351 | range_processed=20375 | range_created=16767 | range_updated=3608 | range_skipped_no_hibob=0 | range_errors=0
[2026-05-19 00:53:00] Sleeping 3s before next page...
[2026-05-19 00:53:03] Requesting page | start=20376 | count=25 | date_start=05-01-2026T00:00:00+0000 | date_end=05-31-2026T23:59:59+0000
[2026-05-19 00:53:07] Page received | start=20376 | records=25 | hibob_records=5 | sent_date_min=2025-05-28 19:55:29 UTC | sent_date_max=2026-05-13 13:22:19 UTC | last_updated_min=2026-05-13 13:21:50 UTC | last_updated_max=2026-05-13 13:22:35 UTC
[2026-05-19 00:53:07] Page processed | start=20376 | range_processed=20400 | range_created=16790 | range_updated=3610 | range_skipped_no_hibob=0 | range_errors=0
[2026-05-19 00:53:07] Sleeping 3s before next page...
[2026-05-19 00:53:10] Requesting page | start=20401 | count=25 | date_start=05-01-2026T00:00:00+0000 | date_end=05-31-2026T23:59:59+0000
[2026-05-19 00:53:15] Page received | start=20401 | records=25 | hibob_records=12 | sent_date_min=2025-08-19 00:49:08 UTC | sent_date_max=2026-05-13 13:23:24 UTC | last_updated_min=2026-05-13 13:22:35 UTC | last_updated_max=2026-05-13 13:23:26 UTC
[2026-05-19 00:53:15] Page processed | start=20401 | range_processed=20425 | range_created=16814 | range_updated=3611 | range_skipped_no_hibob=0 | range_errors=0
[2026-05-19 00:53:15] Sleeping 3s before next page...
[2026-05-19 00:53:18] Requesting page | start=20426 | count=25 | date_start=05-01-2026T00:00:00+0000 | date_end=05-31-2026T23:59:59+0000
[2026-05-19 00:53:27] Page received | start=20426 | records=25 | hibob_records=9 | sent_date_min=2025-02-03 09:00:02 UTC | sent_date_max=2026-05-13 13:23:32 UTC | last_updated_min=2026-05-13 13:23:31 UTC | last_updated_max=2026-05-13 13:24:30 UTC
[2026-05-19 00:53:27] Page processed | start=20426 | range_processed=20450 | range_created=16838 | range_updated=3612 | range_skipped_no_hibob=0 | range_errors=0
[2026-05-19 00:53:27] Sleeping 3s before next page...
[2026-05-19 00:53:30] Requesting page | start=20451 | count=25 | date_start=05-01-2026T00:00:00+0000 | date_end=05-31-2026T23:59:59+0000
[2026-05-19 00:53:36] Page received | start=20451 | records=25 | hibob_records=8 | sent_date_min=2025-10-02 12:01:04 UTC | sent_date_max=2026-05-13 10:47:17 UTC | last_updated_min=2026-05-13 13:24:33 UTC | last_updated_max=2026-05-13 13:25:33 UTC
[2026-05-19 00:53:36] Page processed | start=20451 | range_processed=20475 | range_created=16862 | range_updated=3613 | range_skipped_no_hibob=0 | range_errors=0
[2026-05-19 00:53:36] Sleeping 3s before next page...
[2026-05-19 00:53:39] Requesting page | start=20476 | count=25 | date_start=05-01-2026T00:00:00+0000 | date_end=05-31-2026T23:59:59+0000
[2026-05-19 00:53:43] Page received | start=20476 | records=25 | hibob_records=12 | sent_date_min=2025-09-10 20:37:40 UTC | sent_date_max=2026-05-11 22:13:06 UTC | last_updated_min=2026-05-13 13:25:35 UTC | last_updated_max=2026-05-13 13:26:33 UTC
[2026-05-19 00:53:43] Page processed | start=20476 | range_processed=20500 | range_created=16887 | range_updated=3613 | range_skipped_no_hibob=0 | range_errors=0
[2026-05-19 00:53:43] Sleeping 3s before next page...
[2026-05-19 00:53:46] Requesting page | start=20501 | count=25 | date_start=05-01-2026T00:00:00+0000 | date_end=05-31-2026T23:59:59+0000
[2026-05-19 00:53:51] Page received | start=20501 | records=25 | hibob_records=8 | sent_date_min=2025-06-01 13:22:30 UTC | sent_date_max=2026-05-11 23:42:42 UTC | last_updated_min=2026-05-13 13:26:36 UTC | last_updated_max=2026-05-13 13:27:31 UTC
[2026-05-19 00:53:51] Page processed | start=20501 | range_processed=20525 | range_created=16911 | range_updated=3614 | range_skipped_no_hibob=0 | range_errors=0
[2026-05-19 00:53:51] Sleeping 3s before next page...
[2026-05-19 00:53:54] Requesting page | start=20526 | count=25 | date_start=05-01-2026T00:00:00+0000 | date_end=05-31-2026T23:59:59+0000
[2026-05-19 00:53:59] Page received | start=20526 | records=25 | hibob_records=14 | sent_date_min=2025-06-12 21:34:05 UTC | sent_date_max=2026-05-12 01:21:49 UTC | last_updated_min=2026-05-13 13:27:33 UTC | last_updated_max=2026-05-13 13:28:27 UTC
[2026-05-19 00:53:59] Page processed | start=20526 | range_processed=20550 | range_created=16936 | range_updated=3614 | range_skipped_no_hibob=0 | range_errors=0
[2026-05-19 00:53:59] Sleeping 3s before next page...
[2026-05-19 00:54:02] Requesting page | start=20551 | count=25 | date_start=05-01-2026T00:00:00+0000 | date_end=05-31-2026T23:59:59+0000
[2026-05-19 00:54:07] Page received | start=20551 | records=25 | hibob_records=8 | sent_date_min=2025-01-08 15:49:42 UTC | sent_date_max=2026-05-13 13:26:34 UTC | last_updated_min=2026-05-13 13:28:27 UTC | last_updated_max=2026-05-13 13:29:23 UTC
[2026-05-19 00:54:07] Page processed | start=20551 | range_processed=20575 | range_created=16960 | range_updated=3615 | range_skipped_no_hibob=0 | range_errors=0
[2026-05-19 00:54:07] Sleeping 3s before next page...
[2026-05-19 00:54:10] Requesting page | start=20576 | count=25 | date_start=05-01-2026T00:00:00+0000 | date_end=05-31-2026T23:59:59+0000
[2026-05-19 00:54:14] Page received | start=20576 | records=25 | hibob_records=10 | sent_date_min=2025-08-14 21:22:10 UTC | sent_date_max=2026-05-12 03:35:47 UTC | last_updated_min=2026-05-13 13:29:25 UTC | last_updated_max=2026-05-13 13:30:22 UTC
[2026-05-19 00:54:14] Page processed | start=20576 | range_processed=20600 | range_created=16984 | range_updated=3616 | range_skipped_no_hibob=0 | range_errors=0
[2026-05-19 00:54:14] Sleeping 3s before next page...
[2026-05-19 00:54:17] Requesting page | start=20601 | count=25 | date_start=05-01-2026T00:00:00+0000 | date_end=05-31-2026T23:59:59+0000
[2026-05-19 00:54:22] Page received | start=20601 | records=25 | hibob_records=9 | sent_date_min=2025-10-09 11:51:34 UTC | sent_date_max=2026-05-13 13:30:47 UTC | last_updated_min=2026-05-13 13:30:25 UTC | last_updated_max=2026-05-13 13:31:17 UTC
[2026-05-19 00:54:22] Page processed | start=20601 | range_processed=20625 | range_created=17008 | range_updated=3617 | range_skipped_no_hibob=0 | range_errors=0
[2026-05-19 00:54:22] Sleeping 3s before next page...
[2026-05-19 00:54:25] Requesting page | start=20626 | count=25 | date_start=05-01-2026T00:00:00+0000 | date_end=05-31-2026T23:59:59+0000
[2026-05-19 00:54:29] Page received | start=20626 | records=25 | hibob_records=8 | sent_date_min=2025-05-29 19:50:18 UTC | sent_date_max=2026-05-12 12:08:36 UTC | last_updated_min=2026-05-13 13:31:19 UTC | last_updated_max=2026-05-13 13:32:10 UTC
[2026-05-19 00:54:29] Page processed | start=20626 | range_processed=20650 | range_created=17033 | range_updated=3617 | range_skipped_no_hibob=0 | range_errors=0
[2026-05-19 00:54:29] Sleeping 3s before next page...
[2026-05-19 00:54:32] Requesting page | start=20651 | count=25 | date_start=05-01-2026T00:00:00+0000 | date_end=05-31-2026T23:59:59+0000
[2026-05-19 00:54:37] Page received | start=20651 | records=25 | hibob_records=4 | sent_date_min=2025-04-29 09:51:15 UTC | sent_date_max=2026-05-12 14:29:44 UTC | last_updated_min=2026-05-13 13:32:12 UTC | last_updated_max=2026-05-13 13:33:09 UTC
[2026-05-19 00:54:37] Page processed | start=20651 | range_processed=20675 | range_created=17056 | range_updated=3619 | range_skipped_no_hibob=0 | range_errors=0
[2026-05-19 00:54:37] Sleeping 3s before next page...
[2026-05-19 00:54:40] Requesting page | start=20676 | count=25 | date_start=05-01-2026T00:00:00+0000 | date_end=05-31-2026T23:59:59+0000
[2026-05-19 00:54:45] Page received | start=20676 | records=25 | hibob_records=5 | sent_date_min=2025-05-01 11:10:09 UTC | sent_date_max=2026-05-13 13:33:11 UTC | last_updated_min=2026-05-13 13:33:11 UTC | last_updated_max=2026-05-13 13:34:06 UTC
[2026-05-19 00:54:45] Page processed | start=20676 | range_processed=20700 | range_created=17080 | range_updated=3620 | range_skipped_no_hibob=0 | range_errors=0
[2026-05-19 00:54:45] Sleeping 3s before next page...
[2026-05-19 00:54:48] Requesting page | start=20701 | count=25 | date_start=05-01-2026T00:00:00+0000 | date_end=05-31-2026T23:59:59+0000
[2026-05-19 00:54:53] Page received | start=20701 | records=25 | hibob_records=4 | sent_date_min=2025-05-22 12:15:15 UTC | sent_date_max=2026-05-13 09:50:05 UTC | last_updated_min=2026-05-13 13:34:08 UTC | last_updated_max=2026-05-13 13:35:19 UTC
[2026-05-19 00:54:53] Page processed | start=20701 | range_processed=20725 | range_created=17104 | range_updated=3621 | range_skipped_no_hibob=0 | range_errors=0
[2026-05-19 00:54:53] Sleeping 3s before next page...
[2026-05-19 00:54:56] Requesting page | start=20726 | count=25 | date_start=05-01-2026T00:00:00+0000 | date_end=05-31-2026T23:59:59+0000
[2026-05-19 00:55:02] Page received | start=20726 | records=25 | hibob_records=9 | sent_date_min=2025-05-06 13:25:03 UTC | sent_date_max=2026-05-13 10:13:38 UTC | last_updated_min=2026-05-13 13:35:22 UTC | last_updated_max=2026-05-13 13:36:15 UTC
[2026-05-19 00:55:02] Page processed | start=20726 | range_processed=20750 | range_created=17127 | range_updated=3623 | range_skipped_no_hibob=0 | range_errors=0
[2026-05-19 00:55:02] Sleeping 3s before next page...
[2026-05-19 00:55:05] Requesting page | start=20751 | count=25 | date_start=05-01-2026T00:00:00+0000 | date_end=05-31-2026T23:59:59+0000
[2026-05-19 00:55:09] Page received | start=20751 | records=25 | hibob_records=10 | sent_date_min=2025-07-03 06:44:44 UTC | sent_date_max=2026-05-13 10:23:07 UTC | last_updated_min=2026-05-13 13:36:17 UTC | last_updated_max=2026-05-13 13:37:12 UTC
[2026-05-19 00:55:09] Page processed | start=20751 | range_processed=20775 | range_created=17151 | range_updated=3624 | range_skipped_no_hibob=0 | range_errors=0
[2026-05-19 00:55:09] Sleeping 3s before next page...
[2026-05-19 00:55:12] Requesting page | start=20776 | count=25 | date_start=05-01-2026T00:00:00+0000 | date_end=05-31-2026T23:59:59+0000
[2026-05-19 00:55:17] Page received | start=20776 | records=25 | hibob_records=13 | sent_date_min=2025-11-13 02:27:57 UTC | sent_date_max=2026-05-13 13:40:44 UTC | last_updated_min=2026-05-13 13:37:17 UTC | last_updated_max=2026-05-13 13:43:36 UTC
[2026-05-19 00:55:17] Page processed | start=20776 | range_processed=20800 | range_created=17175 | range_updated=3625 | range_skipped_no_hibob=0 | range_errors=0
[2026-05-19 00:55:17] Sleeping 3s before next page...
[2026-05-19 00:55:20] Requesting page | start=20801 | count=25 | date_start=05-01-2026T00:00:00+0000 | date_end=05-31-2026T23:59:59+0000
[2026-05-19 00:55:24] Page received | start=20801 | records=25 | hibob_records=12 | sent_date_min=2025-03-03 13:13:58 UTC | sent_date_max=2026-05-13 13:52:22 UTC | last_updated_min=2026-05-13 13:45:17 UTC | last_updated_max=2026-05-13 13:52:29 UTC
[2026-05-19 00:55:24] Page processed | start=20801 | range_processed=20825 | range_created=17198 | range_updated=3627 | range_skipped_no_hibob=0 | range_errors=0
[2026-05-19 00:55:24] Sleeping 3s before next page...
[2026-05-19 00:55:27] Requesting page | start=20826 | count=25 | date_start=05-01-2026T00:00:00+0000 | date_end=05-31-2026T23:59:59+0000
[2026-05-19 00:55:31] Page received | start=20826 | records=25 | hibob_records=8 | sent_date_min=2025-07-30 09:03:10 UTC | sent_date_max=2026-05-13 14:01:40 UTC | last_updated_min=2026-05-13 13:52:45 UTC | last_updated_max=2026-05-13 14:02:50 UTC
[2026-05-19 00:55:32] Page processed | start=20826 | range_processed=20850 | range_created=17223 | range_updated=3627 | range_skipped_no_hibob=0 | range_errors=0
[2026-05-19 00:55:32] Sleeping 3s before next page...
[2026-05-19 00:55:35] Requesting page | start=20851 | count=25 | date_start=05-01-2026T00:00:00+0000 | date_end=05-31-2026T23:59:59+0000
[2026-05-19 00:55:39] Page received | start=20851 | records=25 | hibob_records=8 | sent_date_min=2025-06-24 16:52:42 UTC | sent_date_max=2026-05-13 14:07:45 UTC | last_updated_min=2026-05-13 14:03:09 UTC | last_updated_max=2026-05-13 14:08:48 UTC
[2026-05-19 00:55:39] Page processed | start=20851 | range_processed=20875 | range_created=17248 | range_updated=3627 | range_skipped_no_hibob=0 | range_errors=0
[2026-05-19 00:55:39] Sleeping 3s before next page...
[2026-05-19 00:55:42] Requesting page | start=20876 | count=25 | date_start=05-01-2026T00:00:00+0000 | date_end=05-31-2026T23:59:59+0000
[2026-05-19 00:55:47] Page received | start=20876 | records=25 | hibob_records=5 | sent_date_min=2025-05-22 16:38:59 UTC | sent_date_max=2026-05-11 11:07:24 UTC | last_updated_min=2026-05-13 14:08:50 UTC | last_updated_max=2026-05-13 14:09:43 UTC
[2026-05-19 00:55:47] Page processed | start=20876 | range_processed=20900 | range_created=17271 | range_updated=3629 | range_skipped_no_hibob=0 | range_errors=0
[2026-05-19 00:55:47] Sleeping 3s before next page...
[2026-05-19 00:55:50] Requesting page | start=20901 | count=25 | date_start=05-01-2026T00:00:00+0000 | date_end=05-31-2026T23:59:59+0000
[2026-05-19 00:55:54] Page received | start=20901 | records=25 | hibob_records=10 | sent_date_min=2025-04-01 13:01:32 UTC | sent_date_max=2026-05-11 10:37:36 UTC | last_updated_min=2026-05-13 14:09:46 UTC | last_updated_max=2026-05-13 14:10:41 UTC
[2026-05-19 00:55:54] Page processed | start=20901 | range_processed=20925 | range_created=17295 | range_updated=3630 | range_skipped_no_hibob=0 | range_errors=0
[2026-05-19 00:55:54] Sleeping 3s before next page...
[2026-05-19 00:55:57] Requesting page | start=20926 | count=25 | date_start=05-01-2026T00:00:00+0000 | date_end=05-31-2026T23:59:59+0000
[2026-05-19 00:56:02] Page received | start=20926 | records=25 | hibob_records=6 | sent_date_min=2025-06-13 20:09:38 UTC | sent_date_max=2026-05-13 14:10:53 UTC | last_updated_min=2026-05-13 14:10:44 UTC | last_updated_max=2026-05-13 14:11:47 UTC
[2026-05-19 00:56:02] Page processed | start=20926 | range_processed=20950 | range_created=17319 | range_updated=3631 | range_skipped_no_hibob=0 | range_errors=0
[2026-05-19 00:56:02] Sleeping 3s before next page...
[2026-05-19 00:56:05] Requesting page | start=20951 | count=25 | date_start=05-01-2026T00:00:00+0000 | date_end=05-31-2026T23:59:59+0000
[2026-05-19 00:56:10] Page received | start=20951 | records=25 | hibob_records=7 | sent_date_min=2025-04-22 09:16:32 UTC | sent_date_max=2026-05-13 14:12:22 UTC | last_updated_min=2026-05-13 14:11:49 UTC | last_updated_max=2026-05-13 14:12:39 UTC
[2026-05-19 00:56:10] Page processed | start=20951 | range_processed=20975 | range_created=17343 | range_updated=3632 | range_skipped_no_hibob=0 | range_errors=0
[2026-05-19 00:56:10] Sleeping 3s before next page...
[2026-05-19 00:56:13] Requesting page | start=20976 | count=25 | date_start=05-01-2026T00:00:00+0000 | date_end=05-31-2026T23:59:59+0000
[2026-05-19 00:56:18] Page received | start=20976 | records=25 | hibob_records=3 | sent_date_min=2025-01-27 00:28:24 UTC | sent_date_max=2026-05-11 03:22:03 UTC | last_updated_min=2026-05-13 14:12:41 UTC | last_updated_max=2026-05-13 14:14:00 UTC
[2026-05-19 00:56:18] Page processed | start=20976 | range_processed=21000 | range_created=17368 | range_updated=3632 | range_skipped_no_hibob=0 | range_errors=0
[2026-05-19 00:56:18] Sleeping 3s before next page...
[2026-05-19 00:56:21] Requesting page | start=21001 | count=25 | date_start=05-01-2026T00:00:00+0000 | date_end=05-31-2026T23:59:59+0000
[2026-05-19 00:56:26] Page received | start=21001 | records=25 | hibob_records=8 | sent_date_min=2025-05-15 09:55:43 UTC | sent_date_max=2026-05-11 02:52:03 UTC | last_updated_min=2026-05-13 14:14:03 UTC | last_updated_max=2026-05-13 14:15:21 UTC
[2026-05-19 00:56:26] Page processed | start=21001 | range_processed=21025 | range_created=17393 | range_updated=3632 | range_skipped_no_hibob=0 | range_errors=0
[2026-05-19 00:56:26] Sleeping 3s before next page...
[2026-05-19 00:56:29] Requesting page | start=21026 | count=25 | date_start=05-01-2026T00:00:00+0000 | date_end=05-31-2026T23:59:59+0000
[2026-05-19 00:56:34] Page received | start=21026 | records=25 | hibob_records=11 | sent_date_min=2025-09-15 13:16:17 UTC | sent_date_max=2026-05-12 09:30:55 UTC | last_updated_min=2026-05-13 14:15:25 UTC | last_updated_max=2026-05-13 14:16:34 UTC
[2026-05-19 00:56:34] Page processed | start=21026 | range_processed=21050 | range_created=17418 | range_updated=3632 | range_skipped_no_hibob=0 | range_errors=0
[2026-05-19 00:56:34] Sleeping 3s before next page...
[2026-05-19 00:56:37] Requesting page | start=21051 | count=25 | date_start=05-01-2026T00:00:00+0000 | date_end=05-31-2026T23:59:59+0000
[2026-05-19 00:56:42] Page received | start=21051 | records=25 | hibob_records=10 | sent_date_min=2024-11-21 00:43:27 UTC | sent_date_max=2026-05-11 00:22:03 UTC | last_updated_min=2026-05-13 14:16:38 UTC | last_updated_max=2026-05-13 14:17:53 UTC
[2026-05-19 00:56:43] Page processed | start=21051 | range_processed=21075 | range_created=17442 | range_updated=3633 | range_skipped_no_hibob=0 | range_errors=0
[2026-05-19 00:56:43] Sleeping 3s before next page...
[2026-05-19 00:56:46] Requesting page | start=21076 | count=25 | date_start=05-01-2026T00:00:00+0000 | date_end=05-31-2026T23:59:59+0000
[2026-05-19 00:56:51] Page received | start=21076 | records=25 | hibob_records=17 | sent_date_min=2025-08-28 16:53:06 UTC | sent_date_max=2026-05-10 23:52:04 UTC | last_updated_min=2026-05-13 14:17:55 UTC | last_updated_max=2026-05-13 14:18:58 UTC
[2026-05-19 00:56:51] Page processed | start=21076 | range_processed=21100 | range_created=17467 | range_updated=3633 | range_skipped_no_hibob=0 | range_errors=0
[2026-05-19 00:56:51] Sleeping 3s before next page...
[2026-05-19 00:56:54] Requesting page | start=21101 | count=25 | date_start=05-01-2026T00:00:00+0000 | date_end=05-31-2026T23:59:59+0000
[2026-05-19 00:56:59] Page received | start=21101 | records=25 | hibob_records=6 | sent_date_min=2025-05-28 22:32:11 UTC | sent_date_max=2026-05-01 17:01:57 UTC | last_updated_min=2026-05-13 14:19:01 UTC | last_updated_max=2026-05-13 14:20:14 UTC
[2026-05-19 00:56:59] Page processed | start=21101 | range_processed=21125 | range_created=17492 | range_updated=3633 | range_skipped_no_hibob=0 | range_errors=0
[2026-05-19 00:56:59] Sleeping 3s before next page...
[2026-05-19 00:57:02] Requesting page | start=21126 | count=25 | date_start=05-01-2026T00:00:00+0000 | date_end=05-31-2026T23:59:59+0000
[2026-05-19 00:57:09] Page received | start=21126 | records=25 | hibob_records=15 | sent_date_min=2025-07-31 17:03:33 UTC | sent_date_max=2026-05-10 22:07:09 UTC | last_updated_min=2026-05-13 14:20:17 UTC | last_updated_max=2026-05-13 14:21:35 UTC
[2026-05-19 00:57:09] Page processed | start=21126 | range_processed=21150 | range_created=17517 | range_updated=3633 | range_skipped_no_hibob=0 | range_errors=0
[2026-05-19 00:57:09] Sleeping 3s before next page...
[2026-05-19 00:57:12] Requesting page | start=21151 | count=25 | date_start=05-01-2026T00:00:00+0000 | date_end=05-31-2026T23:59:59+0000
[2026-05-19 00:57:17] Page received | start=21151 | records=25 | hibob_records=10 | sent_date_min=2025-07-03 22:22:21 UTC | sent_date_max=2026-05-13 14:22:36 UTC | last_updated_min=2026-05-13 14:21:39 UTC | last_updated_max=2026-05-13 14:22:36 UTC
[2026-05-19 00:57:17] Page processed | start=21151 | range_processed=21175 | range_created=17542 | range_updated=3633 | range_skipped_no_hibob=0 | range_errors=0
[2026-05-19 00:57:17] Sleeping 3s before next page...
[2026-05-19 00:57:20] Requesting page | start=21176 | count=25 | date_start=05-01-2026T00:00:00+0000 | date_end=05-31-2026T23:59:59+0000
[2026-05-19 00:57:24] Page received | start=21176 | records=25 | hibob_records=10 | sent_date_min=2025-07-09 16:34:55 UTC | sent_date_max=2026-05-13 14:23:26 UTC | last_updated_min=2026-05-13 14:22:36 UTC | last_updated_max=2026-05-13 14:23:30 UTC
[2026-05-19 00:57:24] Page processed | start=21176 | range_processed=21200 | range_created=17566 | range_updated=3634 | range_skipped_no_hibob=0 | range_errors=0
[2026-05-19 00:57:24] Sleeping 3s before next page...
[2026-05-19 00:57:27] Requesting page | start=21201 | count=25 | date_start=05-01-2026T00:00:00+0000 | date_end=05-31-2026T23:59:59+0000
[2026-05-19 00:57:32] Page received | start=21201 | records=25 | hibob_records=7 | sent_date_min=2025-05-20 09:56:02 UTC | sent_date_max=2026-05-07 09:29:33 UTC | last_updated_min=2026-05-13 14:23:31 UTC | last_updated_max=2026-05-13 14:24:36 UTC
[2026-05-19 00:57:32] Page processed | start=21201 | range_processed=21225 | range_created=17591 | range_updated=3634 | range_skipped_no_hibob=0 | range_errors=0
[2026-05-19 00:57:32] Sleeping 3s before next page...
[2026-05-19 00:57:35] Requesting page | start=21226 | count=25 | date_start=05-01-2026T00:00:00+0000 | date_end=05-31-2026T23:59:59+0000
[2026-05-19 00:57:40] Page received | start=21226 | records=25 | hibob_records=4 | sent_date_min=2025-06-02 11:26:06 UTC | sent_date_max=2026-05-10 22:07:04 UTC | last_updated_min=2026-05-13 14:24:39 UTC | last_updated_max=2026-05-13 14:25:49 UTC
[2026-05-19 00:57:40] Page processed | start=21226 | range_processed=21250 | range_created=17616 | range_updated=3634 | range_skipped_no_hibob=0 | range_errors=0
[2026-05-19 00:57:40] Sleeping 3s before next page...
[2026-05-19 00:57:43] Requesting page | start=21251 | count=25 | date_start=05-01-2026T00:00:00+0000 | date_end=05-31-2026T23:59:59+0000
[2026-05-19 00:57:48] Page received | start=21251 | records=25 | hibob_records=7 | sent_date_min=2025-04-20 07:22:19 UTC | sent_date_max=2026-05-07 09:31:16 UTC | last_updated_min=2026-05-13 14:25:52 UTC | last_updated_max=2026-05-13 14:27:02 UTC
[2026-05-19 00:57:48] Page processed | start=21251 | range_processed=21275 | range_created=17641 | range_updated=3634 | range_skipped_no_hibob=0 | range_errors=0
[2026-05-19 00:57:48] Sleeping 3s before next page...
[2026-05-19 00:57:52] Requesting page | start=21276 | count=25 | date_start=05-01-2026T00:00:00+0000 | date_end=05-31-2026T23:59:59+0000
[2026-05-19 00:57:56] Page received | start=21276 | records=25 | hibob_records=3 | sent_date_min=2025-07-23 09:52:18 UTC | sent_date_max=2026-05-10 21:52:02 UTC | last_updated_min=2026-05-13 14:27:05 UTC | last_updated_max=2026-05-13 14:28:12 UTC
[2026-05-19 00:57:56] Page processed | start=21276 | range_processed=21300 | range_created=17664 | range_updated=3636 | range_skipped_no_hibob=0 | range_errors=0
[2026-05-19 00:57:56] Sleeping 3s before next page...
[2026-05-19 00:57:59] Requesting page | start=21301 | count=25 | date_start=05-01-2026T00:00:00+0000 | date_end=05-31-2026T23:59:59+0000
[2026-05-19 00:58:03] Page received | start=21301 | records=25 | hibob_records=6 | sent_date_min=2025-02-08 17:59:01 UTC | sent_date_max=2026-05-10 20:22:30 UTC | last_updated_min=2026-05-13 14:28:15 UTC | last_updated_max=2026-05-13 14:29:14 UTC
[2026-05-19 00:58:04] Page processed | start=21301 | range_processed=21325 | range_created=17689 | range_updated=3636 | range_skipped_no_hibob=0 | range_errors=0
[2026-05-19 00:58:04] Sleeping 3s before next page...
[2026-05-19 00:58:07] Requesting page | start=21326 | count=25 | date_start=05-01-2026T00:00:00+0000 | date_end=05-31-2026T23:59:59+0000
[2026-05-19 00:58:12] Page received | start=21326 | records=25 | hibob_records=8 | sent_date_min=2025-08-18 14:29:00 UTC | sent_date_max=2026-05-10 20:22:24 UTC | last_updated_min=2026-05-13 14:29:17 UTC | last_updated_max=2026-05-13 14:30:23 UTC
[2026-05-19 00:58:12] Page processed | start=21326 | range_processed=21350 | range_created=17714 | range_updated=3636 | range_skipped_no_hibob=0 | range_errors=0
[2026-05-19 00:58:12] Sleeping 3s before next page...
[2026-05-19 00:58:15] Requesting page | start=21351 | count=25 | date_start=05-01-2026T00:00:00+0000 | date_end=05-31-2026T23:59:59+0000
[2026-05-19 00:58:19] Page received | start=21351 | records=25 | hibob_records=10 | sent_date_min=2025-09-02 09:05:56 UTC | sent_date_max=2026-05-11 13:31:45 UTC | last_updated_min=2026-05-13 14:30:26 UTC | last_updated_max=2026-05-13 14:31:32 UTC
[2026-05-19 00:58:19] Page processed | start=21351 | range_processed=21375 | range_created=17738 | range_updated=3637 | range_skipped_no_hibob=0 | range_errors=0
[2026-05-19 00:58:19] Sleeping 3s before next page...
[2026-05-19 00:58:22] Requesting page | start=21376 | count=25 | date_start=05-01-2026T00:00:00+0000 | date_end=05-31-2026T23:59:59+0000
[2026-05-19 00:58:27] Page received | start=21376 | records=25 | hibob_records=10 | sent_date_min=2025-04-15 08:40:47 UTC | sent_date_max=2026-05-07 10:47:50 UTC | last_updated_min=2026-05-13 14:31:35 UTC | last_updated_max=2026-05-13 14:32:31 UTC
[2026-05-19 00:58:27] Page processed | start=21376 | range_processed=21400 | range_created=17761 | range_updated=3639 | range_skipped_no_hibob=0 | range_errors=0
[2026-05-19 00:58:27] Sleeping 3s before next page...
[2026-05-19 00:58:30] Requesting page | start=21401 | count=25 | date_start=05-01-2026T00:00:00+0000 | date_end=05-31-2026T23:59:59+0000
[2026-05-19 00:58:35] Page received | start=21401 | records=25 | hibob_records=10 | sent_date_min=2025-05-29 12:08:53 UTC | sent_date_max=2026-05-12 13:38:25 UTC | last_updated_min=2026-05-13 14:32:33 UTC | last_updated_max=2026-05-13 14:33:39 UTC
[2026-05-19 00:58:35] Page processed | start=21401 | range_processed=21425 | range_created=17784 | range_updated=3641 | range_skipped_no_hibob=0 | range_errors=0
[2026-05-19 00:58:35] Sleeping 3s before next page...
[2026-05-19 00:58:38] Requesting page | start=21426 | count=25 | date_start=05-01-2026T00:00:00+0000 | date_end=05-31-2026T23:59:59+0000
[2026-05-19 00:58:45] Page received | start=21426 | records=25 | hibob_records=7 | sent_date_min=2025-05-16 08:37:00 UTC | sent_date_max=2026-05-04 13:50:17 UTC | last_updated_min=2026-05-13 14:33:40 UTC | last_updated_max=2026-05-13 14:34:48 UTC
[2026-05-19 00:58:45] Page processed | start=21426 | range_processed=21450 | range_created=17809 | range_updated=3641 | range_skipped_no_hibob=0 | range_errors=0
[2026-05-19 00:58:45] Sleeping 3s before next page...
[2026-05-19 00:58:48] Requesting page | start=21451 | count=25 | date_start=05-01-2026T00:00:00+0000 | date_end=05-31-2026T23:59:59+0000
[2026-05-19 00:58:54] Page received | start=21451 | records=25 | hibob_records=8 | sent_date_min=2025-04-15 20:20:04 UTC | sent_date_max=2026-05-04 07:51:05 UTC | last_updated_min=2026-05-13 14:34:51 UTC | last_updated_max=2026-05-13 14:36:14 UTC
[2026-05-19 00:58:54] Page processed | start=21451 | range_processed=21475 | range_created=17834 | range_updated=3641 | range_skipped_no_hibob=0 | range_errors=0
[2026-05-19 00:58:54] Sleeping 3s before next page...
[2026-05-19 00:58:57] Requesting page | start=21476 | count=25 | date_start=05-01-2026T00:00:00+0000 | date_end=05-31-2026T23:59:59+0000
[2026-05-19 00:59:05] Page received | start=21476 | records=25 | hibob_records=3 | sent_date_min=2025-04-13 12:46:20 UTC | sent_date_max=2026-05-13 14:37:20 UTC | last_updated_min=2026-05-13 14:36:15 UTC | last_updated_max=2026-05-13 14:37:25 UTC
[2026-05-19 00:59:06] Page processed | start=21476 | range_processed=21500 | range_created=17858 | range_updated=3642 | range_skipped_no_hibob=0 | range_errors=0
[2026-05-19 00:59:06] Sleeping 3s before next page...
[2026-05-19 00:59:09] Requesting page | start=21501 | count=25 | date_start=05-01-2026T00:00:00+0000 | date_end=05-31-2026T23:59:59+0000
[2026-05-19 00:59:14] Page received | start=21501 | records=25 | hibob_records=6 | sent_date_min=2025-06-04 17:21:18 UTC | sent_date_max=2026-05-13 14:37:53 UTC | last_updated_min=2026-05-13 14:37:28 UTC | last_updated_max=2026-05-13 14:38:35 UTC
[2026-05-19 00:59:14] Page processed | start=21501 | range_processed=21525 | range_created=17883 | range_updated=3642 | range_skipped_no_hibob=0 | range_errors=0
[2026-05-19 00:59:14] Sleeping 3s before next page...
[2026-05-19 00:59:17] Requesting page | start=21526 | count=25 | date_start=05-01-2026T00:00:00+0000 | date_end=05-31-2026T23:59:59+0000
[2026-05-19 00:59:21] Page received | start=21526 | records=25 | hibob_records=16 | sent_date_min=2025-09-11 13:55:22 UTC | sent_date_max=2026-05-08 15:22:06 UTC | last_updated_min=2026-05-13 14:38:38 UTC | last_updated_max=2026-05-13 14:39:51 UTC
[2026-05-19 00:59:21] Page processed | start=21526 | range_processed=21550 | range_created=17908 | range_updated=3642 | range_skipped_no_hibob=0 | range_errors=0
[2026-05-19 00:59:21] Sleeping 3s before next page...
[2026-05-19 00:59:24] Requesting page | start=21551 | count=25 | date_start=05-01-2026T00:00:00+0000 | date_end=05-31-2026T23:59:59+0000
[2026-05-19 00:59:29] Page received | start=21551 | records=25 | hibob_records=7 | sent_date_min=2025-06-06 15:48:41 UTC | sent_date_max=2026-05-12 11:44:48 UTC | last_updated_min=2026-05-13 14:39:54 UTC | last_updated_max=2026-05-13 14:41:06 UTC
[2026-05-19 00:59:29] Page processed | start=21551 | range_processed=21575 | range_created=17932 | range_updated=3643 | range_skipped_no_hibob=0 | range_errors=0
[2026-05-19 00:59:29] Sleeping 3s before next page...
[2026-05-19 00:59:32] Requesting page | start=21576 | count=25 | date_start=05-01-2026T00:00:00+0000 | date_end=05-31-2026T23:59:59+0000
[2026-05-19 00:59:37] Page received | start=21576 | records=25 | hibob_records=8 | sent_date_min=2025-08-07 10:37:43 UTC | sent_date_max=2026-05-12 09:21:35 UTC | last_updated_min=2026-05-13 14:41:06 UTC | last_updated_max=2026-05-13 14:42:06 UTC
[2026-05-19 00:59:37] Page processed | start=21576 | range_processed=21600 | range_created=17955 | range_updated=3645 | range_skipped_no_hibob=0 | range_errors=0
[2026-05-19 00:59:37] Sleeping 3s before next page...
[2026-05-19 00:59:40] Requesting page | start=21601 | count=25 | date_start=05-01-2026T00:00:00+0000 | date_end=05-31-2026T23:59:59+0000
[2026-05-19 00:59:45] Page received | start=21601 | records=25 | hibob_records=13 | sent_date_min=2025-07-08 17:37:57 UTC | sent_date_max=2026-05-12 06:19:48 UTC | last_updated_min=2026-05-13 14:42:08 UTC | last_updated_max=2026-05-13 14:43:14 UTC
[2026-05-19 00:59:45] Page processed | start=21601 | range_processed=21625 | range_created=17979 | range_updated=3646 | range_skipped_no_hibob=0 | range_errors=0
[2026-05-19 00:59:45] Sleeping 3s before next page...
[2026-05-19 00:59:48] Requesting page | start=21626 | count=25 | date_start=05-01-2026T00:00:00+0000 | date_end=05-31-2026T23:59:59+0000
[2026-05-19 00:59:53] Page received | start=21626 | records=25 | hibob_records=14 | sent_date_min=2025-04-30 14:49:11 UTC | sent_date_max=2026-05-11 17:14:07 UTC | last_updated_min=2026-05-13 14:43:15 UTC | last_updated_max=2026-05-13 14:44:18 UTC
[2026-05-19 00:59:53] Page processed | start=21626 | range_processed=21650 | range_created=18004 | range_updated=3646 | range_skipped_no_hibob=0 | range_errors=0
[2026-05-19 00:59:53] Sleeping 3s before next page...
[2026-05-19 00:59:56] Requesting page | start=21651 | count=25 | date_start=05-01-2026T00:00:00+0000 | date_end=05-31-2026T23:59:59+0000
[2026-05-19 01:00:02] Page received | start=21651 | records=25 | hibob_records=9 | sent_date_min=2025-01-28 20:14:45 UTC | sent_date_max=2026-05-13 14:41:21 UTC | last_updated_min=2026-05-13 14:44:19 UTC | last_updated_max=2026-05-13 14:45:23 UTC
[2026-05-19 01:00:02] Page processed | start=21651 | range_processed=21675 | range_created=18027 | range_updated=3648 | range_skipped_no_hibob=0 | range_errors=0
[2026-05-19 01:00:02] Sleeping 3s before next page...
[2026-05-19 01:00:05] Requesting page | start=21676 | count=25 | date_start=05-01-2026T00:00:00+0000 | date_end=05-31-2026T23:59:59+0000
[2026-05-19 01:00:11] Page received | start=21676 | records=25 | hibob_records=9 | sent_date_min=2025-03-17 08:28:18 UTC | sent_date_max=2026-05-13 14:04:03 UTC | last_updated_min=2026-05-13 14:45:24 UTC | last_updated_max=2026-05-13 14:46:33 UTC
[2026-05-19 01:00:11] Page processed | start=21676 | range_processed=21700 | range_created=18051 | range_updated=3649 | range_skipped_no_hibob=0 | range_errors=0
[2026-05-19 01:00:11] Sleeping 3s before next page...
[2026-05-19 01:00:14] Requesting page | start=21701 | count=25 | date_start=05-01-2026T00:00:00+0000 | date_end=05-31-2026T23:59:59+0000
[2026-05-19 01:00:20] Page received | start=21701 | records=25 | hibob_records=8 | sent_date_min=2025-01-10 10:47:01 UTC | sent_date_max=2026-05-13 14:47:09 UTC | last_updated_min=2026-05-13 14:46:36 UTC | last_updated_max=2026-05-13 14:47:31 UTC
[2026-05-19 01:00:20] Page processed | start=21701 | range_processed=21725 | range_created=18074 | range_updated=3651 | range_skipped_no_hibob=0 | range_errors=0
[2026-05-19 01:00:20] Sleeping 3s before next page...
[2026-05-19 01:00:23] Requesting page | start=21726 | count=25 | date_start=05-01-2026T00:00:00+0000 | date_end=05-31-2026T23:59:59+0000
[2026-05-19 01:00:28] Page received | start=21726 | records=25 | hibob_records=8 | sent_date_min=2025-05-26 09:30:57 UTC | sent_date_max=2026-05-13 14:48:08 UTC | last_updated_min=2026-05-13 14:47:32 UTC | last_updated_max=2026-05-13 14:48:27 UTC
[2026-05-19 01:00:28] Page processed | start=21726 | range_processed=21750 | range_created=18098 | range_updated=3652 | range_skipped_no_hibob=0 | range_errors=0
[2026-05-19 01:00:28] Sleeping 3s before next page...
[2026-05-19 01:00:31] Requesting page | start=21751 | count=25 | date_start=05-01-2026T00:00:00+0000 | date_end=05-31-2026T23:59:59+0000
[2026-05-19 01:00:36] Page received | start=21751 | records=25 | hibob_records=6 | sent_date_min=2025-05-12 06:54:27 UTC | sent_date_max=2026-05-13 12:12:59 UTC | last_updated_min=2026-05-13 14:48:30 UTC | last_updated_max=2026-05-13 14:49:44 UTC
[2026-05-19 01:00:36] Page processed | start=21751 | range_processed=21775 | range_created=18122 | range_updated=3653 | range_skipped_no_hibob=0 | range_errors=0
[2026-05-19 01:00:36] Sleeping 3s before next page...
[2026-05-19 01:00:39] Requesting page | start=21776 | count=25 | date_start=05-01-2026T00:00:00+0000 | date_end=05-31-2026T23:59:59+0000
[2026-05-19 01:00:46] Page received | start=21776 | records=25 | hibob_records=8 | sent_date_min=2025-05-20 10:38:39 UTC | sent_date_max=2026-05-13 12:02:37 UTC | last_updated_min=2026-05-13 14:49:47 UTC | last_updated_max=2026-05-13 14:50:55 UTC
[2026-05-19 01:00:46] Page processed | start=21776 | range_processed=21800 | range_created=18144 | range_updated=3656 | range_skipped_no_hibob=0 | range_errors=0
[2026-05-19 01:00:46] Sleeping 3s before next page...
[2026-05-19 01:00:49] Requesting page | start=21801 | count=25 | date_start=05-01-2026T00:00:00+0000 | date_end=05-31-2026T23:59:59+0000
[2026-05-19 01:00:54] Page received | start=21801 | records=25 | hibob_records=13 | sent_date_min=2025-06-12 18:30:21 UTC | sent_date_max=2026-05-13 11:56:30 UTC | last_updated_min=2026-05-13 14:50:58 UTC | last_updated_max=2026-05-13 14:51:49 UTC
[2026-05-19 01:00:55] Page processed | start=21801 | range_processed=21825 | range_created=18168 | range_updated=3657 | range_skipped_no_hibob=0 | range_errors=0
[2026-05-19 01:00:55] Sleeping 3s before next page...
[2026-05-19 01:00:58] Requesting page | start=21826 | count=25 | date_start=05-01-2026T00:00:00+0000 | date_end=05-31-2026T23:59:59+0000
[2026-05-19 01:01:02] Page received | start=21826 | records=25 | hibob_records=7 | sent_date_min=2025-05-28 14:39:18 UTC | sent_date_max=2026-05-13 14:52:09 UTC | last_updated_min=2026-05-13 14:51:51 UTC | last_updated_max=2026-05-13 14:52:56 UTC
[2026-05-19 01:01:03] Page processed | start=21826 | range_processed=21850 | range_created=18191 | range_updated=3659 | range_skipped_no_hibob=0 | range_errors=0
[2026-05-19 01:01:03] Sleeping 3s before next page...
[2026-05-19 01:01:06] Requesting page | start=21851 | count=25 | date_start=05-01-2026T00:00:00+0000 | date_end=05-31-2026T23:59:59+0000
[2026-05-19 01:01:11] Page received | start=21851 | records=25 | hibob_records=10 | sent_date_min=2025-05-13 08:02:57 UTC | sent_date_max=2026-05-13 02:35:34 UTC | last_updated_min=2026-05-13 14:52:58 UTC | last_updated_max=2026-05-13 14:54:03 UTC
[2026-05-19 01:01:11] Page processed | start=21851 | range_processed=21875 | range_created=18215 | range_updated=3660 | range_skipped_no_hibob=0 | range_errors=0
[2026-05-19 01:01:11] Sleeping 3s before next page...
[2026-05-19 01:01:14] Requesting page | start=21876 | count=25 | date_start=05-01-2026T00:00:00+0000 | date_end=05-31-2026T23:59:59+0000
[2026-05-19 01:01:19] Page received | start=21876 | records=25 | hibob_records=9 | sent_date_min=2025-02-22 14:33:11 UTC | sent_date_max=2026-05-13 14:55:01 UTC | last_updated_min=2026-05-13 14:54:06 UTC | last_updated_max=2026-05-13 14:55:15 UTC
[2026-05-19 01:01:19] Page processed | start=21876 | range_processed=21900 | range_created=18240 | range_updated=3660 | range_skipped_no_hibob=0 | range_errors=0
[2026-05-19 01:01:19] Sleeping 3s before next page...
[2026-05-19 01:01:22] Requesting page | start=21901 | count=25 | date_start=05-01-2026T00:00:00+0000 | date_end=05-31-2026T23:59:59+0000
[2026-05-19 01:01:26] Page received | start=21901 | records=25 | hibob_records=13 | sent_date_min=2025-03-31 20:26:33 UTC | sent_date_max=2026-05-13 14:55:24 UTC | last_updated_min=2026-05-13 14:55:18 UTC | last_updated_max=2026-05-13 14:56:32 UTC
[2026-05-19 01:01:26] Page processed | start=21901 | range_processed=21925 | range_created=18265 | range_updated=3660 | range_skipped_no_hibob=0 | range_errors=0
[2026-05-19 01:01:26] Sleeping 3s before next page...
[2026-05-19 01:01:29] Requesting page | start=21926 | count=25 | date_start=05-01-2026T00:00:00+0000 | date_end=05-31-2026T23:59:59+0000
[2026-05-19 01:01:34] Page received | start=21926 | records=25 | hibob_records=6 | sent_date_min=2025-04-06 18:54:47 UTC | sent_date_max=2025-10-08 13:19:43 UTC | last_updated_min=2026-05-13 14:56:36 UTC | last_updated_max=2026-05-13 14:57:51 UTC
[2026-05-19 01:01:34] Page processed | start=21926 | range_processed=21950 | range_created=18289 | range_updated=3661 | range_skipped_no_hibob=0 | range_errors=0
[2026-05-19 01:01:34] Sleeping 3s before next page...
[2026-05-19 01:01:37] Requesting page | start=21951 | count=25 | date_start=05-01-2026T00:00:00+0000 | date_end=05-31-2026T23:59:59+0000
[2026-05-19 01:01:43] Page received | start=21951 | records=25 | hibob_records=14 | sent_date_min=2025-02-08 14:07:18 UTC | sent_date_max=2025-10-11 02:16:42 UTC | last_updated_min=2026-05-13 14:57:54 UTC | last_updated_max=2026-05-13 14:59:12 UTC
[2026-05-19 01:01:43] Page processed | start=21951 | range_processed=21975 | range_created=18314 | range_updated=3661 | range_skipped_no_hibob=0 | range_errors=0
[2026-05-19 01:01:43] Sleeping 3s before next page...
[2026-05-19 01:01:46] Requesting page | start=21976 | count=25 | date_start=05-01-2026T00:00:00+0000 | date_end=05-31-2026T23:59:59+0000
[2026-05-19 01:01:50] Page received | start=21976 | records=25 | hibob_records=19 | sent_date_min=2025-05-20 22:59:29 UTC | sent_date_max=2026-05-11 22:01:42 UTC | last_updated_min=2026-05-13 14:59:15 UTC | last_updated_max=2026-05-13 14:59:34 UTC
[2026-05-19 01:01:50] Page processed | start=21976 | range_processed=22000 | range_created=18338 | range_updated=3662 | range_skipped_no_hibob=0 | range_errors=0
[2026-05-19 01:01:50] Sleeping 3s before next page...
[2026-05-19 01:01:53] Requesting page | start=22001 | count=25 | date_start=05-01-2026T00:00:00+0000 | date_end=05-31-2026T23:59:59+0000
[2026-05-19 01:01:58] Page received | start=22001 | records=25 | hibob_records=16 | sent_date_min=2025-08-12 23:37:40 UTC | sent_date_max=2026-05-13 15:00:11 UTC | last_updated_min=2026-05-13 14:59:34 UTC | last_updated_max=2026-05-13 15:00:22 UTC
[2026-05-19 01:01:58] Page processed | start=22001 | range_processed=22025 | range_created=18363 | range_updated=3662 | range_skipped_no_hibob=0 | range_errors=0
[2026-05-19 01:01:58] Sleeping 3s before next page...
[2026-05-19 01:02:01] Requesting page | start=22026 | count=25 | date_start=05-01-2026T00:00:00+0000 | date_end=05-31-2026T23:59:59+0000
[2026-05-19 01:02:11] Page received | start=22026 | records=25 | hibob_records=15 | sent_date_min=2025-02-12 14:46:38 UTC | sent_date_max=2026-05-12 12:13:40 UTC | last_updated_min=2026-05-13 15:00:23 UTC | last_updated_max=2026-05-13 15:01:29 UTC
[2026-05-19 01:02:11] Page processed | start=22026 | range_processed=22050 | range_created=18387 | range_updated=3663 | range_skipped_no_hibob=0 | range_errors=0
[2026-05-19 01:02:11] Sleeping 3s before next page...
[2026-05-19 01:02:14] Requesting page | start=22051 | count=25 | date_start=05-01-2026T00:00:00+0000 | date_end=05-31-2026T23:59:59+0000
[2026-05-19 01:02:19] Page received | start=22051 | records=25 | hibob_records=10 | sent_date_min=2025-02-04 16:13:01 UTC | sent_date_max=2026-05-13 15:02:07 UTC | last_updated_min=2026-05-13 15:01:32 UTC | last_updated_max=2026-05-13 15:02:53 UTC
[2026-05-19 01:02:20] Page processed | start=22051 | range_processed=22075 | range_created=18411 | range_updated=3664 | range_skipped_no_hibob=0 | range_errors=0
[2026-05-19 01:02:20] Sleeping 3s before next page...
[2026-05-19 01:02:23] Requesting page | start=22076 | count=25 | date_start=05-01-2026T00:00:00+0000 | date_end=05-31-2026T23:59:59+0000
[2026-05-19 01:02:28] Page received | start=22076 | records=25 | hibob_records=13 | sent_date_min=2025-07-07 17:08:57 UTC | sent_date_max=2026-05-06 20:49:47 UTC | last_updated_min=2026-05-13 15:02:56 UTC | last_updated_max=2026-05-13 15:04:05 UTC
[2026-05-19 01:02:28] Page processed | start=22076 | range_processed=22100 | range_created=18436 | range_updated=3664 | range_skipped_no_hibob=0 | range_errors=0
[2026-05-19 01:02:28] Sleeping 3s before next page...
[2026-05-19 01:02:31] Requesting page | start=22101 | count=25 | date_start=05-01-2026T00:00:00+0000 | date_end=05-31-2026T23:59:59+0000
[2026-05-19 01:02:36] Page received | start=22101 | records=25 | hibob_records=9 | sent_date_min=2025-02-03 18:24:22 UTC | sent_date_max=2026-04-10 07:52:16 UTC | last_updated_min=2026-05-13 15:04:08 UTC | last_updated_max=2026-05-13 15:05:18 UTC
[2026-05-19 01:02:36] Page processed | start=22101 | range_processed=22125 | range_created=18459 | range_updated=3666 | range_skipped_no_hibob=0 | range_errors=0
[2026-05-19 01:02:36] Sleeping 3s before next page...
[2026-05-19 01:02:39] Requesting page | start=22126 | count=25 | date_start=05-01-2026T00:00:00+0000 | date_end=05-31-2026T23:59:59+0000
[2026-05-19 01:02:44] Page received | start=22126 | records=25 | hibob_records=11 | sent_date_min=2025-01-26 20:31:28 UTC | sent_date_max=2026-05-13 15:05:29 UTC | last_updated_min=2026-05-13 15:05:22 UTC | last_updated_max=2026-05-13 15:06:35 UTC
[2026-05-19 01:02:44] Page processed | start=22126 | range_processed=22150 | range_created=18483 | range_updated=3667 | range_skipped_no_hibob=0 | range_errors=0
[2026-05-19 01:02:44] Sleeping 3s before next page...
[2026-05-19 01:02:47] Requesting page | start=22151 | count=25 | date_start=05-01-2026T00:00:00+0000 | date_end=05-31-2026T23:59:59+0000
[2026-05-19 01:02:52] Page received | start=22151 | records=25 | hibob_records=2 | sent_date_min=2025-03-17 09:03:17 UTC | sent_date_max=2026-05-13 15:07:38 UTC | last_updated_min=2026-05-13 15:06:39 UTC | last_updated_max=2026-05-13 15:07:48 UTC
[2026-05-19 01:02:52] Page processed | start=22151 | range_processed=22175 | range_created=18508 | range_updated=3667 | range_skipped_no_hibob=0 | range_errors=0
[2026-05-19 01:02:52] Sleeping 3s before next page...
[2026-05-19 01:02:55] Requesting page | start=22176 | count=25 | date_start=05-01-2026T00:00:00+0000 | date_end=05-31-2026T23:59:59+0000
[2026-05-19 01:03:00] Page received | start=22176 | records=25 | hibob_records=12 | sent_date_min=2025-05-08 13:42:18 UTC | sent_date_max=2026-05-13 15:08:53 UTC | last_updated_min=2026-05-13 15:07:51 UTC | last_updated_max=2026-05-13 15:09:05 UTC
[2026-05-19 01:03:00] Page processed | start=22176 | range_processed=22200 | range_created=18532 | range_updated=3668 | range_skipped_no_hibob=0 | range_errors=0
[2026-05-19 01:03:00] Sleeping 3s before next page...
[2026-05-19 01:03:03] Requesting page | start=22201 | count=25 | date_start=05-01-2026T00:00:00+0000 | date_end=05-31-2026T23:59:59+0000
[2026-05-19 01:03:09] Page received | start=22201 | records=25 | hibob_records=5 | sent_date_min=2025-04-30 07:48:25 UTC | sent_date_max=2026-04-06 11:37:56 UTC | last_updated_min=2026-05-13 15:09:10 UTC | last_updated_max=2026-05-13 15:10:23 UTC
[2026-05-19 01:03:09] Page processed | start=22201 | range_processed=22225 | range_created=18556 | range_updated=3669 | range_skipped_no_hibob=0 | range_errors=0
[2026-05-19 01:03:09] Sleeping 3s before next page...
[2026-05-19 01:03:12] Requesting page | start=22226 | count=25 | date_start=05-01-2026T00:00:00+0000 | date_end=05-31-2026T23:59:59+0000
[2026-05-19 01:03:17] Page received | start=22226 | records=25 | hibob_records=3 | sent_date_min=2024-12-25 14:05:02 UTC | sent_date_max=2026-05-11 11:18:40 UTC | last_updated_min=2026-05-13 15:10:27 UTC | last_updated_max=2026-05-13 15:11:43 UTC
[2026-05-19 01:03:17] Page processed | start=22226 | range_processed=22250 | range_created=18581 | range_updated=3669 | range_skipped_no_hibob=0 | range_errors=0
[2026-05-19 01:03:17] Sleeping 3s before next page...
[2026-05-19 01:03:20] Requesting page | start=22251 | count=25 | date_start=05-01-2026T00:00:00+0000 | date_end=05-31-2026T23:59:59+0000
[2026-05-19 01:03:24] Page received | start=22251 | records=25 | hibob_records=6 | sent_date_min=2025-05-12 09:04:32 UTC | sent_date_max=2026-04-17 03:52:03 UTC | last_updated_min=2026-05-13 15:11:46 UTC | last_updated_max=2026-05-13 15:13:01 UTC
[2026-05-19 01:03:25] Page processed | start=22251 | range_processed=22275 | range_created=18606 | range_updated=3669 | range_skipped_no_hibob=0 | range_errors=0
[2026-05-19 01:03:25] Sleeping 3s before next page...
[2026-05-19 01:03:28] Requesting page | start=22276 | count=25 | date_start=05-01-2026T00:00:00+0000 | date_end=05-31-2026T23:59:59+0000
[2026-05-19 01:03:32] Page received | start=22276 | records=25 | hibob_records=11 | sent_date_min=2025-01-26 19:22:39 UTC | sent_date_max=2025-09-26 16:25:41 UTC | last_updated_min=2026-05-13 15:13:04 UTC | last_updated_max=2026-05-13 15:14:26 UTC
[2026-05-19 01:03:32] Page processed | start=22276 | range_processed=22300 | range_created=18630 | range_updated=3670 | range_skipped_no_hibob=0 | range_errors=0
[2026-05-19 01:03:32] Sleeping 3s before next page...
[2026-05-19 01:03:35] Requesting page | start=22301 | count=25 | date_start=05-01-2026T00:00:00+0000 | date_end=05-31-2026T23:59:59+0000
[2026-05-19 01:03:40] Page received | start=22301 | records=25 | hibob_records=11 | sent_date_min=2025-08-19 09:50:37 UTC | sent_date_max=2026-04-13 14:48:13 UTC | last_updated_min=2026-05-13 15:14:29 UTC | last_updated_max=2026-05-13 15:15:43 UTC
[2026-05-19 01:03:40] Page processed | start=22301 | range_processed=22325 | range_created=18655 | range_updated=3670 | range_skipped_no_hibob=0 | range_errors=0
[2026-05-19 01:03:40] Sleeping 3s before next page...
[2026-05-19 01:03:43] Requesting page | start=22326 | count=25 | date_start=05-01-2026T00:00:00+0000 | date_end=05-31-2026T23:59:59+0000
[2026-05-19 01:03:49] Page received | start=22326 | records=25 | hibob_records=14 | sent_date_min=2025-06-08 05:43:01 UTC | sent_date_max=2026-01-21 21:49:00 UTC | last_updated_min=2026-05-13 15:15:46 UTC | last_updated_max=2026-05-13 15:17:03 UTC
[2026-05-19 01:03:49] Page processed | start=22326 | range_processed=22350 | range_created=18677 | range_updated=3673 | range_skipped_no_hibob=0 | range_errors=0
[2026-05-19 01:03:49] Sleeping 3s before next page...
[2026-05-19 01:03:52] Requesting page | start=22351 | count=25 | date_start=05-01-2026T00:00:00+0000 | date_end=05-31-2026T23:59:59+0000
[2026-05-19 01:03:56] Page received | start=22351 | records=25 | hibob_records=5 | sent_date_min=2025-01-17 19:53:22 UTC | sent_date_max=2026-05-11 11:26:25 UTC | last_updated_min=2026-05-13 15:17:06 UTC | last_updated_max=2026-05-13 15:18:18 UTC
[2026-05-19 01:03:56] Page processed | start=22351 | range_processed=22375 | range_created=18702 | range_updated=3673 | range_skipped_no_hibob=0 | range_errors=0
[2026-05-19 01:03:56] Sleeping 3s before next page...
[2026-05-19 01:03:59] Requesting page | start=22376 | count=25 | date_start=05-01-2026T00:00:00+0000 | date_end=05-31-2026T23:59:59+0000
[2026-05-19 01:04:05] Page received | start=22376 | records=25 | hibob_records=5 | sent_date_min=2025-05-06 16:43:17 UTC | sent_date_max=2026-04-28 12:52:11 UTC | last_updated_min=2026-05-13 15:18:21 UTC | last_updated_max=2026-05-13 15:19:30 UTC
[2026-05-19 01:04:05] Page processed | start=22376 | range_processed=22400 | range_created=18724 | range_updated=3676 | range_skipped_no_hibob=0 | range_errors=0
[2026-05-19 01:04:05] Sleeping 3s before next page...
[2026-05-19 01:04:08] Requesting page | start=22401 | count=25 | date_start=05-01-2026T00:00:00+0000 | date_end=05-31-2026T23:59:59+0000
[2026-05-19 01:04:13] Page received | start=22401 | records=25 | hibob_records=8 | sent_date_min=2025-03-26 13:00:16 UTC | sent_date_max=2026-05-04 16:37:43 UTC | last_updated_min=2026-05-13 15:19:33 UTC | last_updated_max=2026-05-13 15:20:51 UTC
[2026-05-19 01:04:13] Page processed | start=22401 | range_processed=22425 | range_created=18748 | range_updated=3677 | range_skipped_no_hibob=0 | range_errors=0
[2026-05-19 01:04:13] Sleeping 3s before next page...
[2026-05-19 01:04:16] Requesting page | start=22426 | count=25 | date_start=05-01-2026T00:00:00+0000 | date_end=05-31-2026T23:59:59+0000
[2026-05-19 01:04:20] Page received | start=22426 | records=25 | hibob_records=7 | sent_date_min=2025-03-30 20:39:41 UTC | sent_date_max=2026-05-13 15:22:15 UTC | last_updated_min=2026-05-13 15:20:55 UTC | last_updated_max=2026-05-13 15:22:19 UTC
[2026-05-19 01:04:21] Page processed | start=22426 | range_processed=22450 | range_created=18772 | range_updated=3678 | range_skipped_no_hibob=0 | range_errors=0
[2026-05-19 01:04:21] Sleeping 3s before next page...
[2026-05-19 01:04:24] Requesting page | start=22451 | count=25 | date_start=05-01-2026T00:00:00+0000 | date_end=05-31-2026T23:59:59+0000
[2026-05-19 01:04:29] Page received | start=22451 | records=25 | hibob_records=2 | sent_date_min=2025-02-24 07:35:59 UTC | sent_date_max=2026-05-13 15:22:42 UTC | last_updated_min=2026-05-13 15:22:22 UTC | last_updated_max=2026-05-13 15:23:43 UTC
[2026-05-19 01:04:29] Page processed | start=22451 | range_processed=22475 | range_created=18796 | range_updated=3679 | range_skipped_no_hibob=0 | range_errors=0
[2026-05-19 01:04:29] Sleeping 3s before next page...
[2026-05-19 01:04:32] Requesting page | start=22476 | count=25 | date_start=05-01-2026T00:00:00+0000 | date_end=05-31-2026T23:59:59+0000
[2026-05-19 01:04:38] Page received | start=22476 | records=25 | hibob_records=5 | sent_date_min=2025-03-14 23:31:29 UTC | sent_date_max=2026-03-27 04:40:41 UTC | last_updated_min=2026-05-13 15:23:46 UTC | last_updated_max=2026-05-13 15:25:15 UTC
[2026-05-19 01:04:38] Page processed | start=22476 | range_processed=22500 | range_created=18819 | range_updated=3681 | range_skipped_no_hibob=0 | range_errors=0
[2026-05-19 01:04:38] Sleeping 3s before next page...
[2026-05-19 01:04:41] Requesting page | start=22501 | count=25 | date_start=05-01-2026T00:00:00+0000 | date_end=05-31-2026T23:59:59+0000
[2026-05-19 01:04:46] Page received | start=22501 | records=25 | hibob_records=11 | sent_date_min=2024-12-04 14:12:43 UTC | sent_date_max=2026-05-04 22:04:59 UTC | last_updated_min=2026-05-13 15:25:22 UTC | last_updated_max=2026-05-13 15:26:28 UTC
[2026-05-19 01:04:47] Page processed | start=22501 | range_processed=22525 | range_created=18841 | range_updated=3684 | range_skipped_no_hibob=0 | range_errors=0
[2026-05-19 01:04:47] Sleeping 3s before next page...
[2026-05-19 01:04:50] Requesting page | start=22526 | count=25 | date_start=05-01-2026T00:00:00+0000 | date_end=05-31-2026T23:59:59+0000
[2026-05-19 01:04:54] Page received | start=22526 | records=25 | hibob_records=9 | sent_date_min=2025-05-16 17:24:52 UTC | sent_date_max=2026-05-07 09:41:09 UTC | last_updated_min=2026-05-13 15:26:28 UTC | last_updated_max=2026-05-13 15:28:18 UTC
[2026-05-19 01:04:54] Page processed | start=22526 | range_processed=22550 | range_created=18866 | range_updated=3684 | range_skipped_no_hibob=0 | range_errors=0
[2026-05-19 01:04:54] Sleeping 3s before next page...
[2026-05-19 01:04:57] Requesting page | start=22551 | count=25 | date_start=05-01-2026T00:00:00+0000 | date_end=05-31-2026T23:59:59+0000
[2026-05-19 01:05:04] Page received | start=22551 | records=25 | hibob_records=7 | sent_date_min=2025-05-15 21:19:47 UTC | sent_date_max=2026-05-05 13:22:14 UTC | last_updated_min=2026-05-13 15:28:21 UTC | last_updated_max=2026-05-13 15:29:12 UTC
[2026-05-19 01:05:04] Page processed | start=22551 | range_processed=22575 | range_created=18891 | range_updated=3684 | range_skipped_no_hibob=0 | range_errors=0
[2026-05-19 01:05:04] Sleeping 3s before next page...
[2026-05-19 01:05:07] Requesting page | start=22576 | count=25 | date_start=05-01-2026T00:00:00+0000 | date_end=05-31-2026T23:59:59+0000
[2026-05-19 01:05:12] Page received | start=22576 | records=25 | hibob_records=11 | sent_date_min=2025-04-20 11:07:59 UTC | sent_date_max=2026-05-07 16:07:17 UTC | last_updated_min=2026-05-13 15:29:15 UTC | last_updated_max=2026-05-13 15:30:10 UTC
[2026-05-19 01:05:12] Page processed | start=22576 | range_processed=22600 | range_created=18916 | range_updated=3684 | range_skipped_no_hibob=0 | range_errors=0
[2026-05-19 01:05:12] Sleeping 3s before next page...
[2026-05-19 01:05:15] Requesting page | start=22601 | count=25 | date_start=05-01-2026T00:00:00+0000 | date_end=05-31-2026T23:59:59+0000
[2026-05-19 01:05:20] Page received | start=22601 | records=25 | hibob_records=9 | sent_date_min=2025-04-21 12:00:45 UTC | sent_date_max=2026-03-29 19:54:26 UTC | last_updated_min=2026-05-13 15:30:13 UTC | last_updated_max=2026-05-13 15:31:12 UTC
[2026-05-19 01:05:21] Page processed | start=22601 | range_processed=22625 | range_created=18941 | range_updated=3684 | range_skipped_no_hibob=0 | range_errors=0
[2026-05-19 01:05:21] Sleeping 3s before next page...
[2026-05-19 01:05:24] Requesting page | start=22626 | count=25 | date_start=05-01-2026T00:00:00+0000 | date_end=05-31-2026T23:59:59+0000
[2026-05-19 01:05:29] Page received | start=22626 | records=25 | hibob_records=12 | sent_date_min=2025-05-08 12:59:13 UTC | sent_date_max=2026-05-07 05:59:40 UTC | last_updated_min=2026-05-13 15:31:14 UTC | last_updated_max=2026-05-13 15:32:02 UTC
[2026-05-19 01:05:29] Page processed | start=22626 | range_processed=22650 | range_created=18966 | range_updated=3684 | range_skipped_no_hibob=0 | range_errors=0
[2026-05-19 01:05:29] Sleeping 3s before next page...
[2026-05-19 01:05:32] Requesting page | start=22651 | count=25 | date_start=05-01-2026T00:00:00+0000 | date_end=05-31-2026T23:59:59+0000
[2026-05-19 01:05:37] Page received | start=22651 | records=25 | hibob_records=8 | sent_date_min=2024-08-29 10:51:49 UTC | sent_date_max=2026-04-11 08:10:55 UTC | last_updated_min=2026-05-13 15:32:05 UTC | last_updated_max=2026-05-13 15:32:55 UTC
[2026-05-19 01:05:37] Page processed | start=22651 | range_processed=22675 | range_created=18991 | range_updated=3684 | range_skipped_no_hibob=0 | range_errors=0
[2026-05-19 01:05:37] Sleeping 3s before next page...
[2026-05-19 01:05:40] Requesting page | start=22676 | count=25 | date_start=05-01-2026T00:00:00+0000 | date_end=05-31-2026T23:59:59+0000
[2026-05-19 01:05:44] Page received | start=22676 | records=25 | hibob_records=10 | sent_date_min=2024-09-02 17:30:02 UTC | sent_date_max=2026-03-27 16:51:03 UTC | last_updated_min=2026-05-13 15:32:57 UTC | last_updated_max=2026-05-13 15:33:48 UTC
[2026-05-19 01:05:44] Page processed | start=22676 | range_processed=22700 | range_created=19014 | range_updated=3686 | range_skipped_no_hibob=0 | range_errors=0
[2026-05-19 01:05:44] Sleeping 3s before next page...
[2026-05-19 01:05:47] Requesting page | start=22701 | count=25 | date_start=05-01-2026T00:00:00+0000 | date_end=05-31-2026T23:59:59+0000
[2026-05-19 01:05:52] Page received | start=22701 | records=25 | hibob_records=9 | sent_date_min=2025-01-15 07:54:11 UTC | sent_date_max=2026-03-22 13:33:09 UTC | last_updated_min=2026-05-13 15:33:50 UTC | last_updated_max=2026-05-13 15:34:46 UTC
[2026-05-19 01:05:52] Page processed | start=22701 | range_processed=22725 | range_created=19038 | range_updated=3687 | range_skipped_no_hibob=0 | range_errors=0
[2026-05-19 01:05:52] Sleeping 3s before next page...
[2026-05-19 01:05:55] Requesting page | start=22726 | count=25 | date_start=05-01-2026T00:00:00+0000 | date_end=05-31-2026T23:59:59+0000
[2026-05-19 01:06:00] Page received | start=22726 | records=25 | hibob_records=12 | sent_date_min=2025-02-25 09:37:29 UTC | sent_date_max=2026-04-28 12:41:11 UTC | last_updated_min=2026-05-13 15:34:48 UTC | last_updated_max=2026-05-13 15:35:44 UTC
[2026-05-19 01:06:01] Page processed | start=22726 | range_processed=22750 | range_created=19063 | range_updated=3687 | range_skipped_no_hibob=0 | range_errors=0
[2026-05-19 01:06:01] Sleeping 3s before next page...
[2026-05-19 01:06:04] Requesting page | start=22751 | count=25 | date_start=05-01-2026T00:00:00+0000 | date_end=05-31-2026T23:59:59+0000
[2026-05-19 01:06:09] Page received | start=22751 | records=25 | hibob_records=7 | sent_date_min=2025-03-15 12:03:58 UTC | sent_date_max=2026-04-28 12:45:04 UTC | last_updated_min=2026-05-13 15:35:48 UTC | last_updated_max=2026-05-13 15:36:42 UTC
[2026-05-19 01:06:09] Page processed | start=22751 | range_processed=22775 | range_created=19086 | range_updated=3689 | range_skipped_no_hibob=0 | range_errors=0
[2026-05-19 01:06:09] Sleeping 3s before next page...
[2026-05-19 01:06:12] Requesting page | start=22776 | count=25 | date_start=05-01-2026T00:00:00+0000 | date_end=05-31-2026T23:59:59+0000
[2026-05-19 01:06:17] Page received | start=22776 | records=25 | hibob_records=6 | sent_date_min=2025-01-17 10:07:54 UTC | sent_date_max=2026-05-13 15:37:24 UTC | last_updated_min=2026-05-13 15:36:44 UTC | last_updated_max=2026-05-13 15:37:29 UTC
[2026-05-19 01:06:17] Page processed | start=22776 | range_processed=22800 | range_created=19110 | range_updated=3690 | range_skipped_no_hibob=0 | range_errors=0
[2026-05-19 01:06:17] Sleeping 3s before next page...
[2026-05-19 01:06:20] Requesting page | start=22801 | count=25 | date_start=05-01-2026T00:00:00+0000 | date_end=05-31-2026T23:59:59+0000
[2026-05-19 01:06:26] Page received | start=22801 | records=25 | hibob_records=3 | sent_date_min=2025-05-08 12:55:22 UTC | sent_date_max=2026-05-13 15:38:05 UTC | last_updated_min=2026-05-13 15:37:31 UTC | last_updated_max=2026-05-13 15:38:21 UTC
[2026-05-19 01:06:26] Page processed | start=22801 | range_processed=22825 | range_created=19135 | range_updated=3690 | range_skipped_no_hibob=0 | range_errors=0
[2026-05-19 01:06:26] Sleeping 3s before next page...
[2026-05-19 01:06:29] Requesting page | start=22826 | count=25 | date_start=05-01-2026T00:00:00+0000 | date_end=05-31-2026T23:59:59+0000
[2026-05-19 01:06:38] Page received | start=22826 | records=25 | hibob_records=12 | sent_date_min=2025-04-16 02:08:12 UTC | sent_date_max=2026-04-28 14:43:59 UTC | last_updated_min=2026-05-13 15:38:22 UTC | last_updated_max=2026-05-13 15:39:10 UTC
[2026-05-19 01:06:38] Page processed | start=22826 | range_processed=22850 | range_created=19159 | range_updated=3691 | range_skipped_no_hibob=0 | range_errors=0
[2026-05-19 01:06:38] Sleeping 3s before next page...
[2026-05-19 01:06:41] Requesting page | start=22851 | count=25 | date_start=05-01-2026T00:00:00+0000 | date_end=05-31-2026T23:59:59+0000
[2026-05-19 01:06:45] Page received | start=22851 | records=25 | hibob_records=8 | sent_date_min=2025-05-06 19:49:58 UTC | sent_date_max=2026-04-28 16:14:10 UTC | last_updated_min=2026-05-13 15:39:12 UTC | last_updated_max=2026-05-13 15:40:05 UTC
[2026-05-19 01:06:46] Page processed | start=22851 | range_processed=22875 | range_created=19184 | range_updated=3691 | range_skipped_no_hibob=0 | range_errors=0
[2026-05-19 01:06:46] Sleeping 3s before next page...
[2026-05-19 01:06:49] Requesting page | start=22876 | count=25 | date_start=05-01-2026T00:00:00+0000 | date_end=05-31-2026T23:59:59+0000
[2026-05-19 01:06:53] Page received | start=22876 | records=25 | hibob_records=6 | sent_date_min=2025-04-29 19:56:08 UTC | sent_date_max=2026-05-02 22:08:14 UTC | last_updated_min=2026-05-13 15:40:07 UTC | last_updated_max=2026-05-13 15:40:59 UTC
[2026-05-19 01:06:53] Page processed | start=22876 | range_processed=22900 | range_created=19208 | range_updated=3692 | range_skipped_no_hibob=0 | range_errors=0
[2026-05-19 01:06:53] Sleeping 3s before next page...
[2026-05-19 01:06:56] Requesting page | start=22901 | count=25 | date_start=05-01-2026T00:00:00+0000 | date_end=05-31-2026T23:59:59+0000
[2026-05-19 01:07:02] Page received | start=22901 | records=25 | hibob_records=10 | sent_date_min=2025-04-24 20:39:49 UTC | sent_date_max=2025-09-03 19:59:49 UTC | last_updated_min=2026-05-13 15:41:01 UTC | last_updated_max=2026-05-13 15:42:05 UTC
[2026-05-19 01:07:03] Page processed | start=22901 | range_processed=22925 | range_created=19233 | range_updated=3692 | range_skipped_no_hibob=0 | range_errors=0
[2026-05-19 01:07:03] Sleeping 3s before next page...
[2026-05-19 01:07:06] Requesting page | start=22926 | count=25 | date_start=05-01-2026T00:00:00+0000 | date_end=05-31-2026T23:59:59+0000
[2026-05-19 01:07:11] Page received | start=22926 | records=25 | hibob_records=5 | sent_date_min=2025-07-29 15:06:06 UTC | sent_date_max=2026-05-12 15:52:48 UTC | last_updated_min=2026-05-13 15:42:08 UTC | last_updated_max=2026-05-13 15:43:01 UTC
[2026-05-19 01:07:11] Page processed | start=22926 | range_processed=22950 | range_created=19257 | range_updated=3693 | range_skipped_no_hibob=0 | range_errors=0
[2026-05-19 01:07:11] Sleeping 3s before next page...
[2026-05-19 01:07:14] Requesting page | start=22951 | count=25 | date_start=05-01-2026T00:00:00+0000 | date_end=05-31-2026T23:59:59+0000
[2026-05-19 01:07:20] Page received | start=22951 | records=25 | hibob_records=8 | sent_date_min=2025-01-02 19:23:32 UTC | sent_date_max=2025-09-04 14:17:21 UTC | last_updated_min=2026-05-13 15:43:03 UTC | last_updated_max=2026-05-13 15:43:55 UTC
[2026-05-19 01:07:20] Page processed | start=22951 | range_processed=22975 | range_created=19282 | range_updated=3693 | range_skipped_no_hibob=0 | range_errors=0
[2026-05-19 01:07:20] Sleeping 3s before next page...
[2026-05-19 01:07:23] Requesting page | start=22976 | count=25 | date_start=05-01-2026T00:00:00+0000 | date_end=05-31-2026T23:59:59+0000
[2026-05-19 01:07:32] Page received | start=22976 | records=25 | hibob_records=8 | sent_date_min=2025-03-31 12:55:27 UTC | sent_date_max=2025-08-28 09:52:51 UTC | last_updated_min=2026-05-13 15:43:58 UTC | last_updated_max=2026-05-13 15:45:02 UTC
[2026-05-19 01:07:32] Page processed | start=22976 | range_processed=23000 | range_created=19307 | range_updated=3693 | range_skipped_no_hibob=0 | range_errors=0
[2026-05-19 01:07:32] Sleeping 3s before next page...
[2026-05-19 01:07:35] Requesting page | start=23001 | count=25 | date_start=05-01-2026T00:00:00+0000 | date_end=05-31-2026T23:59:59+0000
[2026-05-19 01:07:40] Page received | start=23001 | records=25 | hibob_records=11 | sent_date_min=2025-03-16 14:08:10 UTC | sent_date_max=2025-08-26 14:36:51 UTC | last_updated_min=2026-05-13 15:45:05 UTC | last_updated_max=2026-05-13 15:46:04 UTC
[2026-05-19 01:07:40] Page processed | start=23001 | range_processed=23025 | range_created=19332 | range_updated=3693 | range_skipped_no_hibob=0 | range_errors=0
[2026-05-19 01:07:40] Sleeping 3s before next page...
[2026-05-19 01:07:43] Requesting page | start=23026 | count=25 | date_start=05-01-2026T00:00:00+0000 | date_end=05-31-2026T23:59:59+0000
[2026-05-19 01:07:48] Page received | start=23026 | records=25 | hibob_records=11 | sent_date_min=2025-02-14 12:29:46 UTC | sent_date_max=2025-08-25 09:07:03 UTC | last_updated_min=2026-05-13 15:46:06 UTC | last_updated_max=2026-05-13 15:47:06 UTC
[2026-05-19 01:07:48] Page processed | start=23026 | range_processed=23050 | range_created=19357 | range_updated=3693 | range_skipped_no_hibob=0 | range_errors=0
[2026-05-19 01:07:48] Sleeping 3s before next page...
[2026-05-19 01:07:51] Requesting page | start=23051 | count=25 | date_start=05-01-2026T00:00:00+0000 | date_end=05-31-2026T23:59:59+0000
[2026-05-19 01:07:56] Page received | start=23051 | records=25 | hibob_records=8 | sent_date_min=2025-01-14 02:10:53 UTC | sent_date_max=2026-05-04 19:40:03 UTC | last_updated_min=2026-05-13 15:47:09 UTC | last_updated_max=2026-05-13 15:48:06 UTC
[2026-05-19 01:07:56] Page processed | start=23051 | range_processed=23075 | range_created=19382 | range_updated=3693 | range_skipped_no_hibob=0 | range_errors=0
[2026-05-19 01:07:56] Sleeping 3s before next page...
[2026-05-19 01:07:59] Requesting page | start=23076 | count=25 | date_start=05-01-2026T00:00:00+0000 | date_end=05-31-2026T23:59:59+0000
[2026-05-19 01:08:10] Page received | start=23076 | records=25 | hibob_records=8 | sent_date_min=2024-09-22 05:46:55 UTC | sent_date_max=2026-04-28 15:22:24 UTC | last_updated_min=2026-05-13 15:48:08 UTC | last_updated_max=2026-05-13 15:49:01 UTC
[2026-05-19 01:08:10] Page processed | start=23076 | range_processed=23100 | range_created=19407 | range_updated=3693 | range_skipped_no_hibob=0 | range_errors=0
[2026-05-19 01:08:10] Sleeping 3s before next page...
[2026-05-19 01:08:13] Requesting page | start=23101 | count=25 | date_start=05-01-2026T00:00:00+0000 | date_end=05-31-2026T23:59:59+0000
[2026-05-19 01:08:19] Page received | start=23101 | records=25 | hibob_records=8 | sent_date_min=2024-09-02 14:32:13 UTC | sent_date_max=2026-05-13 15:49:38 UTC | last_updated_min=2026-05-13 15:49:03 UTC | last_updated_max=2026-05-13 15:49:51 UTC
[2026-05-19 01:08:19] Page processed | start=23101 | range_processed=23125 | range_created=19431 | range_updated=3694 | range_skipped_no_hibob=0 | range_errors=0
[2026-05-19 01:08:19] Sleeping 3s before next page...
[2026-05-19 01:08:22] Requesting page | start=23126 | count=25 | date_start=05-01-2026T00:00:00+0000 | date_end=05-31-2026T23:59:59+0000
[2026-05-19 01:08:27] Page received | start=23126 | records=25 | hibob_records=11 | sent_date_min=2025-01-14 11:37:18 UTC | sent_date_max=2026-05-04 16:24:36 UTC | last_updated_min=2026-05-13 15:49:53 UTC | last_updated_max=2026-05-13 15:50:48 UTC
[2026-05-19 01:08:27] Page processed | start=23126 | range_processed=23150 | range_created=19454 | range_updated=3696 | range_skipped_no_hibob=0 | range_errors=0
[2026-05-19 01:08:27] Sleeping 3s before next page...
[2026-05-19 01:08:30] Requesting page | start=23151 | count=25 | date_start=05-01-2026T00:00:00+0000 | date_end=05-31-2026T23:59:59+0000
[2026-05-19 01:08:35] Page received | start=23151 | records=25 | hibob_records=12 | sent_date_min=2025-05-08 14:33:44 UTC | sent_date_max=2026-05-07 22:47:30 UTC | last_updated_min=2026-05-13 15:50:49 UTC | last_updated_max=2026-05-13 15:51:49 UTC
[2026-05-19 01:08:35] Page processed | start=23151 | range_processed=23175 | range_created=19478 | range_updated=3697 | range_skipped_no_hibob=0 | range_errors=0
[2026-05-19 01:08:35] Sleeping 3s before next page...
[2026-05-19 01:08:38] Requesting page | start=23176 | count=25 | date_start=05-01-2026T00:00:00+0000 | date_end=05-31-2026T23:59:59+0000
[2026-05-19 01:08:43] Page received | start=23176 | records=25 | hibob_records=4 | sent_date_min=2025-01-08 14:12:24 UTC | sent_date_max=2026-05-13 15:52:36 UTC | last_updated_min=2026-05-13 15:51:51 UTC | last_updated_max=2026-05-13 15:52:47 UTC
[2026-05-19 01:08:43] Page processed | start=23176 | range_processed=23200 | range_created=19503 | range_updated=3697 | range_skipped_no_hibob=0 | range_errors=0
[2026-05-19 01:08:43] Sleeping 3s before next page...
[2026-05-19 01:08:46] Requesting page | start=23201 | count=25 | date_start=05-01-2026T00:00:00+0000 | date_end=05-31-2026T23:59:59+0000
[2026-05-19 01:08:52] Page received | start=23201 | records=25 | hibob_records=5 | sent_date_min=2025-05-11 12:23:00 UTC | sent_date_max=2025-08-19 14:59:28 UTC | last_updated_min=2026-05-13 15:52:49 UTC | last_updated_max=2026-05-13 15:54:04 UTC
[2026-05-19 01:08:52] Page processed | start=23201 | range_processed=23225 | range_created=19528 | range_updated=3697 | range_skipped_no_hibob=0 | range_errors=0
[2026-05-19 01:08:52] Sleeping 3s before next page...
[2026-05-19 01:08:55] Requesting page | start=23226 | count=25 | date_start=05-01-2026T00:00:00+0000 | date_end=05-31-2026T23:59:59+0000
[2026-05-19 01:09:01] Page received | start=23226 | records=25 | hibob_records=9 | sent_date_min=2025-04-28 21:28:57 UTC | sent_date_max=2026-05-13 15:54:20 UTC | last_updated_min=2026-05-13 15:54:07 UTC | last_updated_max=2026-05-13 15:55:10 UTC
[2026-05-19 01:09:01] Page processed | start=23226 | range_processed=23250 | range_created=19552 | range_updated=3698 | range_skipped_no_hibob=0 | range_errors=0
[2026-05-19 01:09:01] Sleeping 3s before next page...
[2026-05-19 01:09:04] Requesting page | start=23251 | count=25 | date_start=05-01-2026T00:00:00+0000 | date_end=05-31-2026T23:59:59+0000
[2026-05-19 01:09:08] Page received | start=23251 | records=25 | hibob_records=7 | sent_date_min=2025-04-04 12:00:50 UTC | sent_date_max=2026-05-08 12:08:19 UTC | last_updated_min=2026-05-13 15:55:13 UTC | last_updated_max=2026-05-13 15:56:16 UTC
[2026-05-19 01:09:09] Page processed | start=23251 | range_processed=23275 | range_created=19575 | range_updated=3700 | range_skipped_no_hibob=0 | range_errors=0
[2026-05-19 01:09:09] Sleeping 3s before next page...
[2026-05-19 01:09:12] Requesting page | start=23276 | count=25 | date_start=05-01-2026T00:00:00+0000 | date_end=05-31-2026T23:59:59+0000
[2026-05-19 01:09:20] Page received | start=23276 | records=25 | hibob_records=6 | sent_date_min=2025-04-11 15:41:26 UTC | sent_date_max=2026-05-08 12:17:34 UTC | last_updated_min=2026-05-13 15:56:19 UTC | last_updated_max=2026-05-13 15:57:25 UTC
[2026-05-19 01:09:20] Page processed | start=23276 | range_processed=23300 | range_created=19598 | range_updated=3702 | range_skipped_no_hibob=0 | range_errors=0
[2026-05-19 01:09:20] Sleeping 3s before next page...
[2026-05-19 01:09:23] Requesting page | start=23301 | count=25 | date_start=05-01-2026T00:00:00+0000 | date_end=05-31-2026T23:59:59+0000
[2026-05-19 01:09:29] Page received | start=23301 | records=25 | hibob_records=9 | sent_date_min=2025-03-13 14:51:59 UTC | sent_date_max=2026-04-26 14:33:25 UTC | last_updated_min=2026-05-13 15:57:27 UTC | last_updated_max=2026-05-13 15:58:30 UTC
[2026-05-19 01:09:29] Page processed | start=23301 | range_processed=23325 | range_created=19620 | range_updated=3705 | range_skipped_no_hibob=0 | range_errors=0
[2026-05-19 01:09:29] Sleeping 3s before next page...
[2026-05-19 01:09:32] Requesting page | start=23326 | count=25 | date_start=05-01-2026T00:00:00+0000 | date_end=05-31-2026T23:59:59+0000
[2026-05-19 01:09:36] Page received | start=23326 | records=25 | hibob_records=3 | sent_date_min=2024-11-21 09:08:32 UTC | sent_date_max=2026-05-13 15:58:36 UTC | last_updated_min=2026-05-13 15:58:33 UTC | last_updated_max=2026-05-13 15:59:36 UTC
[2026-05-19 01:09:36] Page processed | start=23326 | range_processed=23350 | range_created=19644 | range_updated=3706 | range_skipped_no_hibob=0 | range_errors=0
[2026-05-19 01:09:36] Sleeping 3s before next page...
[2026-05-19 01:09:39] Requesting page | start=23351 | count=25 | date_start=05-01-2026T00:00:00+0000 | date_end=05-31-2026T23:59:59+0000
[2026-05-19 01:09:44] Page received | start=23351 | records=25 | hibob_records=9 | sent_date_min=2025-01-19 22:56:36 UTC | sent_date_max=2026-02-27 10:14:50 UTC | last_updated_min=2026-05-13 15:59:39 UTC | last_updated_max=2026-05-13 16:00:46 UTC
[2026-05-19 01:09:44] Page processed | start=23351 | range_processed=23375 | range_created=19669 | range_updated=3706 | range_skipped_no_hibob=0 | range_errors=0
[2026-05-19 01:09:44] Sleeping 3s before next page...
[2026-05-19 01:09:47] Requesting page | start=23376 | count=25 | date_start=05-01-2026T00:00:00+0000 | date_end=05-31-2026T23:59:59+0000
[2026-05-19 01:09:51] Page received | start=23376 | records=25 | hibob_records=11 | sent_date_min=2025-03-15 04:56:27 UTC | sent_date_max=2025-11-10 18:07:33 UTC | last_updated_min=2026-05-13 16:00:49 UTC | last_updated_max=2026-05-13 16:01:39 UTC
[2026-05-19 01:09:51] Page processed | start=23376 | range_processed=23400 | range_created=19693 | range_updated=3707 | range_skipped_no_hibob=0 | range_errors=0
[2026-05-19 01:09:51] Sleeping 3s before next page...
[2026-05-19 01:09:54] Requesting page | start=23401 | count=25 | date_start=05-01-2026T00:00:00+0000 | date_end=05-31-2026T23:59:59+0000
[2026-05-19 01:09:59] Page received | start=23401 | records=25 | hibob_records=9 | sent_date_min=2024-09-12 11:32:45 UTC | sent_date_max=2025-11-17 07:22:31 UTC | last_updated_min=2026-05-13 16:01:41 UTC | last_updated_max=2026-05-13 16:02:27 UTC
[2026-05-19 01:09:59] Page processed | start=23401 | range_processed=23425 | range_created=19715 | range_updated=3710 | range_skipped_no_hibob=0 | range_errors=0
[2026-05-19 01:09:59] Sleeping 3s before next page...
[2026-05-19 01:10:02] Requesting page | start=23426 | count=25 | date_start=05-01-2026T00:00:00+0000 | date_end=05-31-2026T23:59:59+0000
[2026-05-19 01:10:07] Page received | start=23426 | records=25 | hibob_records=9 | sent_date_min=2025-01-13 22:14:38 UTC | sent_date_max=2026-04-26 12:32:20 UTC | last_updated_min=2026-05-13 16:02:30 UTC | last_updated_max=2026-05-13 16:03:27 UTC
[2026-05-19 01:10:07] Page processed | start=23426 | range_processed=23450 | range_created=19739 | range_updated=3711 | range_skipped_no_hibob=0 | range_errors=0
[2026-05-19 01:10:07] Sleeping 3s before next page...
[2026-05-19 01:10:10] Requesting page | start=23451 | count=25 | date_start=05-01-2026T00:00:00+0000 | date_end=05-31-2026T23:59:59+0000
[2026-05-19 01:10:15] Page received | start=23451 | records=25 | hibob_records=3 | sent_date_min=2025-03-01 15:23:20 UTC | sent_date_max=2025-08-06 12:10:16 UTC | last_updated_min=2026-05-13 16:03:29 UTC | last_updated_max=2026-05-13 16:04:24 UTC
[2026-05-19 01:10:16] Page processed | start=23451 | range_processed=23475 | range_created=19764 | range_updated=3711 | range_skipped_no_hibob=0 | range_errors=0
[2026-05-19 01:10:16] Sleeping 3s before next page...
[2026-05-19 01:10:19] Requesting page | start=23476 | count=25 | date_start=05-01-2026T00:00:00+0000 | date_end=05-31-2026T23:59:59+0000
[2026-05-19 01:10:23] Page received | start=23476 | records=25 | hibob_records=6 | sent_date_min=2025-03-22 17:01:53 UTC | sent_date_max=2025-08-11 15:35:16 UTC | last_updated_min=2026-05-13 16:04:27 UTC | last_updated_max=2026-05-13 16:05:23 UTC
[2026-05-19 01:10:24] Page processed | start=23476 | range_processed=23500 | range_created=19789 | range_updated=3711 | range_skipped_no_hibob=0 | range_errors=0
[2026-05-19 01:10:24] Sleeping 3s before next page...
[2026-05-19 01:10:27] Requesting page | start=23501 | count=25 | date_start=05-01-2026T00:00:00+0000 | date_end=05-31-2026T23:59:59+0000
[2026-05-19 01:10:32] Page received | start=23501 | records=25 | hibob_records=8 | sent_date_min=2025-01-27 15:33:59 UTC | sent_date_max=2026-05-13 16:06:10 UTC | last_updated_min=2026-05-13 16:05:28 UTC | last_updated_max=2026-05-13 16:06:19 UTC
[2026-05-19 01:10:32] Page processed | start=23501 | range_processed=23525 | range_created=19812 | range_updated=3713 | range_skipped_no_hibob=0 | range_errors=0
[2026-05-19 01:10:32] Sleeping 3s before next page...
[2026-05-19 01:10:35] Requesting page | start=23526 | count=25 | date_start=05-01-2026T00:00:00+0000 | date_end=05-31-2026T23:59:59+0000
[2026-05-19 01:10:40] Page received | start=23526 | records=25 | hibob_records=4 | sent_date_min=2025-02-04 16:15:51 UTC | sent_date_max=2026-05-13 16:07:12 UTC | last_updated_min=2026-05-13 16:06:22 UTC | last_updated_max=2026-05-13 16:07:14 UTC
[2026-05-19 01:10:40] Page processed | start=23526 | range_processed=23550 | range_created=19837 | range_updated=3713 | range_skipped_no_hibob=0 | range_errors=0
[2026-05-19 01:10:40] Sleeping 3s before next page...
[2026-05-19 01:10:43] Requesting page | start=23551 | count=25 | date_start=05-01-2026T00:00:00+0000 | date_end=05-31-2026T23:59:59+0000
[2026-05-19 01:10:49] Page received | start=23551 | records=25 | hibob_records=9 | sent_date_min=2025-01-13 10:23:00 UTC | sent_date_max=2026-05-13 14:37:14 UTC | last_updated_min=2026-05-13 16:07:17 UTC | last_updated_max=2026-05-13 16:08:11 UTC
[2026-05-19 01:10:49] Page processed | start=23551 | range_processed=23575 | range_created=19862 | range_updated=3713 | range_skipped_no_hibob=0 | range_errors=0
[2026-05-19 01:10:49] Sleeping 3s before next page...
[2026-05-19 01:10:52] Requesting page | start=23576 | count=25 | date_start=05-01-2026T00:00:00+0000 | date_end=05-31-2026T23:59:59+0000
[2026-05-19 01:10:57] Page received | start=23576 | records=25 | hibob_records=11 | sent_date_min=2024-09-04 21:21:24 UTC | sent_date_max=2026-05-03 03:52:11 UTC | last_updated_min=2026-05-13 16:08:14 UTC | last_updated_max=2026-05-13 16:09:12 UTC
[2026-05-19 01:10:57] Page processed | start=23576 | range_processed=23600 | range_created=19887 | range_updated=3713 | range_skipped_no_hibob=0 | range_errors=0
[2026-05-19 01:10:57] Sleeping 3s before next page...
[2026-05-19 01:11:00] Requesting page | start=23601 | count=25 | date_start=05-01-2026T00:00:00+0000 | date_end=05-31-2026T23:59:59+0000
[2026-05-19 01:11:05] Page received | start=23601 | records=25 | hibob_records=8 | sent_date_min=2024-11-21 09:03:51 UTC | sent_date_max=2026-05-08 17:49:09 UTC | last_updated_min=2026-05-13 16:09:13 UTC | last_updated_max=2026-05-13 16:10:11 UTC
[2026-05-19 01:11:05] Page processed | start=23601 | range_processed=23625 | range_created=19911 | range_updated=3714 | range_skipped_no_hibob=0 | range_errors=0
[2026-05-19 01:11:05] Sleeping 3s before next page...
[2026-05-19 01:11:08] Requesting page | start=23626 | count=25 | date_start=05-01-2026T00:00:00+0000 | date_end=05-31-2026T23:59:59+0000
[2026-05-19 01:11:13] Page received | start=23626 | records=25 | hibob_records=7 | sent_date_min=2025-06-13 07:32:20 UTC | sent_date_max=2026-05-13 14:40:34 UTC | last_updated_min=2026-05-13 16:10:14 UTC | last_updated_max=2026-05-13 16:10:53 UTC
[2026-05-19 01:11:13] Page processed | start=23626 | range_processed=23650 | range_created=19935 | range_updated=3715 | range_skipped_no_hibob=0 | range_errors=0
[2026-05-19 01:11:13] Sleeping 3s before next page...
[2026-05-19 01:11:16] Requesting page | start=23651 | count=25 | date_start=05-01-2026T00:00:00+0000 | date_end=05-31-2026T23:59:59+0000
[2026-05-19 01:11:21] Page received | start=23651 | records=25 | hibob_records=7 | sent_date_min=2025-04-10 11:57:20 UTC | sent_date_max=2026-05-08 20:20:21 UTC | last_updated_min=2026-05-13 16:10:56 UTC | last_updated_max=2026-05-13 16:11:53 UTC
[2026-05-19 01:11:21] Page processed | start=23651 | range_processed=23675 | range_created=19959 | range_updated=3716 | range_skipped_no_hibob=0 | range_errors=0
[2026-05-19 01:11:21] Sleeping 3s before next page...
[2026-05-19 01:11:24] Requesting page | start=23676 | count=25 | date_start=05-01-2026T00:00:00+0000 | date_end=05-31-2026T23:59:59+0000
[2026-05-19 01:11:29] Page received | start=23676 | records=25 | hibob_records=8 | sent_date_min=2024-12-14 13:52:02 UTC | sent_date_max=2026-04-17 14:37:35 UTC | last_updated_min=2026-05-13 16:11:56 UTC | last_updated_max=2026-05-13 16:12:51 UTC
[2026-05-19 01:11:29] Page processed | start=23676 | range_processed=23700 | range_created=19984 | range_updated=3716 | range_skipped_no_hibob=0 | range_errors=0
[2026-05-19 01:11:29] Sleeping 3s before next page...
[2026-05-19 01:11:32] Requesting page | start=23701 | count=25 | date_start=05-01-2026T00:00:00+0000 | date_end=05-31-2026T23:59:59+0000
[2026-05-19 01:11:37] Page received | start=23701 | records=25 | hibob_records=5 | sent_date_min=2025-03-15 03:40:47 UTC | sent_date_max=2026-04-16 14:52:59 UTC | last_updated_min=2026-05-13 16:12:53 UTC | last_updated_max=2026-05-13 16:13:56 UTC
[2026-05-19 01:11:37] Page processed | start=23701 | range_processed=23725 | range_created=20008 | range_updated=3717 | range_skipped_no_hibob=0 | range_errors=0
[2026-05-19 01:11:37] Sleeping 3s before next page...
[2026-05-19 01:11:40] Requesting page | start=23726 | count=25 | date_start=05-01-2026T00:00:00+0000 | date_end=05-31-2026T23:59:59+0000
[2026-05-19 01:11:45] Page received | start=23726 | records=25 | hibob_records=15 | sent_date_min=2025-03-20 11:38:48 UTC | sent_date_max=2026-05-08 21:52:09 UTC | last_updated_min=2026-05-13 16:13:58 UTC | last_updated_max=2026-05-13 16:14:50 UTC
[2026-05-19 01:11:46] Page processed | start=23726 | range_processed=23750 | range_created=20033 | range_updated=3717 | range_skipped_no_hibob=0 | range_errors=0
[2026-05-19 01:11:46] Sleeping 3s before next page...
[2026-05-19 01:11:49] Requesting page | start=23751 | count=25 | date_start=05-01-2026T00:00:00+0000 | date_end=05-31-2026T23:59:59+0000
[2026-05-19 01:11:53] Page received | start=23751 | records=25 | hibob_records=8 | sent_date_min=2025-03-19 15:44:24 UTC | sent_date_max=2025-07-29 12:03:50 UTC | last_updated_min=2026-05-13 16:14:52 UTC | last_updated_max=2026-05-13 16:15:47 UTC
[2026-05-19 01:11:53] Page processed | start=23751 | range_processed=23775 | range_created=20057 | range_updated=3718 | range_skipped_no_hibob=0 | range_errors=0
[2026-05-19 01:11:53] Sleeping 3s before next page...
[2026-05-19 01:11:56] Requesting page | start=23776 | count=25 | date_start=05-01-2026T00:00:00+0000 | date_end=05-31-2026T23:59:59+0000
[2026-05-19 01:12:01] Page received | start=23776 | records=25 | hibob_records=11 | sent_date_min=2025-03-31 09:23:16 UTC | sent_date_max=2026-05-09 00:37:03 UTC | last_updated_min=2026-05-13 16:15:49 UTC | last_updated_max=2026-05-13 16:16:41 UTC
[2026-05-19 01:12:01] Page processed | start=23776 | range_processed=23800 | range_created=20080 | range_updated=3720 | range_skipped_no_hibob=0 | range_errors=0
[2026-05-19 01:12:01] Sleeping 3s before next page...
[2026-05-19 01:12:04] Requesting page | start=23801 | count=25 | date_start=05-01-2026T00:00:00+0000 | date_end=05-31-2026T23:59:59+0000
[2026-05-19 01:12:08] Page received | start=23801 | records=25 | hibob_records=6 | sent_date_min=2025-02-20 10:48:04 UTC | sent_date_max=2025-08-01 08:47:26 UTC | last_updated_min=2026-05-13 16:16:43 UTC | last_updated_max=2026-05-13 16:17:36 UTC
[2026-05-19 01:12:08] Page processed | start=23801 | range_processed=23825 | range_created=20105 | range_updated=3720 | range_skipped_no_hibob=0 | range_errors=0
[2026-05-19 01:12:08] Sleeping 3s before next page...
[2026-05-19 01:12:11] Requesting page | start=23826 | count=25 | date_start=05-01-2026T00:00:00+0000 | date_end=05-31-2026T23:59:59+0000
[2026-05-19 01:12:16] Page received | start=23826 | records=25 | hibob_records=9 | sent_date_min=2025-05-17 08:15:14 UTC | sent_date_max=2025-08-02 20:42:38 UTC | last_updated_min=2026-05-13 16:17:38 UTC | last_updated_max=2026-05-13 16:18:34 UTC
[2026-05-19 01:12:16] Page processed | start=23826 | range_processed=23850 | range_created=20128 | range_updated=3722 | range_skipped_no_hibob=0 | range_errors=0
[2026-05-19 01:12:16] Sleeping 3s before next page...
[2026-05-19 01:12:19] Requesting page | start=23851 | count=25 | date_start=05-01-2026T00:00:00+0000 | date_end=05-31-2026T23:59:59+0000
[2026-05-19 01:12:24] Page received | start=23851 | records=25 | hibob_records=9 | sent_date_min=2024-10-24 12:37:45 UTC | sent_date_max=2026-04-24 11:35:16 UTC | last_updated_min=2026-05-13 16:18:37 UTC | last_updated_max=2026-05-13 16:19:34 UTC
[2026-05-19 01:12:24] Page processed | start=23851 | range_processed=23875 | range_created=20153 | range_updated=3722 | range_skipped_no_hibob=0 | range_errors=0
[2026-05-19 01:12:24] Sleeping 3s before next page...
[2026-05-19 01:12:27] Requesting page | start=23876 | count=25 | date_start=05-01-2026T00:00:00+0000 | date_end=05-31-2026T23:59:59+0000
[2026-05-19 01:12:36] Page received | start=23876 | records=25 | hibob_records=5 | sent_date_min=2025-04-04 20:12:34 UTC | sent_date_max=2025-11-13 14:53:31 UTC | last_updated_min=2026-05-13 16:19:37 UTC | last_updated_max=2026-05-13 16:20:32 UTC
[2026-05-19 01:12:36] Page processed | start=23876 | range_processed=23900 | range_created=20178 | range_updated=3722 | range_skipped_no_hibob=0 | range_errors=0
[2026-05-19 01:12:36] Sleeping 3s before next page...
[2026-05-19 01:12:39] Requesting page | start=23901 | count=25 | date_start=05-01-2026T00:00:00+0000 | date_end=05-31-2026T23:59:59+0000
[2026-05-19 01:12:45] Page received | start=23901 | records=25 | hibob_records=3 | sent_date_min=2024-11-21 07:06:37 UTC | sent_date_max=2025-07-23 19:37:44 UTC | last_updated_min=2026-05-13 16:20:34 UTC | last_updated_max=2026-05-13 16:21:25 UTC
[2026-05-19 01:12:45] Page processed | start=23901 | range_processed=23925 | range_created=20203 | range_updated=3722 | range_skipped_no_hibob=0 | range_errors=0
[2026-05-19 01:12:45] Sleeping 3s before next page...
[2026-05-19 01:12:48] Requesting page | start=23926 | count=25 | date_start=05-01-2026T00:00:00+0000 | date_end=05-31-2026T23:59:59+0000
[2026-05-19 01:12:52] Page received | start=23926 | records=25 | hibob_records=7 | sent_date_min=2024-11-20 10:23:26 UTC | sent_date_max=2026-05-13 16:22:08 UTC | last_updated_min=2026-05-13 16:21:27 UTC | last_updated_max=2026-05-13 16:22:21 UTC
[2026-05-19 01:12:52] Page processed | start=23926 | range_processed=23950 | range_created=20228 | range_updated=3722 | range_skipped_no_hibob=0 | range_errors=0
[2026-05-19 01:12:52] Sleeping 3s before next page...
[2026-05-19 01:12:55] Requesting page | start=23951 | count=25 | date_start=05-01-2026T00:00:00+0000 | date_end=05-31-2026T23:59:59+0000
[2026-05-19 01:13:00] Page received | start=23951 | records=25 | hibob_records=10 | sent_date_min=2025-03-31 11:10:00 UTC | sent_date_max=2026-05-13 16:22:43 UTC | last_updated_min=2026-05-13 16:22:22 UTC | last_updated_max=2026-05-13 16:23:14 UTC
[2026-05-19 01:13:00] Page processed | start=23951 | range_processed=23975 | range_created=20253 | range_updated=3722 | range_skipped_no_hibob=0 | range_errors=0
[2026-05-19 01:13:00] Sleeping 3s before next page...
[2026-05-19 01:13:03] Requesting page | start=23976 | count=25 | date_start=05-01-2026T00:00:00+0000 | date_end=05-31-2026T23:59:59+0000
[2026-05-19 01:13:08] Page received | start=23976 | records=25 | hibob_records=6 | sent_date_min=2025-01-28 17:24:26 UTC | sent_date_max=2026-05-09 01:22:07 UTC | last_updated_min=2026-05-13 16:23:17 UTC | last_updated_max=2026-05-13 16:24:27 UTC
[2026-05-19 01:13:08] Page processed | start=23976 | range_processed=24000 | range_created=20276 | range_updated=3724 | range_skipped_no_hibob=0 | range_errors=0
[2026-05-19 01:13:08] Sleeping 3s before next page...
[2026-05-19 01:13:11] Requesting page | start=24001 | count=25 | date_start=05-01-2026T00:00:00+0000 | date_end=05-31-2026T23:59:59+0000
[2026-05-19 01:13:17] Page received | start=24001 | records=25 | hibob_records=1 | sent_date_min=2025-03-19 18:08:22 UTC | sent_date_max=2026-05-02 23:07:04 UTC | last_updated_min=2026-05-13 16:24:30 UTC | last_updated_max=2026-05-13 16:25:40 UTC
[2026-05-19 01:13:17] Page processed | start=24001 | range_processed=24025 | range_created=20300 | range_updated=3725 | range_skipped_no_hibob=0 | range_errors=0
[2026-05-19 01:13:17] Sleeping 3s before next page...
[2026-05-19 01:13:20] Requesting page | start=24026 | count=25 | date_start=05-01-2026T00:00:00+0000 | date_end=05-31-2026T23:59:59+0000
[2026-05-19 01:13:25] Page received | start=24026 | records=25 | hibob_records=6 | sent_date_min=2025-02-10 10:09:42 UTC | sent_date_max=2026-05-09 05:07:14 UTC | last_updated_min=2026-05-13 16:25:43 UTC | last_updated_max=2026-05-13 16:26:36 UTC
[2026-05-19 01:13:25] Page processed | start=24026 | range_processed=24050 | range_created=20324 | range_updated=3726 | range_skipped_no_hibob=0 | range_errors=0
[2026-05-19 01:13:25] Sleeping 3s before next page...
[2026-05-19 01:13:28] Requesting page | start=24051 | count=25 | date_start=05-01-2026T00:00:00+0000 | date_end=05-31-2026T23:59:59+0000
[2026-05-19 01:13:33] Page received | start=24051 | records=25 | hibob_records=14 | sent_date_min=2025-04-15 10:11:34 UTC | sent_date_max=2025-07-18 14:42:55 UTC | last_updated_min=2026-05-13 16:26:38 UTC | last_updated_max=2026-05-13 16:27:46 UTC
[2026-05-19 01:13:33] Page processed | start=24051 | range_processed=24075 | range_created=20349 | range_updated=3726 | range_skipped_no_hibob=0 | range_errors=0
[2026-05-19 01:13:33] Sleeping 3s before next page...
[2026-05-19 01:13:36] Requesting page | start=24076 | count=25 | date_start=05-01-2026T00:00:00+0000 | date_end=05-31-2026T23:59:59+0000
[2026-05-19 01:13:40] Page received | start=24076 | records=25 | hibob_records=13 | sent_date_min=2024-10-30 14:12:52 UTC | sent_date_max=2026-05-09 19:22:29 UTC | last_updated_min=2026-05-13 16:27:49 UTC | last_updated_max=2026-05-13 16:28:53 UTC
[2026-05-19 01:13:41] Page processed | start=24076 | range_processed=24100 | range_created=20374 | range_updated=3726 | range_skipped_no_hibob=0 | range_errors=0
[2026-05-19 01:13:41] Sleeping 3s before next page...
[2026-05-19 01:13:44] Requesting page | start=24101 | count=25 | date_start=05-01-2026T00:00:00+0000 | date_end=05-31-2026T23:59:59+0000
[2026-05-19 01:13:49] Page received | start=24101 | records=25 | hibob_records=10 | sent_date_min=2025-02-11 13:45:55 UTC | sent_date_max=2026-05-09 19:52:32 UTC | last_updated_min=2026-05-13 16:28:56 UTC | last_updated_max=2026-05-13 16:30:00 UTC
[2026-05-19 01:13:49] Page processed | start=24101 | range_processed=24125 | range_created=20398 | range_updated=3727 | range_skipped_no_hibob=0 | range_errors=0
[2026-05-19 01:13:49] Sleeping 3s before next page...
[2026-05-19 01:13:52] Requesting page | start=24126 | count=25 | date_start=05-01-2026T00:00:00+0000 | date_end=05-31-2026T23:59:59+0000
[2026-05-19 01:13:57] Page received | start=24126 | records=25 | hibob_records=7 | sent_date_min=2024-12-14 18:26:22 UTC | sent_date_max=2025-07-17 12:59:47 UTC | last_updated_min=2026-05-13 16:30:03 UTC | last_updated_max=2026-05-13 16:31:12 UTC
[2026-05-19 01:13:57] Page processed | start=24126 | range_processed=24150 | range_created=20422 | range_updated=3728 | range_skipped_no_hibob=0 | range_errors=0
[2026-05-19 01:13:57] Sleeping 3s before next page...
[2026-05-19 01:14:00] Requesting page | start=24151 | count=25 | date_start=05-01-2026T00:00:00+0000 | date_end=05-31-2026T23:59:59+0000
[2026-05-19 01:14:04] Page received | start=24151 | records=25 | hibob_records=10 | sent_date_min=2024-11-21 09:12:24 UTC | sent_date_max=2026-01-16 14:07:26 UTC | last_updated_min=2026-05-13 16:31:14 UTC | last_updated_max=2026-05-13 16:32:25 UTC
[2026-05-19 01:14:05] Page processed | start=24151 | range_processed=24175 | range_created=20447 | range_updated=3728 | range_skipped_no_hibob=0 | range_errors=0
[2026-05-19 01:14:05] Sleeping 3s before next page...
[2026-05-19 01:14:08] Requesting page | start=24176 | count=25 | date_start=05-01-2026T00:00:00+0000 | date_end=05-31-2026T23:59:59+0000
[2026-05-19 01:14:12] Page received | start=24176 | records=25 | hibob_records=12 | sent_date_min=2025-03-04 21:20:18 UTC | sent_date_max=2025-07-15 08:49:48 UTC | last_updated_min=2026-05-13 16:32:27 UTC | last_updated_max=2026-05-13 16:33:36 UTC
[2026-05-19 01:14:13] Page processed | start=24176 | range_processed=24200 | range_created=20471 | range_updated=3729 | range_skipped_no_hibob=0 | range_errors=0
[2026-05-19 01:14:13] Sleeping 3s before next page...
[2026-05-19 01:14:16] Requesting page | start=24201 | count=25 | date_start=05-01-2026T00:00:00+0000 | date_end=05-31-2026T23:59:59+0000
[2026-05-19 01:14:21] Page received | start=24201 | records=25 | hibob_records=8 | sent_date_min=2025-03-27 13:53:49 UTC | sent_date_max=2026-05-01 16:52:13 UTC | last_updated_min=2026-05-13 16:33:39 UTC | last_updated_max=2026-05-13 16:34:50 UTC
[2026-05-19 01:14:21] Page processed | start=24201 | range_processed=24225 | range_created=20495 | range_updated=3730 | range_skipped_no_hibob=0 | range_errors=0
[2026-05-19 01:14:21] Sleeping 3s before next page...
[2026-05-19 01:14:24] Requesting page | start=24226 | count=25 | date_start=05-01-2026T00:00:00+0000 | date_end=05-31-2026T23:59:59+0000
[2026-05-19 01:14:28] Page received | start=24226 | records=25 | hibob_records=9 | sent_date_min=2024-11-29 03:43:35 UTC | sent_date_max=2026-04-30 08:14:46 UTC | last_updated_min=2026-05-13 16:34:53 UTC | last_updated_max=2026-05-13 16:36:02 UTC
[2026-05-19 01:14:29] Page processed | start=24226 | range_processed=24250 | range_created=20520 | range_updated=3730 | range_skipped_no_hibob=0 | range_errors=0
[2026-05-19 01:14:29] Sleeping 3s before next page...
[2026-05-19 01:14:32] Requesting page | start=24251 | count=25 | date_start=05-01-2026T00:00:00+0000 | date_end=05-31-2026T23:59:59+0000
[2026-05-19 01:14:37] Page received | start=24251 | records=25 | hibob_records=6 | sent_date_min=2024-08-21 07:25:51 UTC | sent_date_max=2026-05-13 16:37:11 UTC | last_updated_min=2026-05-13 16:36:04 UTC | last_updated_max=2026-05-13 16:37:12 UTC
[2026-05-19 01:14:37] Page processed | start=24251 | range_processed=24275 | range_created=20545 | range_updated=3730 | range_skipped_no_hibob=0 | range_errors=0
[2026-05-19 01:14:37] Sleeping 3s before next page...
[2026-05-19 01:14:40] Requesting page | start=24276 | count=25 | date_start=05-01-2026T00:00:00+0000 | date_end=05-31-2026T23:59:59+0000
[2026-05-19 01:14:44] Page received | start=24276 | records=25 | hibob_records=11 | sent_date_min=2024-07-19 01:47:50 UTC | sent_date_max=2026-05-13 16:37:57 UTC | last_updated_min=2026-05-13 16:37:15 UTC | last_updated_max=2026-05-13 16:38:14 UTC
[2026-05-19 01:14:44] Page processed | start=24276 | range_processed=24300 | range_created=20570 | range_updated=3730 | range_skipped_no_hibob=0 | range_errors=0
[2026-05-19 01:14:44] Sleeping 3s before next page...
[2026-05-19 01:14:47] Requesting page | start=24301 | count=25 | date_start=05-01-2026T00:00:00+0000 | date_end=05-31-2026T23:59:59+0000
[2026-05-19 01:14:52] Page received | start=24301 | records=25 | hibob_records=9 | sent_date_min=2025-03-28 07:21:01 UTC | sent_date_max=2026-05-12 15:49:40 UTC | last_updated_min=2026-05-13 16:38:17 UTC | last_updated_max=2026-05-13 16:39:30 UTC
[2026-05-19 01:14:53] Page processed | start=24301 | range_processed=24325 | range_created=20593 | range_updated=3732 | range_skipped_no_hibob=0 | range_errors=0
[2026-05-19 01:14:53] Sleeping 3s before next page...
[2026-05-19 01:14:56] Requesting page | start=24326 | count=25 | date_start=05-01-2026T00:00:00+0000 | date_end=05-31-2026T23:59:59+0000
[2026-05-19 01:15:01] Page received | start=24326 | records=25 | hibob_records=8 | sent_date_min=2025-01-29 14:26:56 UTC | sent_date_max=2026-05-10 02:07:03 UTC | last_updated_min=2026-05-13 16:39:32 UTC | last_updated_max=2026-05-13 16:40:39 UTC
[2026-05-19 01:15:01] Page processed | start=24326 | range_processed=24350 | range_created=20617 | range_updated=3733 | range_skipped_no_hibob=0 | range_errors=0
[2026-05-19 01:15:01] Sleeping 3s before next page...
[2026-05-19 01:15:04] Requesting page | start=24351 | count=25 | date_start=05-01-2026T00:00:00+0000 | date_end=05-31-2026T23:59:59+0000
[2026-05-19 01:15:09] Page received | start=24351 | records=25 | hibob_records=14 | sent_date_min=2025-05-05 07:15:28 UTC | sent_date_max=2026-05-10 02:52:02 UTC | last_updated_min=2026-05-13 16:40:41 UTC | last_updated_max=2026-05-13 16:42:00 UTC
[2026-05-19 01:15:09] Page processed | start=24351 | range_processed=24375 | range_created=20642 | range_updated=3733 | range_skipped_no_hibob=0 | range_errors=0
[2026-05-19 01:15:09] Sleeping 3s before next page...
[2026-05-19 01:15:12] Requesting page | start=24376 | count=25 | date_start=05-01-2026T00:00:00+0000 | date_end=05-31-2026T23:59:59+0000
[2026-05-19 01:15:18] Page received | start=24376 | records=25 | hibob_records=10 | sent_date_min=2025-05-19 19:15:58 UTC | sent_date_max=2026-05-10 03:38:26 UTC | last_updated_min=2026-05-13 16:42:04 UTC | last_updated_max=2026-05-13 16:43:14 UTC
[2026-05-19 01:15:18] Page processed | start=24376 | range_processed=24400 | range_created=20666 | range_updated=3734 | range_skipped_no_hibob=0 | range_errors=0
[2026-05-19 01:15:18] Sleeping 3s before next page...
[2026-05-19 01:15:21] Requesting page | start=24401 | count=25 | date_start=05-01-2026T00:00:00+0000 | date_end=05-31-2026T23:59:59+0000
[2026-05-19 01:15:25] Page received | start=24401 | records=25 | hibob_records=11 | sent_date_min=2024-10-18 23:13:48 UTC | sent_date_max=2026-05-10 15:37:34 UTC | last_updated_min=2026-05-13 16:43:17 UTC | last_updated_max=2026-05-13 16:44:30 UTC
[2026-05-19 01:15:25] Page processed | start=24401 | range_processed=24425 | range_created=20691 | range_updated=3734 | range_skipped_no_hibob=0 | range_errors=0
[2026-05-19 01:15:25] Sleeping 3s before next page...
[2026-05-19 01:15:29] Requesting page | start=24426 | count=25 | date_start=05-01-2026T00:00:00+0000 | date_end=05-31-2026T23:59:59+0000
[2026-05-19 01:15:33] Page received | start=24426 | records=25 | hibob_records=9 | sent_date_min=2024-02-21 08:55:51 UTC | sent_date_max=2026-02-02 13:14:20 UTC | last_updated_min=2026-05-13 16:44:33 UTC | last_updated_max=2026-05-13 16:45:46 UTC
[2026-05-19 01:15:34] Page processed | start=24426 | range_processed=24450 | range_created=20715 | range_updated=3735 | range_skipped_no_hibob=0 | range_errors=0
[2026-05-19 01:15:34] Sleeping 3s before next page...
[2026-05-19 01:15:37] Requesting page | start=24451 | count=25 | date_start=05-01-2026T00:00:00+0000 | date_end=05-31-2026T23:59:59+0000
[2026-05-19 01:15:42] Page received | start=24451 | records=25 | hibob_records=10 | sent_date_min=2025-03-21 17:52:56 UTC | sent_date_max=2026-04-27 21:52:11 UTC | last_updated_min=2026-05-13 16:45:49 UTC | last_updated_max=2026-05-13 16:46:58 UTC
[2026-05-19 01:15:42] Page processed | start=24451 | range_processed=24475 | range_created=20740 | range_updated=3735 | range_skipped_no_hibob=0 | range_errors=0
[2026-05-19 01:15:42] Sleeping 3s before next page...
[2026-05-19 01:15:45] Requesting page | start=24476 | count=25 | date_start=05-01-2026T00:00:00+0000 | date_end=05-31-2026T23:59:59+0000
[2026-05-19 01:15:50] Page received | start=24476 | records=25 | hibob_records=11 | sent_date_min=2024-11-21 05:57:40 UTC | sent_date_max=2026-05-05 18:07:12 UTC | last_updated_min=2026-05-13 16:47:00 UTC | last_updated_max=2026-05-13 16:48:10 UTC
[2026-05-19 01:15:50] Page processed | start=24476 | range_processed=24500 | range_created=20765 | range_updated=3735 | range_skipped_no_hibob=0 | range_errors=0
[2026-05-19 01:15:50] Sleeping 3s before next page...
[2026-05-19 01:15:53] Requesting page | start=24501 | count=25 | date_start=05-01-2026T00:00:00+0000 | date_end=05-31-2026T23:59:59+0000
[2026-05-19 01:16:03] Page received | start=24501 | records=25 | hibob_records=13 | sent_date_min=2025-03-03 23:16:19 UTC | sent_date_max=2026-03-01 17:22:06 UTC | last_updated_min=2026-05-13 16:48:13 UTC | last_updated_max=2026-05-13 16:49:28 UTC
[2026-05-19 01:16:03] Page processed | start=24501 | range_processed=24525 | range_created=20789 | range_updated=3736 | range_skipped_no_hibob=0 | range_errors=0
[2026-05-19 01:16:03] Sleeping 3s before next page...
[2026-05-19 01:16:06] Requesting page | start=24526 | count=25 | date_start=05-01-2026T00:00:00+0000 | date_end=05-31-2026T23:59:59+0000
[2026-05-19 01:16:11] Page received | start=24526 | records=25 | hibob_records=5 | sent_date_min=2025-03-04 13:22:35 UTC | sent_date_max=2026-04-28 05:52:31 UTC | last_updated_min=2026-05-13 16:49:31 UTC | last_updated_max=2026-05-13 16:50:39 UTC
[2026-05-19 01:16:11] Page processed | start=24526 | range_processed=24550 | range_created=20813 | range_updated=3737 | range_skipped_no_hibob=0 | range_errors=0
[2026-05-19 01:16:11] Sleeping 3s before next page...
[2026-05-19 01:16:14] Requesting page | start=24551 | count=25 | date_start=05-01-2026T00:00:00+0000 | date_end=05-31-2026T23:59:59+0000
[2026-05-19 01:16:19] Page received | start=24551 | records=25 | hibob_records=8 | sent_date_min=2025-02-25 19:28:49 UTC | sent_date_max=2026-05-08 13:04:28 UTC | last_updated_min=2026-05-13 16:50:41 UTC | last_updated_max=2026-05-13 16:51:50 UTC
[2026-05-19 01:16:20] Page processed | start=24551 | range_processed=24575 | range_created=20836 | range_updated=3739 | range_skipped_no_hibob=0 | range_errors=0
[2026-05-19 01:16:20] Sleeping 3s before next page...
[2026-05-19 01:16:23] Requesting page | start=24576 | count=25 | date_start=05-01-2026T00:00:00+0000 | date_end=05-31-2026T23:59:59+0000
[2026-05-19 01:16:27] Page received | start=24576 | records=25 | hibob_records=4 | sent_date_min=2025-02-07 08:28:02 UTC | sent_date_max=2026-05-13 16:52:48 UTC | last_updated_min=2026-05-13 16:51:58 UTC | last_updated_max=2026-05-13 16:53:15 UTC
[2026-05-19 01:16:27] Page processed | start=24576 | range_processed=24600 | range_created=20861 | range_updated=3739 | range_skipped_no_hibob=0 | range_errors=0
[2026-05-19 01:16:27] Sleeping 3s before next page...
[2026-05-19 01:16:30] Requesting page | start=24601 | count=25 | date_start=05-01-2026T00:00:00+0000 | date_end=05-31-2026T23:59:59+0000
[2026-05-19 01:16:35] Page received | start=24601 | records=25 | hibob_records=1 | sent_date_min=2025-02-05 11:46:02 UTC | sent_date_max=2026-05-05 18:52:17 UTC | last_updated_min=2026-05-13 16:53:18 UTC | last_updated_max=2026-05-13 16:54:42 UTC
[2026-05-19 01:16:35] Page processed | start=24601 | range_processed=24625 | range_created=20884 | range_updated=3741 | range_skipped_no_hibob=0 | range_errors=0
[2026-05-19 01:16:35] Sleeping 3s before next page...
[2026-05-19 01:16:38] Requesting page | start=24626 | count=25 | date_start=05-01-2026T00:00:00+0000 | date_end=05-31-2026T23:59:59+0000
[2026-05-19 01:16:43] Page received | start=24626 | records=25 | hibob_records=11 | sent_date_min=2025-04-24 12:13:03 UTC | sent_date_max=2025-06-17 16:10:17 UTC | last_updated_min=2026-05-13 16:54:47 UTC | last_updated_max=2026-05-13 16:56:03 UTC
[2026-05-19 01:16:44] Page processed | start=24626 | range_processed=24650 | range_created=20908 | range_updated=3742 | range_skipped_no_hibob=0 | range_errors=0
[2026-05-19 01:16:44] Sleeping 3s before next page...
[2026-05-19 01:16:47] Requesting page | start=24651 | count=25 | date_start=05-01-2026T00:00:00+0000 | date_end=05-31-2026T23:59:59+0000
[2026-05-19 01:16:52] Page received | start=24651 | records=25 | hibob_records=8 | sent_date_min=2025-03-31 14:53:44 UTC | sent_date_max=2026-05-05 19:38:01 UTC | last_updated_min=2026-05-13 16:56:06 UTC | last_updated_max=2026-05-13 16:57:13 UTC
[2026-05-19 01:16:52] Page processed | start=24651 | range_processed=24675 | range_created=20933 | range_updated=3742 | range_skipped_no_hibob=0 | range_errors=0
[2026-05-19 01:16:52] Sleeping 3s before next page...
[2026-05-19 01:16:55] Requesting page | start=24676 | count=25 | date_start=05-01-2026T00:00:00+0000 | date_end=05-31-2026T23:59:59+0000
[2026-05-19 01:17:00] Page received | start=24676 | records=25 | hibob_records=8 | sent_date_min=2025-04-01 17:10:58 UTC | sent_date_max=2026-05-05 20:22:11 UTC | last_updated_min=2026-05-13 16:57:16 UTC | last_updated_max=2026-05-13 16:58:21 UTC
[2026-05-19 01:17:00] Page processed | start=24676 | range_processed=24700 | range_created=20958 | range_updated=3742 | range_skipped_no_hibob=0 | range_errors=0
[2026-05-19 01:17:00] Sleeping 3s before next page...
[2026-05-19 01:17:03] Requesting page | start=24701 | count=25 | date_start=05-01-2026T00:00:00+0000 | date_end=05-31-2026T23:59:59+0000
[2026-05-19 01:17:08] Page received | start=24701 | records=25 | hibob_records=9 | sent_date_min=2024-10-29 13:44:17 UTC | sent_date_max=2025-08-06 07:52:14 UTC | last_updated_min=2026-05-13 16:58:22 UTC | last_updated_max=2026-05-13 16:59:42 UTC
[2026-05-19 01:17:08] Page processed | start=24701 | range_processed=24725 | range_created=20982 | range_updated=3743 | range_skipped_no_hibob=0 | range_errors=0
[2026-05-19 01:17:08] Sleeping 3s before next page...
[2026-05-19 01:17:11] Requesting page | start=24726 | count=25 | date_start=05-01-2026T00:00:00+0000 | date_end=05-31-2026T23:59:59+0000
[2026-05-19 01:17:16] Page received | start=24726 | records=25 | hibob_records=10 | sent_date_min=2024-08-14 16:26:13 UTC | sent_date_max=2025-09-16 16:38:02 UTC | last_updated_min=2026-05-13 16:59:45 UTC | last_updated_max=2026-05-13 17:01:09 UTC
[2026-05-19 01:17:16] Page processed | start=24726 | range_processed=24750 | range_created=21007 | range_updated=3743 | range_skipped_no_hibob=0 | range_errors=0
[2026-05-19 01:17:16] Sleeping 3s before next page...
[2026-05-19 01:17:19] Requesting page | start=24751 | count=25 | date_start=05-01-2026T00:00:00+0000 | date_end=05-31-2026T23:59:59+0000
[2026-05-19 01:17:25] Page received | start=24751 | records=25 | hibob_records=5 | sent_date_min=2025-02-10 09:34:39 UTC | sent_date_max=2026-05-13 17:02:22 UTC | last_updated_min=2026-05-13 17:01:12 UTC | last_updated_max=2026-05-13 17:02:27 UTC
[2026-05-19 01:17:25] Page processed | start=24751 | range_processed=24775 | range_created=21032 | range_updated=3743 | range_skipped_no_hibob=0 | range_errors=0
[2026-05-19 01:17:25] Sleeping 3s before next page...
[2026-05-19 01:17:28] Requesting page | start=24776 | count=25 | date_start=05-01-2026T00:00:00+0000 | date_end=05-31-2026T23:59:59+0000
[2026-05-19 01:17:33] Page received | start=24776 | records=25 | hibob_records=13 | sent_date_min=2024-09-10 13:32:08 UTC | sent_date_max=2026-05-07 11:37:16 UTC | last_updated_min=2026-05-13 17:02:30 UTC | last_updated_max=2026-05-13 17:03:41 UTC
[2026-05-19 01:17:33] Page processed | start=24776 | range_processed=24800 | range_created=21057 | range_updated=3743 | range_skipped_no_hibob=0 | range_errors=0
[2026-05-19 01:17:33] Sleeping 3s before next page...
[2026-05-19 01:17:36] Requesting page | start=24801 | count=25 | date_start=05-01-2026T00:00:00+0000 | date_end=05-31-2026T23:59:59+0000
[2026-05-19 01:17:41] Page received | start=24801 | records=25 | hibob_records=9 | sent_date_min=2025-03-20 15:50:03 UTC | sent_date_max=2025-09-16 11:55:35 UTC | last_updated_min=2026-05-13 17:03:44 UTC | last_updated_max=2026-05-13 17:05:07 UTC
[2026-05-19 01:17:41] Page processed | start=24801 | range_processed=24825 | range_created=21082 | range_updated=3743 | range_skipped_no_hibob=0 | range_errors=0
[2026-05-19 01:17:41] Sleeping 3s before next page...
[2026-05-19 01:17:44] Requesting page | start=24826 | count=25 | date_start=05-01-2026T00:00:00+0000 | date_end=05-31-2026T23:59:59+0000
[2026-05-19 01:17:48] Page received | start=24826 | records=25 | hibob_records=7 | sent_date_min=2025-01-29 13:36:20 UTC | sent_date_max=2025-10-01 12:49:30 UTC | last_updated_min=2026-05-13 17:05:10 UTC | last_updated_max=2026-05-13 17:06:55 UTC
[2026-05-19 01:17:48] Page processed | start=24826 | range_processed=24850 | range_created=21107 | range_updated=3743 | range_skipped_no_hibob=0 | range_errors=0
[2026-05-19 01:17:48] Sleeping 3s before next page...
[2026-05-19 01:17:52] Requesting page | start=24851 | count=25 | date_start=05-01-2026T00:00:00+0000 | date_end=05-31-2026T23:59:59+0000
[2026-05-19 01:17:56] Page received | start=24851 | records=25 | hibob_records=9 | sent_date_min=2024-11-19 20:52:34 UTC | sent_date_max=2026-05-13 17:07:31 UTC | last_updated_min=2026-05-13 17:06:58 UTC | last_updated_max=2026-05-13 17:08:15 UTC
[2026-05-19 01:17:56] Page processed | start=24851 | range_processed=24875 | range_created=21132 | range_updated=3743 | range_skipped_no_hibob=0 | range_errors=0
[2026-05-19 01:17:56] Sleeping 3s before next page...
[2026-05-19 01:17:59] Requesting page | start=24876 | count=25 | date_start=05-01-2026T00:00:00+0000 | date_end=05-31-2026T23:59:59+0000
[2026-05-19 01:18:04] Page received | start=24876 | records=25 | hibob_records=11 | sent_date_min=2024-08-30 12:08:36 UTC | sent_date_max=2026-05-05 21:22:26 UTC | last_updated_min=2026-05-13 17:08:18 UTC | last_updated_max=2026-05-13 17:09:28 UTC
[2026-05-19 01:18:04] Page processed | start=24876 | range_processed=24900 | range_created=21157 | range_updated=3743 | range_skipped_no_hibob=0 | range_errors=0
[2026-05-19 01:18:04] Sleeping 3s before next page...
[2026-05-19 01:18:07] Requesting page | start=24901 | count=25 | date_start=05-01-2026T00:00:00+0000 | date_end=05-31-2026T23:59:59+0000
[2026-05-19 01:18:12] Page received | start=24901 | records=25 | hibob_records=6 | sent_date_min=2024-10-01 09:27:23 UTC | sent_date_max=2026-05-05 21:22:46 UTC | last_updated_min=2026-05-13 17:09:31 UTC | last_updated_max=2026-05-13 17:10:42 UTC
[2026-05-19 01:18:12] Page processed | start=24901 | range_processed=24925 | range_created=21182 | range_updated=3743 | range_skipped_no_hibob=0 | range_errors=0
[2026-05-19 01:18:12] Sleeping 3s before next page...
[2026-05-19 01:18:15] Requesting page | start=24926 | count=25 | date_start=05-01-2026T00:00:00+0000 | date_end=05-31-2026T23:59:59+0000
[2026-05-19 01:18:20] Page received | start=24926 | records=25 | hibob_records=6 | sent_date_min=2025-02-10 18:49:18 UTC | sent_date_max=2026-03-02 15:57:10 UTC | last_updated_min=2026-05-13 17:10:45 UTC | last_updated_max=2026-05-13 17:11:57 UTC
[2026-05-19 01:18:20] Page processed | start=24926 | range_processed=24950 | range_created=21207 | range_updated=3743 | range_skipped_no_hibob=0 | range_errors=0
[2026-05-19 01:18:20] Sleeping 3s before next page...
[2026-05-19 01:18:23] Requesting page | start=24951 | count=25 | date_start=05-01-2026T00:00:00+0000 | date_end=05-31-2026T23:59:59+0000
[2026-05-19 01:18:28] Page received | start=24951 | records=25 | hibob_records=7 | sent_date_min=2024-06-18 12:05:36 UTC | sent_date_max=2026-05-05 21:37:23 UTC | last_updated_min=2026-05-13 17:12:00 UTC | last_updated_max=2026-05-13 17:13:09 UTC
[2026-05-19 01:18:28] Page processed | start=24951 | range_processed=24975 | range_created=21231 | range_updated=3744 | range_skipped_no_hibob=0 | range_errors=0
[2026-05-19 01:18:28] Sleeping 3s before next page...
[2026-05-19 01:18:31] Requesting page | start=24976 | count=25 | date_start=05-01-2026T00:00:00+0000 | date_end=05-31-2026T23:59:59+0000
[2026-05-19 01:18:36] Page received | start=24976 | records=25 | hibob_records=11 | sent_date_min=2024-11-19 13:28:06 UTC | sent_date_max=2026-04-30 22:37:03 UTC | last_updated_min=2026-05-13 17:13:12 UTC | last_updated_max=2026-05-13 17:14:21 UTC
[2026-05-19 01:18:37] Page processed | start=24976 | range_processed=25000 | range_created=21256 | range_updated=3744 | range_skipped_no_hibob=0 | range_errors=0
[2026-05-19 01:18:37] Sleeping 3s before next page...
[2026-05-19 01:18:40] Requesting page | start=25001 | count=25 | date_start=05-01-2026T00:00:00+0000 | date_end=05-31-2026T23:59:59+0000
[2026-05-19 01:18:44] Page received | start=25001 | records=25 | hibob_records=13 | sent_date_min=2025-01-29 13:40:10 UTC | sent_date_max=2026-05-05 21:52:56 UTC | last_updated_min=2026-05-13 17:14:24 UTC | last_updated_max=2026-05-13 17:15:35 UTC
[2026-05-19 01:18:44] Page processed | start=25001 | range_processed=25025 | range_created=21281 | range_updated=3744 | range_skipped_no_hibob=0 | range_errors=0
[2026-05-19 01:18:44] Sleeping 3s before next page...
[2026-05-19 01:18:47] Requesting page | start=25026 | count=25 | date_start=05-01-2026T00:00:00+0000 | date_end=05-31-2026T23:59:59+0000
[2026-05-19 01:18:51] Page received | start=25026 | records=25 | hibob_records=7 | sent_date_min=2025-03-05 11:04:08 UTC | sent_date_max=2026-05-05 22:37:16 UTC | last_updated_min=2026-05-13 17:15:38 UTC | last_updated_max=2026-05-13 17:16:44 UTC
[2026-05-19 01:18:52] Page processed | start=25026 | range_processed=25050 | range_created=21305 | range_updated=3745 | range_skipped_no_hibob=0 | range_errors=0
[2026-05-19 01:18:52] Sleeping 3s before next page...
[2026-05-19 01:18:55] Requesting page | start=25051 | count=25 | date_start=05-01-2026T00:00:00+0000 | date_end=05-31-2026T23:59:59+0000
[2026-05-19 01:19:00] Page received | start=25051 | records=25 | hibob_records=9 | sent_date_min=2025-01-20 14:05:28 UTC | sent_date_max=2025-05-28 12:47:58 UTC | last_updated_min=2026-05-13 17:16:47 UTC | last_updated_max=2026-05-13 17:18:00 UTC
[2026-05-19 01:19:00] Page processed | start=25051 | range_processed=25075 | range_created=21329 | range_updated=3746 | range_skipped_no_hibob=0 | range_errors=0
[2026-05-19 01:19:00] Sleeping 3s before next page...
[2026-05-19 01:19:03] Requesting page | start=25076 | count=25 | date_start=05-01-2026T00:00:00+0000 | date_end=05-31-2026T23:59:59+0000
[2026-05-19 01:19:07] Page received | start=25076 | records=25 | hibob_records=8 | sent_date_min=2025-02-05 10:39:41 UTC | sent_date_max=2025-10-19 10:22:11 UTC | last_updated_min=2026-05-13 17:18:04 UTC | last_updated_max=2026-05-13 17:19:18 UTC
[2026-05-19 01:19:08] Page processed | start=25076 | range_processed=25100 | range_created=21354 | range_updated=3746 | range_skipped_no_hibob=0 | range_errors=0
[2026-05-19 01:19:08] Sleeping 3s before next page...
[2026-05-19 01:19:11] Requesting page | start=25101 | count=25 | date_start=05-01-2026T00:00:00+0000 | date_end=05-31-2026T23:59:59+0000
[2026-05-19 01:19:15] Page received | start=25101 | records=25 | hibob_records=7 | sent_date_min=2025-02-26 22:25:00 UTC | sent_date_max=2025-05-27 12:38:30 UTC | last_updated_min=2026-05-13 17:19:21 UTC | last_updated_max=2026-05-13 17:20:38 UTC
[2026-05-19 01:19:16] Page processed | start=25101 | range_processed=25125 | range_created=21379 | range_updated=3746 | range_skipped_no_hibob=0 | range_errors=0
[2026-05-19 01:19:16] Sleeping 3s before next page...
[2026-05-19 01:19:19] Requesting page | start=25126 | count=25 | date_start=05-01-2026T00:00:00+0000 | date_end=05-31-2026T23:59:59+0000
[2026-05-19 01:19:24] Page received | start=25126 | records=25 | hibob_records=1 | sent_date_min=2024-11-05 11:23:01 UTC | sent_date_max=2026-05-07 15:22:28 UTC | last_updated_min=2026-05-13 17:20:42 UTC | last_updated_max=2026-05-13 17:21:57 UTC
[2026-05-19 01:19:24] Page processed | start=25126 | range_processed=25150 | range_created=21404 | range_updated=3746 | range_skipped_no_hibob=0 | range_errors=0
[2026-05-19 01:19:24] Sleeping 3s before next page...
[2026-05-19 01:19:27] Requesting page | start=25151 | count=25 | date_start=05-01-2026T00:00:00+0000 | date_end=05-31-2026T23:59:59+0000
[2026-05-19 01:19:32] Page received | start=25151 | records=25 | hibob_records=1 | sent_date_min=2024-12-11 23:23:54 UTC | sent_date_max=2026-05-13 17:22:43 UTC | last_updated_min=2026-05-13 17:22:00 UTC | last_updated_max=2026-05-13 17:23:04 UTC
[2026-05-19 01:19:32] Page processed | start=25151 | range_processed=25175 | range_created=21429 | range_updated=3746 | range_skipped_no_hibob=0 | range_errors=0
[2026-05-19 01:19:32] Sleeping 3s before next page...
[2026-05-19 01:19:35] Requesting page | start=25176 | count=25 | date_start=05-01-2026T00:00:00+0000 | date_end=05-31-2026T23:59:59+0000
[2026-05-19 01:19:43] Page received | start=25176 | records=25 | hibob_records=6 | sent_date_min=2025-01-31 10:08:01 UTC | sent_date_max=2025-06-04 21:38:35 UTC | last_updated_min=2026-05-13 17:23:07 UTC | last_updated_max=2026-05-13 17:24:23 UTC
[2026-05-19 01:19:43] Page processed | start=25176 | range_processed=25200 | range_created=21454 | range_updated=3746 | range_skipped_no_hibob=0 | range_errors=0
[2026-05-19 01:19:43] Sleeping 3s before next page...
[2026-05-19 01:19:46] Requesting page | start=25201 | count=25 | date_start=05-01-2026T00:00:00+0000 | date_end=05-31-2026T23:59:59+0000
[2026-05-19 01:19:50] Page received | start=25201 | records=25 | hibob_records=10 | sent_date_min=2025-04-07 08:22:58 UTC | sent_date_max=2025-05-21 07:47:06 UTC | last_updated_min=2026-05-13 17:24:26 UTC | last_updated_max=2026-05-13 17:25:42 UTC
[2026-05-19 01:19:50] Page processed | start=25201 | range_processed=25225 | range_created=21479 | range_updated=3746 | range_skipped_no_hibob=0 | range_errors=0
[2026-05-19 01:19:50] Sleeping 3s before next page...
[2026-05-19 01:19:53] Requesting page | start=25226 | count=25 | date_start=05-01-2026T00:00:00+0000 | date_end=05-31-2026T23:59:59+0000
[2026-05-19 01:19:59] Page received | start=25226 | records=25 | hibob_records=7 | sent_date_min=2025-01-29 09:37:27 UTC | sent_date_max=2025-06-01 12:50:31 UTC | last_updated_min=2026-05-13 17:25:45 UTC | last_updated_max=2026-05-13 17:27:04 UTC
[2026-05-19 01:19:59] Page processed | start=25226 | range_processed=25250 | range_created=21502 | range_updated=3748 | range_skipped_no_hibob=0 | range_errors=0
[2026-05-19 01:19:59] Sleeping 3s before next page...
[2026-05-19 01:20:02] Requesting page | start=25251 | count=25 | date_start=05-01-2026T00:00:00+0000 | date_end=05-31-2026T23:59:59+0000
[2026-05-19 01:20:07] Page received | start=25251 | records=25 | hibob_records=0 | sent_date_min=2024-11-14 15:22:43 UTC | sent_date_max=2026-01-21 17:57:59 UTC | last_updated_min=2026-05-13 17:27:07 UTC | last_updated_max=2026-05-13 17:28:36 UTC
[2026-05-19 01:20:07] Page processed | start=25251 | range_processed=25275 | range_created=21525 | range_updated=3750 | range_skipped_no_hibob=0 | range_errors=0
[2026-05-19 01:20:07] Sleeping 3s before next page...
[2026-05-19 01:20:10] Requesting page | start=25276 | count=25 | date_start=05-01-2026T00:00:00+0000 | date_end=05-31-2026T23:59:59+0000
[2026-05-19 01:20:16] Page received | start=25276 | records=25 | hibob_records=8 | sent_date_min=2024-08-21 08:20:25 UTC | sent_date_max=2026-05-04 23:07:12 UTC | last_updated_min=2026-05-13 17:28:40 UTC | last_updated_max=2026-05-13 17:30:05 UTC
[2026-05-19 01:20:16] Page processed | start=25276 | range_processed=25300 | range_created=21549 | range_updated=3751 | range_skipped_no_hibob=0 | range_errors=0
[2026-05-19 01:20:16] Sleeping 3s before next page...
[2026-05-19 01:20:19] Requesting page | start=25301 | count=25 | date_start=05-01-2026T00:00:00+0000 | date_end=05-31-2026T23:59:59+0000
[2026-05-19 01:20:24] Page received | start=25301 | records=25 | hibob_records=10 | sent_date_min=2025-03-06 03:22:50 UTC | sent_date_max=2026-05-06 19:29:01 UTC | last_updated_min=2026-05-13 17:30:05 UTC | last_updated_max=2026-05-13 17:31:18 UTC
[2026-05-19 01:20:24] Page processed | start=25301 | range_processed=25325 | range_created=21574 | range_updated=3751 | range_skipped_no_hibob=0 | range_errors=0
[2026-05-19 01:20:24] Sleeping 3s before next page...
[2026-05-19 01:20:27] Requesting page | start=25326 | count=25 | date_start=05-01-2026T00:00:00+0000 | date_end=05-31-2026T23:59:59+0000
[2026-05-19 01:20:32] Page received | start=25326 | records=25 | hibob_records=10 | sent_date_min=2024-11-21 08:22:08 UTC | sent_date_max=2025-07-18 05:09:28 UTC | last_updated_min=2026-05-13 17:31:21 UTC | last_updated_max=2026-05-13 17:32:50 UTC
[2026-05-19 01:20:32] Page processed | start=25326 | range_processed=25350 | range_created=21599 | range_updated=3751 | range_skipped_no_hibob=0 | range_errors=0
[2026-05-19 01:20:32] Sleeping 3s before next page...
[2026-05-19 01:20:35] Requesting page | start=25351 | count=25 | date_start=05-01-2026T00:00:00+0000 | date_end=05-31-2026T23:59:59+0000
[2026-05-19 01:20:40] Page received | start=25351 | records=25 | hibob_records=7 | sent_date_min=2025-01-20 17:38:20 UTC | sent_date_max=2026-01-22 11:00:22 UTC | last_updated_min=2026-05-13 17:32:53 UTC | last_updated_max=2026-05-13 17:34:13 UTC
[2026-05-19 01:20:40] Page processed | start=25351 | range_processed=25375 | range_created=21621 | range_updated=3754 | range_skipped_no_hibob=0 | range_errors=0
[2026-05-19 01:20:40] Sleeping 3s before next page...
[2026-05-19 01:20:43] Requesting page | start=25376 | count=25 | date_start=05-01-2026T00:00:00+0000 | date_end=05-31-2026T23:59:59+0000
[2026-05-19 01:20:48] Page received | start=25376 | records=25 | hibob_records=5 | sent_date_min=2024-06-04 07:14:58 UTC | sent_date_max=2026-05-04 19:07:09 UTC | last_updated_min=2026-05-13 17:34:19 UTC | last_updated_max=2026-05-13 17:35:29 UTC
[2026-05-19 01:20:48] Page processed | start=25376 | range_processed=25400 | range_created=21646 | range_updated=3754 | range_skipped_no_hibob=0 | range_errors=0
[2026-05-19 01:20:48] Sleeping 3s before next page...
[2026-05-19 01:20:51] Requesting page | start=25401 | count=25 | date_start=05-01-2026T00:00:00+0000 | date_end=05-31-2026T23:59:59+0000
[2026-05-19 01:20:56] Page received | start=25401 | records=25 | hibob_records=9 | sent_date_min=2025-01-13 09:13:38 UTC | sent_date_max=2026-05-13 17:35:56 UTC | last_updated_min=2026-05-13 17:35:32 UTC | last_updated_max=2026-05-13 17:36:43 UTC
[2026-05-19 01:20:56] Page processed | start=25401 | range_processed=25425 | range_created=21671 | range_updated=3754 | range_skipped_no_hibob=0 | range_errors=0
[2026-05-19 01:20:56] Sleeping 3s before next page...
[2026-05-19 01:20:59] Requesting page | start=25426 | count=25 | date_start=05-01-2026T00:00:00+0000 | date_end=05-31-2026T23:59:59+0000
[2026-05-19 01:21:05] Page received | start=25426 | records=25 | hibob_records=9 | sent_date_min=2025-03-06 11:08:36 UTC | sent_date_max=2026-05-13 17:37:14 UTC | last_updated_min=2026-05-13 17:36:46 UTC | last_updated_max=2026-05-13 17:37:51 UTC
[2026-05-19 01:21:05] Page processed | start=25426 | range_processed=25450 | range_created=21696 | range_updated=3754 | range_skipped_no_hibob=0 | range_errors=0
[2026-05-19 01:21:05] Sleeping 3s before next page...
[2026-05-19 01:21:08] Requesting page | start=25451 | count=25 | date_start=05-01-2026T00:00:00+0000 | date_end=05-31-2026T23:59:59+0000
[2026-05-19 01:21:13] Page received | start=25451 | records=25 | hibob_records=5 | sent_date_min=2024-09-09 08:11:41 UTC | sent_date_max=2026-05-13 17:38:01 UTC | last_updated_min=2026-05-13 17:37:54 UTC | last_updated_max=2026-05-13 17:39:15 UTC
[2026-05-19 01:21:13] Page processed | start=25451 | range_processed=25475 | range_created=21720 | range_updated=3755 | range_skipped_no_hibob=0 | range_errors=0
[2026-05-19 01:21:13] Sleeping 3s before next page...
[2026-05-19 01:21:16] Requesting page | start=25476 | count=25 | date_start=05-01-2026T00:00:00+0000 | date_end=05-31-2026T23:59:59+0000
[2026-05-19 01:21:21] Page received | start=25476 | records=25 | hibob_records=11 | sent_date_min=2025-02-10 15:23:11 UTC | sent_date_max=2025-12-23 15:52:25 UTC | last_updated_min=2026-05-13 17:39:18 UTC | last_updated_max=2026-05-13 17:40:34 UTC
[2026-05-19 01:21:22] Page processed | start=25476 | range_processed=25500 | range_created=21743 | range_updated=3757 | range_skipped_no_hibob=0 | range_errors=0
[2026-05-19 01:21:22] Sleeping 3s before next page...
[2026-05-19 01:21:25] Requesting page | start=25501 | count=25 | date_start=05-01-2026T00:00:00+0000 | date_end=05-31-2026T23:59:59+0000
[2026-05-19 01:21:30] Page received | start=25501 | records=25 | hibob_records=7 | sent_date_min=2025-02-03 12:29:59 UTC | sent_date_max=2025-10-24 17:25:49 UTC | last_updated_min=2026-05-13 17:40:37 UTC | last_updated_max=2026-05-13 17:42:04 UTC
[2026-05-19 01:21:30] Page processed | start=25501 | range_processed=25525 | range_created=21768 | range_updated=3757 | range_skipped_no_hibob=0 | range_errors=0
[2026-05-19 01:21:30] Sleeping 3s before next page...
[2026-05-19 01:21:33] Requesting page | start=25526 | count=25 | date_start=05-01-2026T00:00:00+0000 | date_end=05-31-2026T23:59:59+0000
[2026-05-19 01:21:39] Page received | start=25526 | records=25 | hibob_records=11 | sent_date_min=2024-12-11 16:08:29 UTC | sent_date_max=2025-04-25 10:18:07 UTC | last_updated_min=2026-05-13 17:42:07 UTC | last_updated_max=2026-05-13 17:43:41 UTC
[2026-05-19 01:21:39] Page processed | start=25526 | range_processed=25550 | range_created=21793 | range_updated=3757 | range_skipped_no_hibob=0 | range_errors=0
[2026-05-19 01:21:39] Sleeping 3s before next page...
[2026-05-19 01:21:42] Requesting page | start=25551 | count=25 | date_start=05-01-2026T00:00:00+0000 | date_end=05-31-2026T23:59:59+0000
[2026-05-19 01:21:46] Page received | start=25551 | records=25 | hibob_records=12 | sent_date_min=2025-02-04 15:21:43 UTC | sent_date_max=2026-02-09 17:22:36 UTC | last_updated_min=2026-05-13 17:43:44 UTC | last_updated_max=2026-05-13 17:45:15 UTC
[2026-05-19 01:21:46] Page processed | start=25551 | range_processed=25575 | range_created=21817 | range_updated=3758 | range_skipped_no_hibob=0 | range_errors=0
[2026-05-19 01:21:46] Sleeping 3s before next page...
[2026-05-19 01:21:49] Requesting page | start=25576 | count=25 | date_start=05-01-2026T00:00:00+0000 | date_end=05-31-2026T23:59:59+0000
[2026-05-19 01:21:54] Page received | start=25576 | records=25 | hibob_records=2 | sent_date_min=2024-04-14 21:29:31 UTC | sent_date_max=2025-10-23 11:53:12 UTC | last_updated_min=2026-05-13 17:45:18 UTC | last_updated_max=2026-05-13 17:46:37 UTC
[2026-05-19 01:21:55] Page processed | start=25576 | range_processed=25600 | range_created=21842 | range_updated=3758 | range_skipped_no_hibob=0 | range_errors=0
[2026-05-19 01:21:55] Sleeping 3s before next page...
[2026-05-19 01:21:58] Requesting page | start=25601 | count=25 | date_start=05-01-2026T00:00:00+0000 | date_end=05-31-2026T23:59:59+0000
[2026-05-19 01:22:08] Page received | start=25601 | records=25 | hibob_records=6 | sent_date_min=2024-08-18 10:28:35 UTC | sent_date_max=2026-02-16 21:35:21 UTC | last_updated_min=2026-05-13 17:46:40 UTC | last_updated_max=2026-05-13 17:48:03 UTC
[2026-05-19 01:22:08] Page processed | start=25601 | range_processed=25625 | range_created=21867 | range_updated=3758 | range_skipped_no_hibob=0 | range_errors=0
[2026-05-19 01:22:08] Sleeping 3s before next page...
[2026-05-19 01:22:11] Requesting page | start=25626 | count=25 | date_start=05-01-2026T00:00:00+0000 | date_end=05-31-2026T23:59:59+0000
[2026-05-19 01:22:17] Page received | start=25626 | records=25 | hibob_records=3 | sent_date_min=2024-12-17 22:42:57 UTC | sent_date_max=2025-09-27 09:52:20 UTC | last_updated_min=2026-05-13 17:48:07 UTC | last_updated_max=2026-05-13 17:49:25 UTC
[2026-05-19 01:22:17] Page processed | start=25626 | range_processed=25650 | range_created=21891 | range_updated=3759 | range_skipped_no_hibob=0 | range_errors=0
[2026-05-19 01:22:17] Sleeping 3s before next page...
[2026-05-19 01:22:20] Requesting page | start=25651 | count=25 | date_start=05-01-2026T00:00:00+0000 | date_end=05-31-2026T23:59:59+0000
[2026-05-19 01:22:25] Page received | start=25651 | records=25 | hibob_records=8 | sent_date_min=2025-02-10 16:11:03 UTC | sent_date_max=2025-04-23 12:57:56 UTC | last_updated_min=2026-05-13 17:49:29 UTC | last_updated_max=2026-05-13 17:50:49 UTC
[2026-05-19 01:22:25] Page processed | start=25651 | range_processed=25675 | range_created=21916 | range_updated=3759 | range_skipped_no_hibob=0 | range_errors=0
[2026-05-19 01:22:25] Sleeping 3s before next page...
[2026-05-19 01:22:28] Requesting page | start=25676 | count=25 | date_start=05-01-2026T00:00:00+0000 | date_end=05-31-2026T23:59:59+0000
[2026-05-19 01:22:33] Page received | start=25676 | records=25 | hibob_records=4 | sent_date_min=2025-01-14 14:21:36 UTC | sent_date_max=2026-05-13 17:52:18 UTC | last_updated_min=2026-05-13 17:50:52 UTC | last_updated_max=2026-05-13 17:52:18 UTC
[2026-05-19 01:22:33] Page processed | start=25676 | range_processed=25700 | range_created=21941 | range_updated=3759 | range_skipped_no_hibob=0 | range_errors=0
[2026-05-19 01:22:33] Sleeping 3s before next page...
[2026-05-19 01:22:36] Requesting page | start=25701 | count=25 | date_start=05-01-2026T00:00:00+0000 | date_end=05-31-2026T23:59:59+0000
[2026-05-19 01:22:42] Page received | start=25701 | records=25 | hibob_records=4 | sent_date_min=2025-01-10 21:05:58 UTC | sent_date_max=2026-05-13 17:53:03 UTC | last_updated_min=2026-05-13 17:52:22 UTC | last_updated_max=2026-05-13 17:54:03 UTC
[2026-05-19 01:22:42] Page processed | start=25701 | range_processed=25725 | range_created=21965 | range_updated=3760 | range_skipped_no_hibob=0 | range_errors=0
[2026-05-19 01:22:42] Sleeping 3s before next page...
[2026-05-19 01:22:45] Requesting page | start=25726 | count=25 | date_start=05-01-2026T00:00:00+0000 | date_end=05-31-2026T23:59:59+0000
[2026-05-19 01:22:50] Page received | start=25726 | records=25 | hibob_records=2 | sent_date_min=2024-09-11 05:02:44 UTC | sent_date_max=2026-03-08 00:06:53 UTC | last_updated_min=2026-05-13 17:54:07 UTC | last_updated_max=2026-05-13 17:55:32 UTC
[2026-05-19 01:22:50] Page processed | start=25726 | range_processed=25750 | range_created=21989 | range_updated=3761 | range_skipped_no_hibob=0 | range_errors=0
[2026-05-19 01:22:50] Sleeping 3s before next page...
[2026-05-19 01:22:53] Requesting page | start=25751 | count=25 | date_start=05-01-2026T00:00:00+0000 | date_end=05-31-2026T23:59:59+0000
[2026-05-19 01:22:59] Page received | start=25751 | records=25 | hibob_records=9 | sent_date_min=2025-01-06 21:10:44 UTC | sent_date_max=2025-04-15 08:33:42 UTC | last_updated_min=2026-05-13 17:55:34 UTC | last_updated_max=2026-05-13 17:56:35 UTC
[2026-05-19 01:22:59] Page processed | start=25751 | range_processed=25775 | range_created=22012 | range_updated=3763 | range_skipped_no_hibob=0 | range_errors=0
[2026-05-19 01:22:59] Sleeping 3s before next page...
[2026-05-19 01:23:02] Requesting page | start=25776 | count=25 | date_start=05-01-2026T00:00:00+0000 | date_end=05-31-2026T23:59:59+0000
[2026-05-19 01:23:07] Page received | start=25776 | records=25 | hibob_records=5 | sent_date_min=2025-01-09 17:42:02 UTC | sent_date_max=2025-04-17 11:52:22 UTC | last_updated_min=2026-05-13 17:56:37 UTC | last_updated_max=2026-05-13 17:57:29 UTC
[2026-05-19 01:23:07] Page processed | start=25776 | range_processed=25800 | range_created=22037 | range_updated=3763 | range_skipped_no_hibob=0 | range_errors=0
[2026-05-19 01:23:07] Sleeping 3s before next page...
[2026-05-19 01:23:10] Requesting page | start=25801 | count=25 | date_start=05-01-2026T00:00:00+0000 | date_end=05-31-2026T23:59:59+0000
[2026-05-19 01:23:16] Page received | start=25801 | records=25 | hibob_records=2 | sent_date_min=2024-07-15 14:04:43 UTC | sent_date_max=2025-06-23 14:04:56 UTC | last_updated_min=2026-05-13 17:57:31 UTC | last_updated_max=2026-05-13 17:58:28 UTC
[2026-05-19 01:23:16] Page processed | start=25801 | range_processed=25825 | range_created=22062 | range_updated=3763 | range_skipped_no_hibob=0 | range_errors=0
[2026-05-19 01:23:16] Sleeping 3s before next page...
[2026-05-19 01:23:19] Requesting page | start=25826 | count=25 | date_start=05-01-2026T00:00:00+0000 | date_end=05-31-2026T23:59:59+0000
[2026-05-19 01:23:24] Page received | start=25826 | records=25 | hibob_records=10 | sent_date_min=2024-07-24 17:39:12 UTC | sent_date_max=2025-04-08 12:46:24 UTC | last_updated_min=2026-05-13 17:58:30 UTC | last_updated_max=2026-05-13 17:59:23 UTC
[2026-05-19 01:23:24] Page processed | start=25826 | range_processed=25850 | range_created=22085 | range_updated=3765 | range_skipped_no_hibob=0 | range_errors=0
[2026-05-19 01:23:24] Sleeping 3s before next page...
[2026-05-19 01:23:27] Requesting page | start=25851 | count=25 | date_start=05-01-2026T00:00:00+0000 | date_end=05-31-2026T23:59:59+0000
[2026-05-19 01:23:34] Page received | start=25851 | records=25 | hibob_records=8 | sent_date_min=2025-01-03 17:49:55 UTC | sent_date_max=2026-05-04 21:11:00 UTC | last_updated_min=2026-05-13 17:59:27 UTC | last_updated_max=2026-05-13 18:00:12 UTC
[2026-05-19 01:23:35] Page processed | start=25851 | range_processed=25875 | range_created=22109 | range_updated=3766 | range_skipped_no_hibob=0 | range_errors=0
[2026-05-19 01:23:35] Sleeping 3s before next page...
[2026-05-19 01:23:38] Requesting page | start=25876 | count=25 | date_start=05-01-2026T00:00:00+0000 | date_end=05-31-2026T23:59:59+0000
[2026-05-19 01:23:43] Page received | start=25876 | records=25 | hibob_records=6 | sent_date_min=2025-01-13 10:44:20 UTC | sent_date_max=2026-04-21 14:22:34 UTC | last_updated_min=2026-05-13 18:00:12 UTC | last_updated_max=2026-05-13 18:04:15 UTC
[2026-05-19 01:23:43] Page processed | start=25876 | range_processed=25900 | range_created=22133 | range_updated=3767 | range_skipped_no_hibob=0 | range_errors=0
[2026-05-19 01:23:43] Sleeping 3s before next page...
[2026-05-19 01:23:46] Requesting page | start=25901 | count=25 | date_start=05-01-2026T00:00:00+0000 | date_end=05-31-2026T23:59:59+0000
[2026-05-19 01:23:50] Page received | start=25901 | records=25 | hibob_records=10 | sent_date_min=2024-05-09 11:54:32 UTC | sent_date_max=2026-04-28 06:34:26 UTC | last_updated_min=2026-05-13 18:04:20 UTC | last_updated_max=2026-05-13 18:05:19 UTC
[2026-05-19 01:23:50] Page processed | start=25901 | range_processed=25925 | range_created=22158 | range_updated=3767 | range_skipped_no_hibob=0 | range_errors=0
[2026-05-19 01:23:50] Sleeping 3s before next page...
[2026-05-19 01:23:53] Requesting page | start=25926 | count=25 | date_start=05-01-2026T00:00:00+0000 | date_end=05-31-2026T23:59:59+0000
[2026-05-19 01:24:00] Page received | start=25926 | records=25 | hibob_records=14 | sent_date_min=2025-01-06 14:35:44 UTC | sent_date_max=2025-03-27 10:06:42 UTC | last_updated_min=2026-05-13 18:05:22 UTC | last_updated_max=2026-05-13 18:06:27 UTC
[2026-05-19 01:24:01] Page processed | start=25926 | range_processed=25950 | range_created=22182 | range_updated=3768 | range_skipped_no_hibob=0 | range_errors=0
[2026-05-19 01:24:01] Sleeping 3s before next page...
[2026-05-19 01:24:04] Requesting page | start=25951 | count=25 | date_start=05-01-2026T00:00:00+0000 | date_end=05-31-2026T23:59:59+0000
[2026-05-19 01:24:09] Page received | start=25951 | records=25 | hibob_records=12 | sent_date_min=2025-02-14 11:03:36 UTC | sent_date_max=2026-05-13 18:07:20 UTC | last_updated_min=2026-05-13 18:06:30 UTC | last_updated_max=2026-05-13 18:07:20 UTC
[2026-05-19 01:24:09] Page processed | start=25951 | range_processed=25975 | range_created=22207 | range_updated=3768 | range_skipped_no_hibob=0 | range_errors=0
[2026-05-19 01:24:09] Sleeping 3s before next page...
[2026-05-19 01:24:12] Requesting page | start=25976 | count=25 | date_start=05-01-2026T00:00:00+0000 | date_end=05-31-2026T23:59:59+0000
[2026-05-19 01:24:17] Page received | start=25976 | records=25 | hibob_records=5 | sent_date_min=2024-07-22 21:25:54 UTC | sent_date_max=2025-05-09 08:46:51 UTC | last_updated_min=2026-05-13 18:07:22 UTC | last_updated_max=2026-05-13 18:08:58 UTC
[2026-05-19 01:24:17] Page processed | start=25976 | range_processed=26000 | range_created=22232 | range_updated=3768 | range_skipped_no_hibob=0 | range_errors=0
[2026-05-19 01:24:17] Sleeping 3s before next page...
[2026-05-19 01:24:20] Requesting page | start=26001 | count=25 | date_start=05-01-2026T00:00:00+0000 | date_end=05-31-2026T23:59:59+0000
[2026-05-19 01:24:28] Page received | start=26001 | records=25 | hibob_records=6 | sent_date_min=2024-11-22 12:52:17 UTC | sent_date_max=2026-04-08 18:03:58 UTC | last_updated_min=2026-05-13 18:09:00 UTC | last_updated_max=2026-05-13 18:09:59 UTC
[2026-05-19 01:24:28] Page processed | start=26001 | range_processed=26025 | range_created=22255 | range_updated=3770 | range_skipped_no_hibob=0 | range_errors=0
[2026-05-19 01:24:28] Sleeping 3s before next page...
[2026-05-19 01:24:31] Requesting page | start=26026 | count=25 | date_start=05-01-2026T00:00:00+0000 | date_end=05-31-2026T23:59:59+0000
[2026-05-19 01:24:35] Page received | start=26026 | records=25 | hibob_records=10 | sent_date_min=2024-12-16 14:30:01 UTC | sent_date_max=2026-05-13 18:10:48 UTC | last_updated_min=2026-05-13 18:10:00 UTC | last_updated_max=2026-05-13 18:10:48 UTC
[2026-05-19 01:24:35] Page processed | start=26026 | range_processed=26050 | range_created=22280 | range_updated=3770 | range_skipped_no_hibob=0 | range_errors=0
[2026-05-19 01:24:35] Sleeping 3s before next page...
[2026-05-19 01:24:38] Requesting page | start=26051 | count=25 | date_start=05-01-2026T00:00:00+0000 | date_end=05-31-2026T23:59:59+0000
[2026-05-19 01:24:43] Page received | start=26051 | records=25 | hibob_records=10 | sent_date_min=2025-01-15 14:10:28 UTC | sent_date_max=2025-03-19 06:28:33 UTC | last_updated_min=2026-05-13 18:10:49 UTC | last_updated_max=2026-05-13 18:11:36 UTC
[2026-05-19 01:24:43] Page processed | start=26051 | range_processed=26075 | range_created=22305 | range_updated=3770 | range_skipped_no_hibob=0 | range_errors=0
[2026-05-19 01:24:43] Sleeping 3s before next page...
[2026-05-19 01:24:46] Requesting page | start=26076 | count=25 | date_start=05-01-2026T00:00:00+0000 | date_end=05-31-2026T23:59:59+0000
[2026-05-19 01:24:51] Page received | start=26076 | records=25 | hibob_records=8 | sent_date_min=2024-12-19 08:50:28 UTC | sent_date_max=2026-05-13 18:12:12 UTC | last_updated_min=2026-05-13 18:11:38 UTC | last_updated_max=2026-05-13 18:12:27 UTC
[2026-05-19 01:24:51] Page processed | start=26076 | range_processed=26100 | range_created=22330 | range_updated=3770 | range_skipped_no_hibob=0 | range_errors=0
[2026-05-19 01:24:51] Sleeping 3s before next page...
[2026-05-19 01:24:54] Requesting page | start=26101 | count=25 | date_start=05-01-2026T00:00:00+0000 | date_end=05-31-2026T23:59:59+0000
[2026-05-19 01:25:00] Page received | start=26101 | records=25 | hibob_records=10 | sent_date_min=2024-11-22 10:53:22 UTC | sent_date_max=2026-01-21 22:37:25 UTC | last_updated_min=2026-05-13 18:12:29 UTC | last_updated_max=2026-05-13 18:13:17 UTC
[2026-05-19 01:25:00] Page processed | start=26101 | range_processed=26125 | range_created=22354 | range_updated=3771 | range_skipped_no_hibob=0 | range_errors=0
[2026-05-19 01:25:00] Sleeping 3s before next page...
[2026-05-19 01:25:03] Requesting page | start=26126 | count=25 | date_start=05-01-2026T00:00:00+0000 | date_end=05-31-2026T23:59:59+0000
[2026-05-19 01:25:07] Page received | start=26126 | records=25 | hibob_records=7 | sent_date_min=2024-09-30 11:05:42 UTC | sent_date_max=2026-04-27 02:38:04 UTC | last_updated_min=2026-05-13 18:13:19 UTC | last_updated_max=2026-05-13 18:14:06 UTC
[2026-05-19 01:25:08] Page processed | start=26126 | range_processed=26150 | range_created=22379 | range_updated=3771 | range_skipped_no_hibob=0 | range_errors=0
[2026-05-19 01:25:08] Sleeping 3s before next page...
[2026-05-19 01:25:11] Requesting page | start=26151 | count=25 | date_start=05-01-2026T00:00:00+0000 | date_end=05-31-2026T23:59:59+0000
[2026-05-19 01:25:15] Page received | start=26151 | records=25 | hibob_records=12 | sent_date_min=2024-11-28 15:50:22 UTC | sent_date_max=2026-05-08 13:37:32 UTC | last_updated_min=2026-05-13 18:14:08 UTC | last_updated_max=2026-05-13 18:14:57 UTC
[2026-05-19 01:25:15] Page processed | start=26151 | range_processed=26175 | range_created=22402 | range_updated=3773 | range_skipped_no_hibob=0 | range_errors=0
[2026-05-19 01:25:15] Sleeping 3s before next page...
[2026-05-19 01:25:18] Requesting page | start=26176 | count=25 | date_start=05-01-2026T00:00:00+0000 | date_end=05-31-2026T23:59:59+0000
[2026-05-19 01:25:24] Page received | start=26176 | records=25 | hibob_records=8 | sent_date_min=2025-01-14 11:43:48 UTC | sent_date_max=2025-03-14 11:33:51 UTC | last_updated_min=2026-05-13 18:14:59 UTC | last_updated_max=2026-05-13 18:15:48 UTC
[2026-05-19 01:25:24] Page processed | start=26176 | range_processed=26200 | range_created=22427 | range_updated=3773 | range_skipped_no_hibob=0 | range_errors=0
[2026-05-19 01:25:24] Sleeping 3s before next page...
[2026-05-19 01:25:27] Requesting page | start=26201 | count=25 | date_start=05-01-2026T00:00:00+0000 | date_end=05-31-2026T23:59:59+0000
[2026-05-19 01:25:32] Page received | start=26201 | records=25 | hibob_records=5 | sent_date_min=2024-08-03 07:54:05 UTC | sent_date_max=2026-02-12 09:38:49 UTC | last_updated_min=2026-05-13 18:15:50 UTC | last_updated_max=2026-05-13 18:16:38 UTC
[2026-05-19 01:25:32] Page processed | start=26201 | range_processed=26225 | range_created=22451 | range_updated=3774 | range_skipped_no_hibob=0 | range_errors=0
[2026-05-19 01:25:32] Sleeping 3s before next page...
[2026-05-19 01:25:35] Requesting page | start=26226 | count=25 | date_start=05-01-2026T00:00:00+0000 | date_end=05-31-2026T23:59:59+0000
[2026-05-19 01:25:40] Page received | start=26226 | records=25 | hibob_records=4 | sent_date_min=2024-07-22 16:59:22 UTC | sent_date_max=2025-03-13 20:08:14 UTC | last_updated_min=2026-05-13 18:16:40 UTC | last_updated_max=2026-05-13 18:17:28 UTC
[2026-05-19 01:25:40] Page processed | start=26226 | range_processed=26250 | range_created=22476 | range_updated=3774 | range_skipped_no_hibob=0 | range_errors=0
[2026-05-19 01:25:40] Sleeping 3s before next page...
[2026-05-19 01:25:43] Requesting page | start=26251 | count=25 | date_start=05-01-2026T00:00:00+0000 | date_end=05-31-2026T23:59:59+0000
[2026-05-19 01:25:48] Page received | start=26251 | records=25 | hibob_records=7 | sent_date_min=2024-06-12 19:14:27 UTC | sent_date_max=2025-03-17 03:37:55 UTC | last_updated_min=2026-05-13 18:17:30 UTC | last_updated_max=2026-05-13 18:18:20 UTC
[2026-05-19 01:25:48] Page processed | start=26251 | range_processed=26275 | range_created=22501 | range_updated=3774 | range_skipped_no_hibob=0 | range_errors=0
[2026-05-19 01:25:48] Sleeping 3s before next page...
[2026-05-19 01:25:51] Requesting page | start=26276 | count=25 | date_start=05-01-2026T00:00:00+0000 | date_end=05-31-2026T23:59:59+0000
[2026-05-19 01:25:56] Page received | start=26276 | records=25 | hibob_records=6 | sent_date_min=2025-01-09 21:12:23 UTC | sent_date_max=2025-03-04 10:18:10 UTC | last_updated_min=2026-05-13 18:18:22 UTC | last_updated_max=2026-05-13 18:19:10 UTC
[2026-05-19 01:25:56] Page processed | start=26276 | range_processed=26300 | range_created=22524 | range_updated=3776 | range_skipped_no_hibob=0 | range_errors=0
[2026-05-19 01:25:56] Sleeping 3s before next page...
[2026-05-19 01:25:59] Requesting page | start=26301 | count=25 | date_start=05-01-2026T00:00:00+0000 | date_end=05-31-2026T23:59:59+0000
[2026-05-19 01:26:04] Page received | start=26301 | records=25 | hibob_records=10 | sent_date_min=2024-11-22 04:18:14 UTC | sent_date_max=2026-04-29 16:29:41 UTC | last_updated_min=2026-05-13 18:19:12 UTC | last_updated_max=2026-05-13 18:19:59 UTC
[2026-05-19 01:26:05] Page processed | start=26301 | range_processed=26325 | range_created=22549 | range_updated=3776 | range_skipped_no_hibob=0 | range_errors=0
[2026-05-19 01:26:05] Sleeping 3s before next page...
[2026-05-19 01:26:08] Requesting page | start=26326 | count=25 | date_start=05-01-2026T00:00:00+0000 | date_end=05-31-2026T23:59:59+0000
[2026-05-19 01:26:13] Page received | start=26326 | records=25 | hibob_records=9 | sent_date_min=2025-01-08 18:14:01 UTC | sent_date_max=2025-03-10 15:26:08 UTC | last_updated_min=2026-05-13 18:20:01 UTC | last_updated_max=2026-05-13 18:20:48 UTC
[2026-05-19 01:26:13] Page processed | start=26326 | range_processed=26350 | range_created=22574 | range_updated=3776 | range_skipped_no_hibob=0 | range_errors=0
[2026-05-19 01:26:13] Sleeping 3s before next page...
[2026-05-19 01:26:16] Requesting page | start=26351 | count=25 | date_start=05-01-2026T00:00:00+0000 | date_end=05-31-2026T23:59:59+0000
[2026-05-19 01:26:21] Page received | start=26351 | records=25 | hibob_records=7 | sent_date_min=2025-01-13 15:00:46 UTC | sent_date_max=2026-04-22 17:40:14 UTC | last_updated_min=2026-05-13 18:20:50 UTC | last_updated_max=2026-05-13 18:21:23 UTC
[2026-05-19 01:26:21] Page processed | start=26351 | range_processed=26375 | range_created=22599 | range_updated=3776 | range_skipped_no_hibob=0 | range_errors=0
[2026-05-19 01:26:21] Sleeping 3s before next page...
[2026-05-19 01:26:24] Requesting page | start=26376 | count=25 | date_start=05-01-2026T00:00:00+0000 | date_end=05-31-2026T23:59:59+0000
[2026-05-19 01:26:29] Page received | start=26376 | records=25 | hibob_records=1 | sent_date_min=2025-01-22 13:13:15 UTC | sent_date_max=2026-04-26 22:52:05 UTC | last_updated_min=2026-05-13 18:21:23 UTC | last_updated_max=2026-05-13 18:21:25 UTC
[2026-05-19 01:26:29] Page processed | start=26376 | range_processed=26400 | range_created=22623 | range_updated=3777 | range_skipped_no_hibob=0 | range_errors=0
[2026-05-19 01:26:29] Sleeping 3s before next page...
[2026-05-19 01:26:32] Requesting page | start=26401 | count=25 | date_start=05-01-2026T00:00:00+0000 | date_end=05-31-2026T23:59:59+0000
[2026-05-19 01:26:39] Page received | start=26401 | records=25 | hibob_records=3 | sent_date_min=2025-02-04 10:39:47 UTC | sent_date_max=2026-05-06 19:25:28 UTC | last_updated_min=2026-05-13 18:21:25 UTC | last_updated_max=2026-05-13 18:21:37 UTC
[2026-05-19 01:26:39] Page processed | start=26401 | range_processed=26425 | range_created=22648 | range_updated=3777 | range_skipped_no_hibob=0 | range_errors=0
[2026-05-19 01:26:39] Sleeping 3s before next page...
[2026-05-19 01:26:42] Requesting page | start=26426 | count=25 | date_start=05-01-2026T00:00:00+0000 | date_end=05-31-2026T23:59:59+0000
[2026-05-19 01:26:47] Page received | start=26426 | records=25 | hibob_records=3 | sent_date_min=2024-08-02 07:44:03 UTC | sent_date_max=2026-05-13 18:22:21 UTC | last_updated_min=2026-05-13 18:21:39 UTC | last_updated_max=2026-05-13 18:22:26 UTC
[2026-05-19 01:26:47] Page processed | start=26426 | range_processed=26450 | range_created=22672 | range_updated=3778 | range_skipped_no_hibob=0 | range_errors=0
[2026-05-19 01:26:47] Sleeping 3s before next page...
[2026-05-19 01:26:50] Requesting page | start=26451 | count=25 | date_start=05-01-2026T00:00:00+0000 | date_end=05-31-2026T23:59:59+0000
[2026-05-19 01:26:55] Page received | start=26451 | records=25 | hibob_records=7 | sent_date_min=2024-12-13 21:40:50 UTC | sent_date_max=2026-05-13 18:22:52 UTC | last_updated_min=2026-05-13 18:22:27 UTC | last_updated_max=2026-05-13 18:23:09 UTC
[2026-05-19 01:26:55] Page processed | start=26451 | range_processed=26475 | range_created=22694 | range_updated=3781 | range_skipped_no_hibob=0 | range_errors=0
[2026-05-19 01:26:55] Sleeping 3s before next page...
[2026-05-19 01:26:58] Requesting page | start=26476 | count=25 | date_start=05-01-2026T00:00:00+0000 | date_end=05-31-2026T23:59:59+0000
[2026-05-19 01:27:03] Page received | start=26476 | records=25 | hibob_records=5 | sent_date_min=2024-12-19 14:44:45 UTC | sent_date_max=2026-04-29 22:37:05 UTC | last_updated_min=2026-05-13 18:23:11 UTC | last_updated_max=2026-05-13 18:23:53 UTC
[2026-05-19 01:27:03] Page processed | start=26476 | range_processed=26500 | range_created=22718 | range_updated=3782 | range_skipped_no_hibob=0 | range_errors=0
[2026-05-19 01:27:03] Sleeping 3s before next page...
[2026-05-19 01:27:06] Requesting page | start=26501 | count=25 | date_start=05-01-2026T00:00:00+0000 | date_end=05-31-2026T23:59:59+0000
[2026-05-19 01:27:11] Page received | start=26501 | records=25 | hibob_records=3 | sent_date_min=2024-08-22 12:16:57 UTC | sent_date_max=2026-04-30 17:07:55 UTC | last_updated_min=2026-05-13 18:23:53 UTC | last_updated_max=2026-05-13 18:24:13 UTC
[2026-05-19 01:27:11] Page processed | start=26501 | range_processed=26525 | range_created=22743 | range_updated=3782 | range_skipped_no_hibob=0 | range_errors=0
[2026-05-19 01:27:11] Sleeping 3s before next page...
[2026-05-19 01:27:14] Requesting page | start=26526 | count=25 | date_start=05-01-2026T00:00:00+0000 | date_end=05-31-2026T23:59:59+0000
[2026-05-19 01:27:19] Page received | start=26526 | records=25 | hibob_records=6 | sent_date_min=2024-08-13 09:10:19 UTC | sent_date_max=2025-03-03 16:28:09 UTC | last_updated_min=2026-05-13 18:24:15 UTC | last_updated_max=2026-05-13 18:25:08 UTC
[2026-05-19 01:27:19] Page processed | start=26526 | range_processed=26550 | range_created=22768 | range_updated=3782 | range_skipped_no_hibob=0 | range_errors=0
[2026-05-19 01:27:19] Sleeping 3s before next page...
[2026-05-19 01:27:22] Requesting page | start=26551 | count=25 | date_start=05-01-2026T00:00:00+0000 | date_end=05-31-2026T23:59:59+0000
[2026-05-19 01:27:27] Page received | start=26551 | records=25 | hibob_records=11 | sent_date_min=2024-11-20 15:49:19 UTC | sent_date_max=2025-09-28 05:52:28 UTC | last_updated_min=2026-05-13 18:25:11 UTC | last_updated_max=2026-05-13 18:26:01 UTC
[2026-05-19 01:27:27] Page processed | start=26551 | range_processed=26575 | range_created=22793 | range_updated=3782 | range_skipped_no_hibob=0 | range_errors=0
[2026-05-19 01:27:27] Sleeping 3s before next page...
[2026-05-19 01:27:30] Requesting page | start=26576 | count=25 | date_start=05-01-2026T00:00:00+0000 | date_end=05-31-2026T23:59:59+0000
[2026-05-19 01:27:35] Page received | start=26576 | records=25 | hibob_records=5 | sent_date_min=2024-10-09 15:00:12 UTC | sent_date_max=2025-02-20 16:21:35 UTC | last_updated_min=2026-05-13 18:26:04 UTC | last_updated_max=2026-05-13 18:26:52 UTC
[2026-05-19 01:27:35] Page processed | start=26576 | range_processed=26600 | range_created=22817 | range_updated=3783 | range_skipped_no_hibob=0 | range_errors=0
[2026-05-19 01:27:35] Sleeping 3s before next page...
[2026-05-19 01:27:38] Requesting page | start=26601 | count=25 | date_start=05-01-2026T00:00:00+0000 | date_end=05-31-2026T23:59:59+0000
[2026-05-19 01:27:42] Page received | start=26601 | records=25 | hibob_records=8 | sent_date_min=2024-07-31 09:41:52 UTC | sent_date_max=2025-02-11 14:15:53 UTC | last_updated_min=2026-05-13 18:26:54 UTC | last_updated_max=2026-05-13 18:27:47 UTC
[2026-05-19 01:27:43] Page processed | start=26601 | range_processed=26625 | range_created=22840 | range_updated=3785 | range_skipped_no_hibob=0 | range_errors=0
[2026-05-19 01:27:43] Sleeping 3s before next page...
[2026-05-19 01:27:46] Requesting page | start=26626 | count=25 | date_start=05-01-2026T00:00:00+0000 | date_end=05-31-2026T23:59:59+0000
[2026-05-19 01:27:51] Page received | start=26626 | records=25 | hibob_records=1 | sent_date_min=2024-01-26 05:43:15 UTC | sent_date_max=2026-03-02 15:20:04 UTC | last_updated_min=2026-05-13 18:27:49 UTC | last_updated_max=2026-05-13 18:28:37 UTC
[2026-05-19 01:27:51] Page processed | start=26626 | range_processed=26650 | range_created=22865 | range_updated=3785 | range_skipped_no_hibob=0 | range_errors=0
[2026-05-19 01:27:51] Sleeping 3s before next page...
[2026-05-19 01:27:54] Requesting page | start=26651 | count=25 | date_start=05-01-2026T00:00:00+0000 | date_end=05-31-2026T23:59:59+0000
[2026-05-19 01:27:59] Page received | start=26651 | records=25 | hibob_records=7 | sent_date_min=2024-12-16 17:40:53 UTC | sent_date_max=2025-02-07 09:09:34 UTC | last_updated_min=2026-05-13 18:28:39 UTC | last_updated_max=2026-05-13 18:29:30 UTC
[2026-05-19 01:27:59] Page processed | start=26651 | range_processed=26675 | range_created=22890 | range_updated=3785 | range_skipped_no_hibob=0 | range_errors=0
[2026-05-19 01:27:59] Sleeping 3s before next page...
[2026-05-19 01:28:02] Requesting page | start=26676 | count=25 | date_start=05-01-2026T00:00:00+0000 | date_end=05-31-2026T23:59:59+0000
[2026-05-19 01:28:08] Page received | start=26676 | records=25 | hibob_records=3 | sent_date_min=2024-11-13 16:55:40 UTC | sent_date_max=2026-05-13 18:52:23 UTC | last_updated_min=2026-05-13 18:29:32 UTC | last_updated_max=2026-05-13 18:52:28 UTC
[2026-05-19 01:28:08] Page processed | start=26676 | range_processed=26700 | range_created=22915 | range_updated=3785 | range_skipped_no_hibob=0 | range_errors=0
[2026-05-19 01:28:08] Sleeping 3s before next page...
[2026-05-19 01:28:11] Requesting page | start=26701 | count=25 | date_start=05-01-2026T00:00:00+0000 | date_end=05-31-2026T23:59:59+0000
[2026-05-19 01:28:15] Page received | start=26701 | records=25 | hibob_records=7 | sent_date_min=2024-12-06 12:52:27 UTC | sent_date_max=2025-12-25 08:07:02 UTC | last_updated_min=2026-05-13 18:52:31 UTC | last_updated_max=2026-05-13 18:53:31 UTC
[2026-05-19 01:28:16] Page processed | start=26701 | range_processed=26725 | range_created=22940 | range_updated=3785 | range_skipped_no_hibob=0 | range_errors=0
[2026-05-19 01:28:16] Sleeping 3s before next page...
[2026-05-19 01:28:19] Requesting page | start=26726 | count=25 | date_start=05-01-2026T00:00:00+0000 | date_end=05-31-2026T23:59:59+0000
[2026-05-19 01:28:23] Page received | start=26726 | records=25 | hibob_records=9 | sent_date_min=2024-12-12 18:28:07 UTC | sent_date_max=2025-02-13 14:23:16 UTC | last_updated_min=2026-05-13 18:53:33 UTC | last_updated_max=2026-05-13 18:54:24 UTC
[2026-05-19 01:28:23] Page processed | start=26726 | range_processed=26750 | range_created=22965 | range_updated=3785 | range_skipped_no_hibob=0 | range_errors=0
[2026-05-19 01:28:23] Sleeping 3s before next page...
[2026-05-19 01:28:26] Requesting page | start=26751 | count=25 | date_start=05-01-2026T00:00:00+0000 | date_end=05-31-2026T23:59:59+0000
[2026-05-19 01:28:31] Page received | start=26751 | records=25 | hibob_records=9 | sent_date_min=2024-11-14 03:37:22 UTC | sent_date_max=2026-05-13 18:54:46 UTC | last_updated_min=2026-05-13 18:54:26 UTC | last_updated_max=2026-05-13 18:55:13 UTC
[2026-05-19 01:28:31] Page processed | start=26751 | range_processed=26775 | range_created=22990 | range_updated=3785 | range_skipped_no_hibob=0 | range_errors=0
[2026-05-19 01:28:31] Sleeping 3s before next page...
[2026-05-19 01:28:34] Requesting page | start=26776 | count=25 | date_start=05-01-2026T00:00:00+0000 | date_end=05-31-2026T23:59:59+0000
[2026-05-19 01:28:39] Page received | start=26776 | records=25 | hibob_records=5 | sent_date_min=2024-08-13 09:43:06 UTC | sent_date_max=2025-02-12 21:30:08 UTC | last_updated_min=2026-05-13 18:55:15 UTC | last_updated_max=2026-05-13 18:56:02 UTC
[2026-05-19 01:28:40] Page processed | start=26776 | range_processed=26800 | range_created=23015 | range_updated=3785 | range_skipped_no_hibob=0 | range_errors=0
[2026-05-19 01:28:40] Sleeping 3s before next page...
[2026-05-19 01:28:43] Requesting page | start=26801 | count=25 | date_start=05-01-2026T00:00:00+0000 | date_end=05-31-2026T23:59:59+0000
[2026-05-19 01:28:47] Page received | start=26801 | records=25 | hibob_records=9 | sent_date_min=2024-11-06 09:38:16 UTC | sent_date_max=2026-05-13 15:37:32 UTC | last_updated_min=2026-05-13 18:56:04 UTC | last_updated_max=2026-05-13 18:56:47 UTC
[2026-05-19 01:28:47] Page processed | start=26801 | range_processed=26825 | range_created=23040 | range_updated=3785 | range_skipped_no_hibob=0 | range_errors=0
[2026-05-19 01:28:47] Sleeping 3s before next page...
[2026-05-19 01:28:50] Requesting page | start=26826 | count=25 | date_start=05-01-2026T00:00:00+0000 | date_end=05-31-2026T23:59:59+0000
[2026-05-19 01:28:55] Page received | start=26826 | records=25 | hibob_records=6 | sent_date_min=2024-12-02 08:52:41 UTC | sent_date_max=2026-05-12 17:07:47 UTC | last_updated_min=2026-05-13 18:56:49 UTC | last_updated_max=2026-05-13 18:57:34 UTC
[2026-05-19 01:28:55] Page processed | start=26826 | range_processed=26850 | range_created=23065 | range_updated=3785 | range_skipped_no_hibob=0 | range_errors=0
[2026-05-19 01:28:55] Sleeping 3s before next page...
[2026-05-19 01:28:58] Requesting page | start=26851 | count=25 | date_start=05-01-2026T00:00:00+0000 | date_end=05-31-2026T23:59:59+0000
[2026-05-19 01:29:02] Page received | start=26851 | records=25 | hibob_records=8 | sent_date_min=2025-01-15 11:52:29 UTC | sent_date_max=2026-05-12 16:36:52 UTC | last_updated_min=2026-05-13 18:57:36 UTC | last_updated_max=2026-05-13 18:58:17 UTC
[2026-05-19 01:29:03] Page processed | start=26851 | range_processed=26875 | range_created=23090 | range_updated=3785 | range_skipped_no_hibob=0 | range_errors=0
[2026-05-19 01:29:03] Sleeping 3s before next page...
[2026-05-19 01:29:06] Requesting page | start=26876 | count=25 | date_start=05-01-2026T00:00:00+0000 | date_end=05-31-2026T23:59:59+0000
[2026-05-19 01:29:10] Page received | start=26876 | records=25 | hibob_records=11 | sent_date_min=2024-01-29 13:33:57 UTC | sent_date_max=2026-05-13 18:58:43 UTC | last_updated_min=2026-05-13 18:58:19 UTC | last_updated_max=2026-05-13 18:59:00 UTC
[2026-05-19 01:29:10] Page processed | start=26876 | range_processed=26900 | range_created=23114 | range_updated=3786 | range_skipped_no_hibob=0 | range_errors=0
[2026-05-19 01:29:10] Sleeping 3s before next page...
[2026-05-19 01:29:13] Requesting page | start=26901 | count=25 | date_start=05-01-2026T00:00:00+0000 | date_end=05-31-2026T23:59:59+0000
[2026-05-19 01:29:18] Page received | start=26901 | records=25 | hibob_records=8 | sent_date_min=2024-12-10 12:00:26 UTC | sent_date_max=2025-02-04 23:22:40 UTC | last_updated_min=2026-05-13 18:59:02 UTC | last_updated_max=2026-05-13 18:59:51 UTC
[2026-05-19 01:29:18] Page processed | start=26901 | range_processed=26925 | range_created=23139 | range_updated=3786 | range_skipped_no_hibob=0 | range_errors=0
[2026-05-19 01:29:18] Sleeping 3s before next page...
[2026-05-19 01:29:21] Requesting page | start=26926 | count=25 | date_start=05-01-2026T00:00:00+0000 | date_end=05-31-2026T23:59:59+0000
[2026-05-19 01:29:25] Page received | start=26926 | records=25 | hibob_records=10 | sent_date_min=2024-07-24 08:32:12 UTC | sent_date_max=2026-05-08 19:52:16 UTC | last_updated_min=2026-05-13 18:59:53 UTC | last_updated_max=2026-05-13 19:00:50 UTC
[2026-05-19 01:29:26] Page processed | start=26926 | range_processed=26950 | range_created=23164 | range_updated=3786 | range_skipped_no_hibob=0 | range_errors=0
[2026-05-19 01:29:26] Sleeping 3s before next page...
[2026-05-19 01:29:29] Requesting page | start=26951 | count=25 | date_start=05-01-2026T00:00:00+0000 | date_end=05-31-2026T23:59:59+0000
[2026-05-19 01:29:33] Page received | start=26951 | records=25 | hibob_records=2 | sent_date_min=2024-10-18 16:29:02 UTC | sent_date_max=2026-05-13 15:49:33 UTC | last_updated_min=2026-05-13 19:00:52 UTC | last_updated_max=2026-05-13 19:01:42 UTC
[2026-05-19 01:29:33] Page processed | start=26951 | range_processed=26975 | range_created=23188 | range_updated=3787 | range_skipped_no_hibob=0 | range_errors=0
[2026-05-19 01:29:33] Sleeping 3s before next page...
[2026-05-19 01:29:36] Requesting page | start=26976 | count=25 | date_start=05-01-2026T00:00:00+0000 | date_end=05-31-2026T23:59:59+0000
[2026-05-19 01:29:41] Page received | start=26976 | records=25 | hibob_records=6 | sent_date_min=2024-11-21 05:08:49 UTC | sent_date_max=2026-03-02 15:04:00 UTC | last_updated_min=2026-05-13 19:01:44 UTC | last_updated_max=2026-05-13 19:02:37 UTC
[2026-05-19 01:29:41] Page processed | start=26976 | range_processed=27000 | range_created=23213 | range_updated=3787 | range_skipped_no_hibob=0 | range_errors=0
[2026-05-19 01:29:41] Sleeping 3s before next page...
[2026-05-19 01:29:44] Requesting page | start=27001 | count=25 | date_start=05-01-2026T00:00:00+0000 | date_end=05-31-2026T23:59:59+0000
[2026-05-19 01:29:49] Page received | start=27001 | records=25 | hibob_records=6 | sent_date_min=2024-11-22 08:41:49 UTC | sent_date_max=2025-03-02 23:23:00 UTC | last_updated_min=2026-05-13 19:02:39 UTC | last_updated_max=2026-05-13 19:03:29 UTC
[2026-05-19 01:29:49] Page processed | start=27001 | range_processed=27025 | range_created=23238 | range_updated=3787 | range_skipped_no_hibob=0 | range_errors=0
[2026-05-19 01:29:49] Sleeping 3s before next page...
[2026-05-19 01:29:52] Requesting page | start=27026 | count=25 | date_start=05-01-2026T00:00:00+0000 | date_end=05-31-2026T23:59:59+0000
[2026-05-19 01:29:57] Page received | start=27026 | records=25 | hibob_records=7 | sent_date_min=2023-11-24 14:30:29 UTC | sent_date_max=2026-03-13 09:08:52 UTC | last_updated_min=2026-05-13 19:03:31 UTC | last_updated_max=2026-05-13 19:04:25 UTC
[2026-05-19 01:29:57] Page processed | start=27026 | range_processed=27050 | range_created=23262 | range_updated=3788 | range_skipped_no_hibob=0 | range_errors=0
[2026-05-19 01:29:57] Sleeping 3s before next page...
[2026-05-19 01:30:00] Requesting page | start=27051 | count=25 | date_start=05-01-2026T00:00:00+0000 | date_end=05-31-2026T23:59:59+0000
[2026-05-19 01:30:06] Page received | start=27051 | records=25 | hibob_records=7 | sent_date_min=2024-03-01 13:40:45 UTC | sent_date_max=2026-03-02 15:48:47 UTC | last_updated_min=2026-05-13 19:04:27 UTC | last_updated_max=2026-05-13 19:05:19 UTC
[2026-05-19 01:30:06] Page processed | start=27051 | range_processed=27075 | range_created=23287 | range_updated=3788 | range_skipped_no_hibob=0 | range_errors=0
[2026-05-19 01:30:06] Sleeping 3s before next page...
[2026-05-19 01:30:09] Requesting page | start=27076 | count=25 | date_start=05-01-2026T00:00:00+0000 | date_end=05-31-2026T23:59:59+0000
[2026-05-19 01:30:16] Page received | start=27076 | records=25 | hibob_records=9 | sent_date_min=2024-02-01 17:52:11 UTC | sent_date_max=2026-05-07 16:22:51 UTC | last_updated_min=2026-05-13 19:05:21 UTC | last_updated_max=2026-05-13 19:06:11 UTC
[2026-05-19 01:30:16] Page processed | start=27076 | range_processed=27100 | range_created=23312 | range_updated=3788 | range_skipped_no_hibob=0 | range_errors=0
[2026-05-19 01:30:16] Sleeping 3s before next page...
[2026-05-19 01:30:19] Requesting page | start=27101 | count=25 | date_start=05-01-2026T00:00:00+0000 | date_end=05-31-2026T23:59:59+0000
[2026-05-19 01:30:24] Page received | start=27101 | records=25 | hibob_records=6 | sent_date_min=2024-11-01 18:12:57 UTC | sent_date_max=2025-03-11 14:40:12 UTC | last_updated_min=2026-05-13 19:06:12 UTC | last_updated_max=2026-05-13 19:07:05 UTC
[2026-05-19 01:30:24] Page processed | start=27101 | range_processed=27125 | range_created=23337 | range_updated=3788 | range_skipped_no_hibob=0 | range_errors=0
[2026-05-19 01:30:24] Sleeping 3s before next page...
[2026-05-19 01:30:27] Requesting page | start=27126 | count=25 | date_start=05-01-2026T00:00:00+0000 | date_end=05-31-2026T23:59:59+0000
[2026-05-19 01:30:33] Page received | start=27126 | records=25 | hibob_records=5 | sent_date_min=2024-01-29 14:43:34 UTC | sent_date_max=2026-05-13 19:07:53 UTC | last_updated_min=2026-05-13 19:07:07 UTC | last_updated_max=2026-05-13 19:07:55 UTC
[2026-05-19 01:30:33] Page processed | start=27126 | range_processed=27150 | range_created=23362 | range_updated=3788 | range_skipped_no_hibob=0 | range_errors=0
[2026-05-19 01:30:33] Sleeping 3s before next page...
[2026-05-19 01:30:36] Requesting page | start=27151 | count=25 | date_start=05-01-2026T00:00:00+0000 | date_end=05-31-2026T23:59:59+0000
[2026-05-19 01:30:40] Page received | start=27151 | records=25 | hibob_records=9 | sent_date_min=2024-01-29 22:55:21 UTC | sent_date_max=2025-11-17 14:38:13 UTC | last_updated_min=2026-05-13 19:07:58 UTC | last_updated_max=2026-05-13 19:08:50 UTC
[2026-05-19 01:30:40] Page processed | start=27151 | range_processed=27175 | range_created=23386 | range_updated=3789 | range_skipped_no_hibob=0 | range_errors=0
[2026-05-19 01:30:40] Sleeping 3s before next page...
[2026-05-19 01:30:43] Requesting page | start=27176 | count=25 | date_start=05-01-2026T00:00:00+0000 | date_end=05-31-2026T23:59:59+0000
[2026-05-19 01:30:48] Page received | start=27176 | records=25 | hibob_records=11 | sent_date_min=2024-11-28 15:37:29 UTC | sent_date_max=2026-03-02 15:36:03 UTC | last_updated_min=2026-05-13 19:08:52 UTC | last_updated_max=2026-05-13 19:09:43 UTC
[2026-05-19 01:30:49] Page processed | start=27176 | range_processed=27200 | range_created=23410 | range_updated=3790 | range_skipped_no_hibob=0 | range_errors=0
[2026-05-19 01:30:49] Sleeping 3s before next page...
[2026-05-19 01:30:52] Requesting page | start=27201 | count=25 | date_start=05-01-2026T00:00:00+0000 | date_end=05-31-2026T23:59:59+0000
[2026-05-19 01:30:57] Page received | start=27201 | records=25 | hibob_records=8 | sent_date_min=2024-11-13 16:15:49 UTC | sent_date_max=2025-11-02 19:53:19 UTC | last_updated_min=2026-05-13 19:09:47 UTC | last_updated_max=2026-05-13 19:10:52 UTC
[2026-05-19 01:30:57] Page processed | start=27201 | range_processed=27225 | range_created=23434 | range_updated=3791 | range_skipped_no_hibob=0 | range_errors=0
[2026-05-19 01:30:57] Sleeping 3s before next page...
[2026-05-19 01:31:00] Requesting page | start=27226 | count=25 | date_start=05-01-2026T00:00:00+0000 | date_end=05-31-2026T23:59:59+0000
[2026-05-19 01:31:05] Page received | start=27226 | records=25 | hibob_records=8 | sent_date_min=2024-04-02 13:00:08 UTC | sent_date_max=2025-01-23 23:52:27 UTC | last_updated_min=2026-05-13 19:10:54 UTC | last_updated_max=2026-05-13 19:11:45 UTC
[2026-05-19 01:31:05] Page processed | start=27226 | range_processed=27250 | range_created=23459 | range_updated=3791 | range_skipped_no_hibob=0 | range_errors=0
[2026-05-19 01:31:05] Sleeping 3s before next page...
[2026-05-19 01:31:08] Requesting page | start=27251 | count=25 | date_start=05-01-2026T00:00:00+0000 | date_end=05-31-2026T23:59:59+0000
[2026-05-19 01:31:14] Page received | start=27251 | records=25 | hibob_records=8 | sent_date_min=2024-03-25 18:38:47 UTC | sent_date_max=2025-01-15 22:06:33 UTC | last_updated_min=2026-05-13 19:11:47 UTC | last_updated_max=2026-05-13 19:12:40 UTC
[2026-05-19 01:31:14] Page processed | start=27251 | range_processed=27275 | range_created=23484 | range_updated=3791 | range_skipped_no_hibob=0 | range_errors=0
[2026-05-19 01:31:14] Sleeping 3s before next page...
[2026-05-19 01:31:17] Requesting page | start=27276 | count=25 | date_start=05-01-2026T00:00:00+0000 | date_end=05-31-2026T23:59:59+0000
[2026-05-19 01:31:21] Page received | start=27276 | records=25 | hibob_records=6 | sent_date_min=2024-02-22 13:37:24 UTC | sent_date_max=2025-01-20 08:26:07 UTC | last_updated_min=2026-05-13 19:12:42 UTC | last_updated_max=2026-05-13 19:13:36 UTC
[2026-05-19 01:31:21] Page processed | start=27276 | range_processed=27300 | range_created=23509 | range_updated=3791 | range_skipped_no_hibob=0 | range_errors=0
[2026-05-19 01:31:21] Sleeping 3s before next page...
[2026-05-19 01:31:24] Requesting page | start=27301 | count=25 | date_start=05-01-2026T00:00:00+0000 | date_end=05-31-2026T23:59:59+0000
[2026-05-19 01:31:30] Page received | start=27301 | records=25 | hibob_records=6 | sent_date_min=2024-10-19 15:08:21 UTC | sent_date_max=2026-02-04 00:11:35 UTC | last_updated_min=2026-05-13 19:13:38 UTC | last_updated_max=2026-05-13 19:14:30 UTC
[2026-05-19 01:31:30] Page processed | start=27301 | range_processed=27325 | range_created=23532 | range_updated=3793 | range_skipped_no_hibob=0 | range_errors=0
[2026-05-19 01:31:30] Sleeping 3s before next page...
[2026-05-19 01:31:33] Requesting page | start=27326 | count=25 | date_start=05-01-2026T00:00:00+0000 | date_end=05-31-2026T23:59:59+0000
[2026-05-19 01:31:38] Page received | start=27326 | records=25 | hibob_records=2 | sent_date_min=2024-10-25 10:23:33 UTC | sent_date_max=2026-02-27 19:12:25 UTC | last_updated_min=2026-05-13 19:14:32 UTC | last_updated_max=2026-05-13 19:15:26 UTC
[2026-05-19 01:31:38] Page processed | start=27326 | range_processed=27350 | range_created=23555 | range_updated=3795 | range_skipped_no_hibob=0 | range_errors=0
[2026-05-19 01:31:38] Sleeping 3s before next page...
[2026-05-19 01:31:41] Requesting page | start=27351 | count=25 | date_start=05-01-2026T00:00:00+0000 | date_end=05-31-2026T23:59:59+0000
[2026-05-19 01:31:46] Page received | start=27351 | records=25 | hibob_records=6 | sent_date_min=2024-02-29 09:25:50 UTC | sent_date_max=2026-01-06 09:11:03 UTC | last_updated_min=2026-05-13 19:15:28 UTC | last_updated_max=2026-05-13 19:16:19 UTC
[2026-05-19 01:31:46] Page processed | start=27351 | range_processed=27375 | range_created=23579 | range_updated=3796 | range_skipped_no_hibob=0 | range_errors=0
[2026-05-19 01:31:46] Sleeping 3s before next page...
[2026-05-19 01:31:49] Requesting page | start=27376 | count=25 | date_start=05-01-2026T00:00:00+0000 | date_end=05-31-2026T23:59:59+0000
[2026-05-19 01:31:54] Page received | start=27376 | records=25 | hibob_records=6 | sent_date_min=2024-01-30 10:16:53 UTC | sent_date_max=2026-05-08 23:07:19 UTC | last_updated_min=2026-05-13 19:16:24 UTC | last_updated_max=2026-05-13 19:17:15 UTC
[2026-05-19 01:31:54] Page processed | start=27376 | range_processed=27400 | range_created=23603 | range_updated=3797 | range_skipped_no_hibob=0 | range_errors=0
[2026-05-19 01:31:54] Sleeping 3s before next page...
[2026-05-19 01:31:57] Requesting page | start=27401 | count=25 | date_start=05-01-2026T00:00:00+0000 | date_end=05-31-2026T23:59:59+0000
[2026-05-19 01:32:04] Page received | start=27401 | records=25 | hibob_records=8 | sent_date_min=2024-10-26 08:24:00 UTC | sent_date_max=2025-06-05 14:09:47 UTC | last_updated_min=2026-05-13 19:17:19 UTC | last_updated_max=2026-05-13 19:18:15 UTC
[2026-05-19 01:32:04] Page processed | start=27401 | range_processed=27425 | range_created=23627 | range_updated=3798 | range_skipped_no_hibob=0 | range_errors=0
[2026-05-19 01:32:04] Sleeping 3s before next page...
[2026-05-19 01:32:07] Requesting page | start=27426 | count=25 | date_start=05-01-2026T00:00:00+0000 | date_end=05-31-2026T23:59:59+0000
[2026-05-19 01:32:11] Page received | start=27426 | records=25 | hibob_records=5 | sent_date_min=2024-02-05 14:55:20 UTC | sent_date_max=2026-05-07 17:08:14 UTC | last_updated_min=2026-05-13 19:18:15 UTC | last_updated_max=2026-05-13 19:19:11 UTC
[2026-05-19 01:32:11] Page processed | start=27426 | range_processed=27450 | range_created=23651 | range_updated=3799 | range_skipped_no_hibob=0 | range_errors=0
[2026-05-19 01:32:11] Sleeping 3s before next page...
[2026-05-19 01:32:14] Requesting page | start=27451 | count=25 | date_start=05-01-2026T00:00:00+0000 | date_end=05-31-2026T23:59:59+0000
[2026-05-19 01:32:20] Page received | start=27451 | records=25 | hibob_records=7 | sent_date_min=2024-10-02 19:24:59 UTC | sent_date_max=2025-01-23 08:43:40 UTC | last_updated_min=2026-05-13 19:19:13 UTC | last_updated_max=2026-05-13 19:20:13 UTC
[2026-05-19 01:32:20] Page processed | start=27451 | range_processed=27475 | range_created=23674 | range_updated=3801 | range_skipped_no_hibob=0 | range_errors=0
[2026-05-19 01:32:20] Sleeping 3s before next page...
[2026-05-19 01:32:23] Requesting page | start=27476 | count=25 | date_start=05-01-2026T00:00:00+0000 | date_end=05-31-2026T23:59:59+0000
[2026-05-19 01:32:28] Page received | start=27476 | records=25 | hibob_records=8 | sent_date_min=2024-11-04 22:12:44 UTC | sent_date_max=2026-05-13 19:20:40 UTC | last_updated_min=2026-05-13 19:20:15 UTC | last_updated_max=2026-05-13 19:21:15 UTC
[2026-05-19 01:32:28] Page processed | start=27476 | range_processed=27500 | range_created=23699 | range_updated=3801 | range_skipped_no_hibob=0 | range_errors=0
[2026-05-19 01:32:28] Sleeping 3s before next page...
[2026-05-19 01:32:31] Requesting page | start=27501 | count=25 | date_start=05-01-2026T00:00:00+0000 | date_end=05-31-2026T23:59:59+0000
[2026-05-19 01:32:36] Page received | start=27501 | records=25 | hibob_records=5 | sent_date_min=2024-09-12 17:26:30 UTC | sent_date_max=2026-05-13 19:22:20 UTC | last_updated_min=2026-05-13 19:21:22 UTC | last_updated_max=2026-05-13 19:22:30 UTC
[2026-05-19 01:32:36] Page processed | start=27501 | range_processed=27525 | range_created=23723 | range_updated=3802 | range_skipped_no_hibob=0 | range_errors=0
[2026-05-19 01:32:36] Sleeping 3s before next page...
[2026-05-19 01:32:39] Requesting page | start=27526 | count=25 | date_start=05-01-2026T00:00:00+0000 | date_end=05-31-2026T23:59:59+0000
[2026-05-19 01:32:44] Page received | start=27526 | records=25 | hibob_records=4 | sent_date_min=2024-02-29 16:23:56 UTC | sent_date_max=2026-05-13 19:27:24 UTC | last_updated_min=2026-05-13 19:22:32 UTC | last_updated_max=2026-05-13 19:30:36 UTC
[2026-05-19 01:32:44] Page processed | start=27526 | range_processed=27550 | range_created=23746 | range_updated=3804 | range_skipped_no_hibob=0 | range_errors=0
[2026-05-19 01:32:44] Sleeping 3s before next page...
[2026-05-19 01:32:47] Requesting page | start=27551 | count=25 | date_start=05-01-2026T00:00:00+0000 | date_end=05-31-2026T23:59:59+0000
[2026-05-19 01:32:52] Page received | start=27551 | records=25 | hibob_records=6 | sent_date_min=2024-12-06 14:39:45 UTC | sent_date_max=2026-04-28 06:29:12 UTC | last_updated_min=2026-05-13 19:30:44 UTC | last_updated_max=2026-05-13 19:31:50 UTC
[2026-05-19 01:32:52] Page processed | start=27551 | range_processed=27575 | range_created=23765 | range_updated=3810 | range_skipped_no_hibob=0 | range_errors=0
[2026-05-19 01:32:52] Sleeping 3s before next page...
[2026-05-19 01:32:55] Requesting page | start=27576 | count=25 | date_start=05-01-2026T00:00:00+0000 | date_end=05-31-2026T23:59:59+0000
[2026-05-19 01:33:00] Page received | start=27576 | records=25 | hibob_records=13 | sent_date_min=2026-01-09 10:04:28 UTC | sent_date_max=2026-04-17 08:38:28 UTC | last_updated_min=2026-05-13 19:31:52 UTC | last_updated_max=2026-05-13 19:32:50 UTC
[2026-05-19 01:33:00] Page processed | start=27576 | range_processed=27600 | range_created=23781 | range_updated=3819 | range_skipped_no_hibob=0 | range_errors=0
[2026-05-19 01:33:00] Sleeping 3s before next page...
[2026-05-19 01:33:03] Requesting page | start=27601 | count=25 | date_start=05-01-2026T00:00:00+0000 | date_end=05-31-2026T23:59:59+0000
[2026-05-19 01:33:08] Page received | start=27601 | records=25 | hibob_records=15 | sent_date_min=2024-11-21 02:26:48 UTC | sent_date_max=2026-04-17 12:34:59 UTC | last_updated_min=2026-05-13 19:32:52 UTC | last_updated_max=2026-05-13 19:33:43 UTC
[2026-05-19 01:33:08] Page processed | start=27601 | range_processed=27625 | range_created=23797 | range_updated=3828 | range_skipped_no_hibob=0 | range_errors=0
[2026-05-19 01:33:08] Sleeping 3s before next page...
[2026-05-19 01:33:11] Requesting page | start=27626 | count=25 | date_start=05-01-2026T00:00:00+0000 | date_end=05-31-2026T23:59:59+0000
[2026-05-19 01:33:18] Page received | start=27626 | records=25 | hibob_records=12 | sent_date_min=2026-03-06 19:33:01 UTC | sent_date_max=2026-05-13 19:33:54 UTC | last_updated_min=2026-05-13 19:33:47 UTC | last_updated_max=2026-05-13 19:34:34 UTC
[2026-05-19 01:33:18] Page processed | start=27626 | range_processed=27650 | range_created=23812 | range_updated=3838 | range_skipped_no_hibob=0 | range_errors=0
[2026-05-19 01:33:18] Sleeping 3s before next page...
[2026-05-19 01:33:21] Requesting page | start=27651 | count=25 | date_start=05-01-2026T00:00:00+0000 | date_end=05-31-2026T23:59:59+0000
[2026-05-19 01:33:30] Page received | start=27651 | records=25 | hibob_records=12 | sent_date_min=2025-05-22 21:44:36 UTC | sent_date_max=2026-04-16 08:21:27 UTC | last_updated_min=2026-05-13 19:34:36 UTC | last_updated_max=2026-05-13 19:35:30 UTC
[2026-05-19 01:33:30] Page processed | start=27651 | range_processed=27675 | range_created=23828 | range_updated=3847 | range_skipped_no_hibob=0 | range_errors=0
[2026-05-19 01:33:30] Sleeping 3s before next page...
[2026-05-19 01:33:33] Requesting page | start=27676 | count=25 | date_start=05-01-2026T00:00:00+0000 | date_end=05-31-2026T23:59:59+0000
[2026-05-19 01:33:39] Page received | start=27676 | records=25 | hibob_records=14 | sent_date_min=2026-02-11 14:52:50 UTC | sent_date_max=2026-04-17 12:55:24 UTC | last_updated_min=2026-05-13 19:35:32 UTC | last_updated_max=2026-05-13 19:36:26 UTC
[2026-05-19 01:33:39] Page processed | start=27676 | range_processed=27700 | range_created=23844 | range_updated=3856 | range_skipped_no_hibob=0 | range_errors=0
[2026-05-19 01:33:39] Sleeping 3s before next page...
[2026-05-19 01:33:42] Requesting page | start=27701 | count=25 | date_start=05-01-2026T00:00:00+0000 | date_end=05-31-2026T23:59:59+0000
[2026-05-19 01:33:47] Page received | start=27701 | records=25 | hibob_records=9 | sent_date_min=2026-03-05 04:22:14 UTC | sent_date_max=2026-05-13 19:52:12 UTC | last_updated_min=2026-05-13 19:36:28 UTC | last_updated_max=2026-05-13 20:02:43 UTC
[2026-05-19 01:33:47] Page processed | start=27701 | range_processed=27725 | range_created=23867 | range_updated=3858 | range_skipped_no_hibob=0 | range_errors=0
[2026-05-19 01:33:47] Sleeping 3s before next page...
[2026-05-19 01:33:50] Requesting page | start=27726 | count=25 | date_start=05-01-2026T00:00:00+0000 | date_end=05-31-2026T23:59:59+0000
[2026-05-19 01:33:55] Page received | start=27726 | records=25 | hibob_records=7 | sent_date_min=2026-02-26 17:37:30 UTC | sent_date_max=2026-05-13 20:17:23 UTC | last_updated_min=2026-05-13 20:03:51 UTC | last_updated_max=2026-05-13 20:17:23 UTC
[2026-05-19 01:33:55] Page processed | start=27726 | range_processed=27750 | range_created=23892 | range_updated=3858 | range_skipped_no_hibob=0 | range_errors=0
[2026-05-19 01:33:55] Sleeping 3s before next page...
[2026-05-19 01:33:58] Requesting page | start=27751 | count=25 | date_start=05-01-2026T00:00:00+0000 | date_end=05-31-2026T23:59:59+0000
[2026-05-19 01:34:03] Page received | start=27751 | records=25 | hibob_records=4 | sent_date_min=2026-02-13 19:22:53 UTC | sent_date_max=2026-05-13 21:11:28 UTC | last_updated_min=2026-05-13 20:17:54 UTC | last_updated_max=2026-05-13 21:11:28 UTC
[2026-05-19 01:34:03] Page processed | start=27751 | range_processed=27775 | range_created=23917 | range_updated=3858 | range_skipped_no_hibob=0 | range_errors=0
[2026-05-19 01:34:03] Sleeping 3s before next page...
[2026-05-19 01:34:06] Requesting page | start=27776 | count=25 | date_start=05-01-2026T00:00:00+0000 | date_end=05-31-2026T23:59:59+0000
[2026-05-19 01:34:11] Page received | start=27776 | records=25 | hibob_records=6 | sent_date_min=2026-02-07 01:37:30 UTC | sent_date_max=2026-05-13 22:08:57 UTC | last_updated_min=2026-05-13 21:14:02 UTC | last_updated_max=2026-05-13 22:22:58 UTC
[2026-05-19 01:34:11] Page processed | start=27776 | range_processed=27800 | range_created=23942 | range_updated=3858 | range_skipped_no_hibob=0 | range_errors=0
[2026-05-19 01:34:11] Sleeping 3s before next page...
[2026-05-19 01:34:14] Requesting page | start=27801 | count=25 | date_start=05-01-2026T00:00:00+0000 | date_end=05-31-2026T23:59:59+0000
[2026-05-19 01:34:19] Page received | start=27801 | records=25 | hibob_records=4 | sent_date_min=2026-03-19 15:50:37 UTC | sent_date_max=2026-05-13 22:52:15 UTC | last_updated_min=2026-05-13 22:23:18 UTC | last_updated_max=2026-05-13 22:52:15 UTC
[2026-05-19 01:34:20] Page processed | start=27801 | range_processed=27825 | range_created=23967 | range_updated=3858 | range_skipped_no_hibob=0 | range_errors=0
[2026-05-19 01:34:20] Sleeping 3s before next page...
[2026-05-19 01:34:23] Requesting page | start=27826 | count=25 | date_start=05-01-2026T00:00:00+0000 | date_end=05-31-2026T23:59:59+0000
[2026-05-19 01:34:27] Page received | start=27826 | records=25 | hibob_records=1 | sent_date_min=2026-05-10 20:44:16 UTC | sent_date_max=2026-05-14 02:07:31 UTC | last_updated_min=2026-05-13 22:52:20 UTC | last_updated_max=2026-05-14 02:07:31 UTC
[2026-05-19 01:34:27] Page processed | start=27826 | range_processed=27850 | range_created=23992 | range_updated=3858 | range_skipped_no_hibob=0 | range_errors=0
[2026-05-19 01:34:27] Sleeping 3s before next page...
[2026-05-19 01:34:30] Requesting page | start=27851 | count=25 | date_start=05-01-2026T00:00:00+0000 | date_end=05-31-2026T23:59:59+0000
[2026-05-19 01:34:35] Page received | start=27851 | records=25 | hibob_records=2 | sent_date_min=2026-05-11 00:07:10 UTC | sent_date_max=2026-05-14 04:37:09 UTC | last_updated_min=2026-05-14 02:22:07 UTC | last_updated_max=2026-05-14 04:37:09 UTC
[2026-05-19 01:34:35] Page processed | start=27851 | range_processed=27875 | range_created=24017 | range_updated=3858 | range_skipped_no_hibob=0 | range_errors=0
[2026-05-19 01:34:35] Sleeping 3s before next page...
[2026-05-19 01:34:38] Requesting page | start=27876 | count=25 | date_start=05-01-2026T00:00:00+0000 | date_end=05-31-2026T23:59:59+0000
[2026-05-19 01:34:49] Page received | start=27876 | records=25 | hibob_records=6 | sent_date_min=2026-02-15 11:54:20 UTC | sent_date_max=2026-05-14 06:14:17 UTC | last_updated_min=2026-05-14 04:37:22 UTC | last_updated_max=2026-05-14 06:21:46 UTC
[2026-05-19 01:34:49] Page processed | start=27876 | range_processed=27900 | range_created=24040 | range_updated=3860 | range_skipped_no_hibob=0 | range_errors=0
[2026-05-19 01:34:49] Sleeping 3s before next page...
[2026-05-19 01:34:52] Requesting page | start=27901 | count=25 | date_start=05-01-2026T00:00:00+0000 | date_end=05-31-2026T23:59:59+0000
[2026-05-19 01:34:57] Page received | start=27901 | records=25 | hibob_records=6 | sent_date_min=2026-03-22 12:38:48 UTC | sent_date_max=2026-05-14 06:25:16 UTC | last_updated_min=2026-05-14 06:22:04 UTC | last_updated_max=2026-05-14 06:30:56 UTC
[2026-05-19 01:34:57] Page processed | start=27901 | range_processed=27925 | range_created=24065 | range_updated=3860 | range_skipped_no_hibob=0 | range_errors=0
[2026-05-19 01:34:57] Sleeping 3s before next page...
[2026-05-19 01:35:00] Requesting page | start=27926 | count=25 | date_start=05-01-2026T00:00:00+0000 | date_end=05-31-2026T23:59:59+0000
[2026-05-19 01:35:09] Page received | start=27926 | records=25 | hibob_records=10 | sent_date_min=2025-06-24 10:56:15 UTC | sent_date_max=2026-05-14 06:35:40 UTC | last_updated_min=2026-05-14 06:31:26 UTC | last_updated_max=2026-05-14 06:44:46 UTC
[2026-05-19 01:35:10] Page processed | start=27926 | range_processed=27950 | range_created=24090 | range_updated=3860 | range_skipped_no_hibob=0 | range_errors=0
[2026-05-19 01:35:10] Sleeping 3s before next page...
[2026-05-19 01:35:13] Requesting page | start=27951 | count=25 | date_start=05-01-2026T00:00:00+0000 | date_end=05-31-2026T23:59:59+0000
[2026-05-19 01:35:22] Page received | start=27951 | records=25 | hibob_records=2 | sent_date_min=2026-02-13 17:38:18 UTC | sent_date_max=2026-05-14 07:22:22 UTC | last_updated_min=2026-05-14 06:45:06 UTC | last_updated_max=2026-05-14 07:22:22 UTC
[2026-05-19 01:35:22] Page processed | start=27951 | range_processed=27975 | range_created=24113 | range_updated=3862 | range_skipped_no_hibob=0 | range_errors=0
[2026-05-19 01:35:22] Sleeping 3s before next page...
[2026-05-19 01:35:25] Requesting page | start=27976 | count=25 | date_start=05-01-2026T00:00:00+0000 | date_end=05-31-2026T23:59:59+0000
[2026-05-19 01:35:30] Page received | start=27976 | records=25 | hibob_records=4 | sent_date_min=2025-11-27 09:49:53 UTC | sent_date_max=2026-05-14 07:28:22 UTC | last_updated_min=2026-05-14 07:22:26 UTC | last_updated_max=2026-05-14 07:31:58 UTC
[2026-05-19 01:35:30] Page processed | start=27976 | range_processed=28000 | range_created=24127 | range_updated=3873 | range_skipped_no_hibob=0 | range_errors=0
[2026-05-19 01:35:30] Sleeping 3s before next page...
[2026-05-19 01:35:33] Requesting page | start=28001 | count=25 | date_start=05-01-2026T00:00:00+0000 | date_end=05-31-2026T23:59:59+0000
[2026-05-19 01:35:39] Page received | start=28001 | records=25 | hibob_records=1 | sent_date_min=2026-02-24 16:37:25 UTC | sent_date_max=2026-04-17 09:52:49 UTC | last_updated_min=2026-05-14 07:31:59 UTC | last_updated_max=2026-05-14 07:32:09 UTC
[2026-05-19 01:35:39] Page processed | start=28001 | range_processed=28025 | range_created=24147 | range_updated=3878 | range_skipped_no_hibob=0 | range_errors=0
[2026-05-19 01:35:39] Sleeping 3s before next page...
[2026-05-19 01:35:42] Requesting page | start=28026 | count=25 | date_start=05-01-2026T00:00:00+0000 | date_end=05-31-2026T23:59:59+0000
[2026-05-19 01:35:46] Page received | start=28026 | records=25 | hibob_records=0 | sent_date_min=2026-02-04 17:22:48 UTC | sent_date_max=2026-05-13 14:52:26 UTC | last_updated_min=2026-05-14 07:32:10 UTC | last_updated_max=2026-05-14 07:33:08 UTC
[2026-05-19 01:35:47] Page processed | start=28026 | range_processed=28050 | range_created=24171 | range_updated=3879 | range_skipped_no_hibob=0 | range_errors=0
[2026-05-19 01:35:47] Sleeping 3s before next page...
[2026-05-19 01:35:50] Requesting page | start=28051 | count=25 | date_start=05-01-2026T00:00:00+0000 | date_end=05-31-2026T23:59:59+0000
[2026-05-19 01:35:55] Page received | start=28051 | records=25 | hibob_records=0 | sent_date_min=2026-02-04 18:08:02 UTC | sent_date_max=2026-05-13 02:37:04 UTC | last_updated_min=2026-05-14 07:33:08 UTC | last_updated_max=2026-05-14 07:33:19 UTC
[2026-05-19 01:35:55] Page processed | start=28051 | range_processed=28075 | range_created=24172 | range_updated=3903 | range_skipped_no_hibob=0 | range_errors=0
[2026-05-19 01:35:55] Sleeping 3s before next page...
[2026-05-19 01:35:58] Requesting page | start=28076 | count=25 | date_start=05-01-2026T00:00:00+0000 | date_end=05-31-2026T23:59:59+0000
[2026-05-19 01:36:02] Page received | start=28076 | records=25 | hibob_records=3 | sent_date_min=2026-01-15 01:22:22 UTC | sent_date_max=2026-05-14 07:52:33 UTC | last_updated_min=2026-05-14 07:22:48 UTC | last_updated_max=2026-05-14 08:05:03 UTC
[2026-05-19 01:36:02] Page processed | start=28076 | range_processed=28100 | range_created=24187 | range_updated=3913 | range_skipped_no_hibob=0 | range_errors=0
[2026-05-19 01:36:02] Sleeping 3s before next page...
[2026-05-19 01:36:05] Requesting page | start=28101 | count=25 | date_start=05-01-2026T00:00:00+0000 | date_end=05-31-2026T23:59:59+0000
[2026-05-19 01:36:10] Page received | start=28101 | records=25 | hibob_records=9 | sent_date_min=2026-02-11 14:39:36 UTC | sent_date_max=2026-05-14 08:22:09 UTC | last_updated_min=2026-05-14 08:05:15 UTC | last_updated_max=2026-05-14 08:27:42 UTC
[2026-05-19 01:36:10] Page processed | start=28101 | range_processed=28125 | range_created=24212 | range_updated=3913 | range_skipped_no_hibob=0 | range_errors=0
[2026-05-19 01:36:10] Sleeping 3s before next page...
[2026-05-19 01:36:13] Requesting page | start=28126 | count=25 | date_start=05-01-2026T00:00:00+0000 | date_end=05-31-2026T23:59:59+0000
[2026-05-19 01:36:17] Page received | start=28126 | records=25 | hibob_records=8 | sent_date_min=2025-09-03 14:13:20 UTC | sent_date_max=2026-05-14 08:38:02 UTC | last_updated_min=2026-05-14 08:27:55 UTC | last_updated_max=2026-05-14 08:39:56 UTC
[2026-05-19 01:36:18] Page processed | start=28126 | range_processed=28150 | range_created=24235 | range_updated=3915 | range_skipped_no_hibob=0 | range_errors=0
[2026-05-19 01:36:18] Sleeping 3s before next page...
[2026-05-19 01:36:21] Requesting page | start=28151 | count=25 | date_start=05-01-2026T00:00:00+0000 | date_end=05-31-2026T23:59:59+0000
[2026-05-19 01:36:25] Page received | start=28151 | records=25 | hibob_records=6 | sent_date_min=2025-12-22 10:14:45 UTC | sent_date_max=2026-05-14 08:46:47 UTC | last_updated_min=2026-05-14 08:40:14 UTC | last_updated_max=2026-05-14 08:48:30 UTC
[2026-05-19 01:36:25] Page processed | start=28151 | range_processed=28175 | range_created=24256 | range_updated=3919 | range_skipped_no_hibob=0 | range_errors=0
[2026-05-19 01:36:25] Sleeping 3s before next page...
[2026-05-19 01:36:28] Requesting page | start=28176 | count=25 | date_start=05-01-2026T00:00:00+0000 | date_end=05-31-2026T23:59:59+0000
[2026-05-19 01:36:33] Page received | start=28176 | records=25 | hibob_records=5 | sent_date_min=2025-11-17 11:32:04 UTC | sent_date_max=2026-05-14 09:00:43 UTC | last_updated_min=2026-05-14 08:48:31 UTC | last_updated_max=2026-05-14 09:01:39 UTC
[2026-05-19 01:36:33] Page processed | start=28176 | range_processed=28200 | range_created=24280 | range_updated=3920 | range_skipped_no_hibob=0 | range_errors=0
[2026-05-19 01:36:33] Sleeping 3s before next page...
[2026-05-19 01:36:36] Requesting page | start=28201 | count=25 | date_start=05-01-2026T00:00:00+0000 | date_end=05-31-2026T23:59:59+0000
[2026-05-19 01:36:42] Page received | start=28201 | records=25 | hibob_records=9 | sent_date_min=2025-06-02 11:20:59 UTC | sent_date_max=2026-05-14 09:14:23 UTC | last_updated_min=2026-05-14 09:02:16 UTC | last_updated_max=2026-05-14 09:18:37 UTC
[2026-05-19 01:36:43] Page processed | start=28201 | range_processed=28225 | range_created=24300 | range_updated=3925 | range_skipped_no_hibob=0 | range_errors=0
[2026-05-19 01:36:43] Sleeping 3s before next page...
[2026-05-19 01:36:46] Requesting page | start=28226 | count=25 | date_start=05-01-2026T00:00:00+0000 | date_end=05-31-2026T23:59:59+0000
[2026-05-19 01:36:50] Page received | start=28226 | records=25 | hibob_records=9 | sent_date_min=2025-08-20 07:57:35 UTC | sent_date_max=2026-05-14 09:37:14 UTC | last_updated_min=2026-05-14 09:18:56 UTC | last_updated_max=2026-05-14 09:37:14 UTC
[2026-05-19 01:36:50] Page processed | start=28226 | range_processed=28250 | range_created=24319 | range_updated=3931 | range_skipped_no_hibob=0 | range_errors=0
[2026-05-19 01:36:50] Sleeping 3s before next page...
[2026-05-19 01:36:53] Requesting page | start=28251 | count=25 | date_start=05-01-2026T00:00:00+0000 | date_end=05-31-2026T23:59:59+0000
[2026-05-19 01:36:59] Page received | start=28251 | records=25 | hibob_records=12 | sent_date_min=2025-06-09 23:00:04 UTC | sent_date_max=2026-05-14 09:47:14 UTC | last_updated_min=2026-05-14 09:37:36 UTC | last_updated_max=2026-05-14 09:50:14 UTC
[2026-05-19 01:36:59] Page processed | start=28251 | range_processed=28275 | range_created=24336 | range_updated=3939 | range_skipped_no_hibob=0 | range_errors=0
[2026-05-19 01:36:59] Sleeping 3s before next page...
[2026-05-19 01:37:02] Requesting page | start=28276 | count=25 | date_start=05-01-2026T00:00:00+0000 | date_end=05-31-2026T23:59:59+0000
[2026-05-19 01:37:08] Page received | start=28276 | records=25 | hibob_records=11 | sent_date_min=2026-02-27 00:37:55 UTC | sent_date_max=2026-05-14 09:55:21 UTC | last_updated_min=2026-05-14 09:51:04 UTC | last_updated_max=2026-05-14 09:56:00 UTC
[2026-05-19 01:37:08] Page processed | start=28276 | range_processed=28300 | range_created=24352 | range_updated=3948 | range_skipped_no_hibob=0 | range_errors=0
[2026-05-19 01:37:08] Sleeping 3s before next page...
[2026-05-19 01:37:11] Requesting page | start=28301 | count=25 | date_start=05-01-2026T00:00:00+0000 | date_end=05-31-2026T23:59:59+0000
[2026-05-19 01:37:16] Page received | start=28301 | records=25 | hibob_records=2 | sent_date_min=2025-08-19 20:22:58 UTC | sent_date_max=2026-05-14 08:53:25 UTC | last_updated_min=2026-05-14 09:56:00 UTC | last_updated_max=2026-05-14 10:00:30 UTC
[2026-05-19 01:37:16] Page processed | start=28301 | range_processed=28325 | range_created=24373 | range_updated=3952 | range_skipped_no_hibob=0 | range_errors=0
[2026-05-19 01:37:16] Sleeping 3s before next page...
[2026-05-19 01:37:19] Requesting page | start=28326 | count=25 | date_start=05-01-2026T00:00:00+0000 | date_end=05-31-2026T23:59:59+0000
[2026-05-19 01:37:23] Page received | start=28326 | records=25 | hibob_records=13 | sent_date_min=2026-02-17 15:46:29 UTC | sent_date_max=2026-05-14 10:23:26 UTC | last_updated_min=2026-05-14 10:01:05 UTC | last_updated_max=2026-05-14 10:30:04 UTC
[2026-05-19 01:37:23] Page processed | start=28326 | range_processed=28350 | range_created=24398 | range_updated=3952 | range_skipped_no_hibob=0 | range_errors=0
[2026-05-19 01:37:23] Sleeping 3s before next page...
[2026-05-19 01:37:26] Requesting page | start=28351 | count=25 | date_start=05-01-2026T00:00:00+0000 | date_end=05-31-2026T23:59:59+0000
[2026-05-19 01:37:31] Page received | start=28351 | records=25 | hibob_records=3 | sent_date_min=2026-04-29 17:08:08 UTC | sent_date_max=2026-05-14 10:37:48 UTC | last_updated_min=2026-05-14 10:30:06 UTC | last_updated_max=2026-05-14 10:37:48 UTC
[2026-05-19 01:37:32] Page processed | start=28351 | range_processed=28375 | range_created=24423 | range_updated=3952 | range_skipped_no_hibob=0 | range_errors=0
[2026-05-19 01:37:32] Sleeping 3s before next page...
[2026-05-19 01:37:35] Requesting page | start=28376 | count=25 | date_start=05-01-2026T00:00:00+0000 | date_end=05-31-2026T23:59:59+0000
[2026-05-19 01:37:40] Page received | start=28376 | records=25 | hibob_records=5 | sent_date_min=2026-03-03 16:55:01 UTC | sent_date_max=2026-05-14 10:53:24 UTC | last_updated_min=2026-05-14 10:37:53 UTC | last_updated_max=2026-05-14 10:54:20 UTC
[2026-05-19 01:37:40] Page processed | start=28376 | range_processed=28400 | range_created=24447 | range_updated=3953 | range_skipped_no_hibob=0 | range_errors=0
[2026-05-19 01:37:40] Sleeping 3s before next page...
[2026-05-19 01:37:43] Requesting page | start=28401 | count=25 | date_start=05-01-2026T00:00:00+0000 | date_end=05-31-2026T23:59:59+0000
[2026-05-19 01:37:48] Page received | start=28401 | records=25 | hibob_records=6 | sent_date_min=2025-10-07 19:21:04 UTC | sent_date_max=2026-05-12 09:38:24 UTC | last_updated_min=2026-05-14 10:54:41 UTC | last_updated_max=2026-05-14 11:00:04 UTC
[2026-05-19 01:37:48] Page processed | start=28401 | range_processed=28425 | range_created=24471 | range_updated=3954 | range_skipped_no_hibob=0 | range_errors=0
[2026-05-19 01:37:48] Sleeping 3s before next page...
[2026-05-19 01:37:51] Requesting page | start=28426 | count=25 | date_start=05-01-2026T00:00:00+0000 | date_end=05-31-2026T23:59:59+0000
[2026-05-19 01:37:57] Page received | start=28426 | records=25 | hibob_records=5 | sent_date_min=2025-11-08 08:52:47 UTC | sent_date_max=2026-05-14 11:07:57 UTC | last_updated_min=2026-05-14 11:00:04 UTC | last_updated_max=2026-05-14 11:08:01 UTC
[2026-05-19 01:37:57] Page processed | start=28426 | range_processed=28450 | range_created=24495 | range_updated=3955 | range_skipped_no_hibob=0 | range_errors=0
[2026-05-19 01:37:57] Sleeping 3s before next page...
[2026-05-19 01:38:00] Requesting page | start=28451 | count=25 | date_start=05-01-2026T00:00:00+0000 | date_end=05-31-2026T23:59:59+0000
[2026-05-19 01:38:04] Page received | start=28451 | records=25 | hibob_records=8 | sent_date_min=2025-11-26 09:49:45 UTC | sent_date_max=2026-05-14 11:10:12 UTC | last_updated_min=2026-05-14 11:08:02 UTC | last_updated_max=2026-05-14 11:15:49 UTC
[2026-05-19 01:38:05] Page processed | start=28451 | range_processed=28475 | range_created=24516 | range_updated=3959 | range_skipped_no_hibob=0 | range_errors=0
[2026-05-19 01:38:05] Sleeping 3s before next page...
[2026-05-19 01:38:08] Requesting page | start=28476 | count=25 | date_start=05-01-2026T00:00:00+0000 | date_end=05-31-2026T23:59:59+0000
[2026-05-19 01:38:17] Page received | start=28476 | records=25 | hibob_records=8 | sent_date_min=2026-04-14 11:47:29 UTC | sent_date_max=2026-05-14 11:22:29 UTC | last_updated_min=2026-05-14 11:15:56 UTC | last_updated_max=2026-05-14 11:22:29 UTC
[2026-05-19 01:38:17] Page processed | start=28476 | range_processed=28500 | range_created=24539 | range_updated=3961 | range_skipped_no_hibob=0 | range_errors=0
[2026-05-19 01:38:17] Sleeping 3s before next page...
[2026-05-19 01:38:20] Requesting page | start=28501 | count=25 | date_start=05-01-2026T00:00:00+0000 | date_end=05-31-2026T23:59:59+0000
[2026-05-19 01:38:24] Page received | start=28501 | records=25 | hibob_records=9 | sent_date_min=2025-05-28 13:28:30 UTC | sent_date_max=2026-05-14 11:27:54 UTC | last_updated_min=2026-05-14 11:22:30 UTC | last_updated_max=2026-05-14 11:30:05 UTC
[2026-05-19 01:38:24] Page processed | start=28501 | range_processed=28525 | range_created=24563 | range_updated=3962 | range_skipped_no_hibob=0 | range_errors=0
[2026-05-19 01:38:24] Sleeping 3s before next page...
[2026-05-19 01:38:27] Requesting page | start=28526 | count=25 | date_start=05-01-2026T00:00:00+0000 | date_end=05-31-2026T23:59:59+0000
[2026-05-19 01:38:31] Page received | start=28526 | records=25 | hibob_records=2 | sent_date_min=2026-04-07 11:36:38 UTC | sent_date_max=2026-05-11 07:07:36 UTC | last_updated_min=2026-05-14 11:30:05 UTC | last_updated_max=2026-05-14 11:30:05 UTC
[2026-05-19 01:38:31] Page processed | start=28526 | range_processed=28550 | range_created=24588 | range_updated=3962 | range_skipped_no_hibob=0 | range_errors=0
[2026-05-19 01:38:31] Sleeping 3s before next page...
[2026-05-19 01:38:34] Requesting page | start=28551 | count=25 | date_start=05-01-2026T00:00:00+0000 | date_end=05-31-2026T23:59:59+0000
[2026-05-19 01:38:39] Page received | start=28551 | records=25 | hibob_records=9 | sent_date_min=2026-04-07 14:22:06 UTC | sent_date_max=2026-05-11 09:53:40 UTC | last_updated_min=2026-05-14 11:30:05 UTC | last_updated_max=2026-05-14 11:30:05 UTC
[2026-05-19 01:38:39] Page processed | start=28551 | range_processed=28575 | range_created=24613 | range_updated=3962 | range_skipped_no_hibob=0 | range_errors=0
[2026-05-19 01:38:39] Sleeping 3s before next page...
[2026-05-19 01:38:42] Requesting page | start=28576 | count=25 | date_start=05-01-2026T00:00:00+0000 | date_end=05-31-2026T23:59:59+0000
[2026-05-19 01:38:47] Page received | start=28576 | records=25 | hibob_records=5 | sent_date_min=2026-02-03 10:20:04 UTC | sent_date_max=2026-05-14 11:19:22 UTC | last_updated_min=2026-05-14 11:30:05 UTC | last_updated_max=2026-05-14 11:30:06 UTC
[2026-05-19 01:38:47] Page processed | start=28576 | range_processed=28600 | range_created=24634 | range_updated=3966 | range_skipped_no_hibob=0 | range_errors=0
[2026-05-19 01:38:47] Sleeping 3s before next page...
[2026-05-19 01:38:50] Requesting page | start=28601 | count=25 | date_start=05-01-2026T00:00:00+0000 | date_end=05-31-2026T23:59:59+0000
[2026-05-19 01:38:55] Page received | start=28601 | records=25 | hibob_records=4 | sent_date_min=2026-04-07 14:05:56 UTC | sent_date_max=2026-05-10 22:22:15 UTC | last_updated_min=2026-05-14 11:30:06 UTC | last_updated_max=2026-05-14 11:30:07 UTC
[2026-05-19 01:38:55] Page processed | start=28601 | range_processed=28625 | range_created=24659 | range_updated=3966 | range_skipped_no_hibob=0 | range_errors=0
[2026-05-19 01:38:55] Sleeping 3s before next page...
[2026-05-19 01:38:58] Requesting page | start=28626 | count=25 | date_start=05-01-2026T00:00:00+0000 | date_end=05-31-2026T23:59:59+0000
[2026-05-19 01:39:02] Page received | start=28626 | records=25 | hibob_records=7 | sent_date_min=2026-04-07 13:27:31 UTC | sent_date_max=2026-05-11 10:37:40 UTC | last_updated_min=2026-05-14 11:30:07 UTC | last_updated_max=2026-05-14 11:30:08 UTC
[2026-05-19 01:39:03] Page processed | start=28626 | range_processed=28650 | range_created=24684 | range_updated=3966 | range_skipped_no_hibob=0 | range_errors=0
[2026-05-19 01:39:03] Sleeping 3s before next page...
[2026-05-19 01:39:06] Requesting page | start=28651 | count=25 | date_start=05-01-2026T00:00:00+0000 | date_end=05-31-2026T23:59:59+0000
[2026-05-19 01:39:10] Page received | start=28651 | records=25 | hibob_records=4 | sent_date_min=2026-04-04 14:50:01 UTC | sent_date_max=2026-05-14 11:34:14 UTC | last_updated_min=2026-05-14 11:30:08 UTC | last_updated_max=2026-05-14 11:35:30 UTC
[2026-05-19 01:39:10] Page processed | start=28651 | range_processed=28675 | range_created=24708 | range_updated=3967 | range_skipped_no_hibob=0 | range_errors=0
[2026-05-19 01:39:10] Sleeping 3s before next page...
[2026-05-19 01:39:13] Requesting page | start=28676 | count=25 | date_start=05-01-2026T00:00:00+0000 | date_end=05-31-2026T23:59:59+0000
[2026-05-19 01:39:18] Page received | start=28676 | records=25 | hibob_records=4 | sent_date_min=2026-02-03 11:29:49 UTC | sent_date_max=2026-05-14 11:45:00 UTC | last_updated_min=2026-05-14 11:35:46 UTC | last_updated_max=2026-05-14 11:50:47 UTC
[2026-05-19 01:39:19] Page processed | start=28676 | range_processed=28700 | range_created=24731 | range_updated=3969 | range_skipped_no_hibob=0 | range_errors=0
[2026-05-19 01:39:19] Sleeping 3s before next page...
[2026-05-19 01:39:22] Requesting page | start=28701 | count=25 | date_start=05-01-2026T00:00:00+0000 | date_end=05-31-2026T23:59:59+0000
[2026-05-19 01:39:27] Page received | start=28701 | records=25 | hibob_records=4 | sent_date_min=2025-04-01 12:32:57 UTC | sent_date_max=2026-05-14 11:58:08 UTC | last_updated_min=2026-05-14 11:52:06 UTC | last_updated_max=2026-05-14 11:59:46 UTC
[2026-05-19 01:39:27] Page processed | start=28701 | range_processed=28725 | range_created=24752 | range_updated=3973 | range_skipped_no_hibob=0 | range_errors=0
[2026-05-19 01:39:27] Sleeping 3s before next page...
[2026-05-19 01:39:30] Requesting page | start=28726 | count=25 | date_start=05-01-2026T00:00:00+0000 | date_end=05-31-2026T23:59:59+0000
[2026-05-19 01:39:34] Page received | start=28726 | records=25 | hibob_records=9 | sent_date_min=2026-05-05 21:18:17 UTC | sent_date_max=2026-05-11 06:42:30 UTC | last_updated_min=2026-05-14 12:00:03 UTC | last_updated_max=2026-05-14 12:00:04 UTC
[2026-05-19 01:39:34] Page processed | start=28726 | range_processed=28750 | range_created=24777 | range_updated=3973 | range_skipped_no_hibob=0 | range_errors=0
[2026-05-19 01:39:34] Sleeping 3s before next page...
[2026-05-19 01:39:37] Requesting page | start=28751 | count=25 | date_start=05-01-2026T00:00:00+0000 | date_end=05-31-2026T23:59:59+0000
[2026-05-19 01:39:41] Page received | start=28751 | records=25 | hibob_records=5 | sent_date_min=2026-02-27 21:35:19 UTC | sent_date_max=2026-05-11 02:56:51 UTC | last_updated_min=2026-05-14 12:00:04 UTC | last_updated_max=2026-05-14 12:00:04 UTC
[2026-05-19 01:39:41] Page processed | start=28751 | range_processed=28775 | range_created=24801 | range_updated=3974 | range_skipped_no_hibob=0 | range_errors=0
[2026-05-19 01:39:41] Sleeping 3s before next page...
[2026-05-19 01:39:44] Requesting page | start=28776 | count=25 | date_start=05-01-2026T00:00:00+0000 | date_end=05-31-2026T23:59:59+0000
[2026-05-19 01:39:49] Page received | start=28776 | records=25 | hibob_records=4 | sent_date_min=2026-04-08 09:54:36 UTC | sent_date_max=2026-05-12 14:22:04 UTC | last_updated_min=2026-05-14 12:00:04 UTC | last_updated_max=2026-05-14 12:00:05 UTC
[2026-05-19 01:39:49] Page processed | start=28776 | range_processed=28800 | range_created=24826 | range_updated=3974 | range_skipped_no_hibob=0 | range_errors=0
[2026-05-19 01:39:49] Sleeping 3s before next page...
[2026-05-19 01:39:52] Requesting page | start=28801 | count=25 | date_start=05-01-2026T00:00:00+0000 | date_end=05-31-2026T23:59:59+0000
[2026-05-19 01:40:02] Page received | start=28801 | records=25 | hibob_records=5 | sent_date_min=2025-07-11 15:34:56 UTC | sent_date_max=2026-05-14 12:07:33 UTC | last_updated_min=2026-05-14 12:00:05 UTC | last_updated_max=2026-05-14 12:07:33 UTC
[2026-05-19 01:40:02] Page processed | start=28801 | range_processed=28825 | range_created=24851 | range_updated=3974 | range_skipped_no_hibob=0 | range_errors=0
[2026-05-19 01:40:02] Sleeping 3s before next page...
[2026-05-19 01:40:05] Requesting page | start=28826 | count=25 | date_start=05-01-2026T00:00:00+0000 | date_end=05-31-2026T23:59:59+0000
[2026-05-19 01:40:10] Page received | start=28826 | records=25 | hibob_records=4 | sent_date_min=2025-06-08 14:25:38 UTC | sent_date_max=2026-05-14 12:08:19 UTC | last_updated_min=2026-05-14 12:07:47 UTC | last_updated_max=2026-05-14 12:13:55 UTC
[2026-05-19 01:40:10] Page processed | start=28826 | range_processed=28850 | range_created=24876 | range_updated=3974 | range_skipped_no_hibob=0 | range_errors=0
[2026-05-19 01:40:10] Sleeping 3s before next page...
[2026-05-19 01:40:13] Requesting page | start=28851 | count=25 | date_start=05-01-2026T00:00:00+0000 | date_end=05-31-2026T23:59:59+0000
[2026-05-19 01:40:17] Page received | start=28851 | records=25 | hibob_records=2 | sent_date_min=2026-03-03 08:52:08 UTC | sent_date_max=2026-05-14 12:07:19 UTC | last_updated_min=2026-05-14 12:13:59 UTC | last_updated_max=2026-05-14 12:17:15 UTC
[2026-05-19 01:40:17] Page processed | start=28851 | range_processed=28875 | range_created=24900 | range_updated=3975 | range_skipped_no_hibob=0 | range_errors=0
[2026-05-19 01:40:17] Sleeping 3s before next page...
[2026-05-19 01:40:20] Requesting page | start=28876 | count=25 | date_start=05-01-2026T00:00:00+0000 | date_end=05-31-2026T23:59:59+0000
[2026-05-19 01:40:25] Page received | start=28876 | records=25 | hibob_records=5 | sent_date_min=2026-03-14 01:07:34 UTC | sent_date_max=2026-05-14 12:22:39 UTC | last_updated_min=2026-05-14 12:17:39 UTC | last_updated_max=2026-05-14 12:22:40 UTC
[2026-05-19 01:40:25] Page processed | start=28876 | range_processed=28900 | range_created=24925 | range_updated=3975 | range_skipped_no_hibob=0 | range_errors=0
[2026-05-19 01:40:25] Sleeping 3s before next page...
[2026-05-19 01:40:29] Requesting page | start=28901 | count=25 | date_start=05-01-2026T00:00:00+0000 | date_end=05-31-2026T23:59:59+0000
[2026-05-19 01:40:35] Page received | start=28901 | records=25 | hibob_records=2 | sent_date_min=2026-02-14 21:04:00 UTC | sent_date_max=2026-05-12 09:15:18 UTC | last_updated_min=2026-05-14 12:22:54 UTC | last_updated_max=2026-05-14 12:26:19 UTC
[2026-05-19 01:40:36] Page processed | start=28901 | range_processed=28925 | range_created=24943 | range_updated=3982 | range_skipped_no_hibob=0 | range_errors=0
[2026-05-19 01:40:36] Sleeping 3s before next page...
[2026-05-19 01:40:39] Requesting page | start=28926 | count=25 | date_start=05-01-2026T00:00:00+0000 | date_end=05-31-2026T23:59:59+0000
[2026-05-19 01:40:43] Page received | start=28926 | records=25 | hibob_records=4 | sent_date_min=2026-03-08 19:15:46 UTC | sent_date_max=2026-05-14 12:28:48 UTC | last_updated_min=2026-05-14 12:26:20 UTC | last_updated_max=2026-05-14 12:29:40 UTC
[2026-05-19 01:40:43] Page processed | start=28926 | range_processed=28950 | range_created=24963 | range_updated=3987 | range_skipped_no_hibob=0 | range_errors=0
[2026-05-19 01:40:43] Sleeping 3s before next page...
[2026-05-19 01:40:46] Requesting page | start=28951 | count=25 | date_start=05-01-2026T00:00:00+0000 | date_end=05-31-2026T23:59:59+0000
[2026-05-19 01:40:51] Page received | start=28951 | records=25 | hibob_records=3 | sent_date_min=2026-04-17 10:22:43 UTC | sent_date_max=2026-05-10 13:51:40 UTC | last_updated_min=2026-05-14 12:30:04 UTC | last_updated_max=2026-05-14 12:30:05 UTC
[2026-05-19 01:40:51] Page processed | start=28951 | range_processed=28975 | range_created=24988 | range_updated=3987 | range_skipped_no_hibob=0 | range_errors=0
[2026-05-19 01:40:51] Sleeping 3s before next page...
[2026-05-19 01:40:54] Requesting page | start=28976 | count=25 | date_start=05-01-2026T00:00:00+0000 | date_end=05-31-2026T23:59:59+0000
[2026-05-19 01:40:59] Page received | start=28976 | records=25 | hibob_records=8 | sent_date_min=2026-03-30 12:38:03 UTC | sent_date_max=2026-05-12 23:22:10 UTC | last_updated_min=2026-05-14 12:30:05 UTC | last_updated_max=2026-05-14 12:30:07 UTC
[2026-05-19 01:40:59] Page processed | start=28976 | range_processed=29000 | range_created=25012 | range_updated=3988 | range_skipped_no_hibob=0 | range_errors=0
[2026-05-19 01:40:59] Sleeping 3s before next page...
[2026-05-19 01:41:02] Requesting page | start=29001 | count=25 | date_start=05-01-2026T00:00:00+0000 | date_end=05-31-2026T23:59:59+0000
[2026-05-19 01:41:07] Page received | start=29001 | records=25 | hibob_records=1 | sent_date_min=2026-02-17 18:24:24 UTC | sent_date_max=2026-05-11 07:07:34 UTC | last_updated_min=2026-05-14 12:30:07 UTC | last_updated_max=2026-05-14 12:30:08 UTC
[2026-05-19 01:41:07] Page processed | start=29001 | range_processed=29025 | range_created=25036 | range_updated=3989 | range_skipped_no_hibob=0 | range_errors=0
[2026-05-19 01:41:07] Sleeping 3s before next page...
[2026-05-19 01:41:10] Requesting page | start=29026 | count=25 | date_start=05-01-2026T00:00:00+0000 | date_end=05-31-2026T23:59:59+0000
[2026-05-19 01:41:15] Page received | start=29026 | records=25 | hibob_records=1 | sent_date_min=2026-02-17 23:37:23 UTC | sent_date_max=2026-05-10 00:52:19 UTC | last_updated_min=2026-05-14 12:30:08 UTC | last_updated_max=2026-05-14 12:30:08 UTC
[2026-05-19 01:41:15] Page processed | start=29026 | range_processed=29050 | range_created=25058 | range_updated=3992 | range_skipped_no_hibob=0 | range_errors=0
[2026-05-19 01:41:15] Sleeping 3s before next page...
[2026-05-19 01:41:18] Requesting page | start=29051 | count=25 | date_start=05-01-2026T00:00:00+0000 | date_end=05-31-2026T23:59:59+0000
[2026-05-19 01:41:24] Page received | start=29051 | records=25 | hibob_records=2 | sent_date_min=2026-03-19 22:26:53 UTC | sent_date_max=2026-05-14 12:30:26 UTC | last_updated_min=2026-05-14 12:30:09 UTC | last_updated_max=2026-05-14 12:31:15 UTC
[2026-05-19 01:41:24] Page processed | start=29051 | range_processed=29075 | range_created=25081 | range_updated=3994 | range_skipped_no_hibob=0 | range_errors=0
[2026-05-19 01:41:24] Sleeping 3s before next page...
[2026-05-19 01:41:27] Requesting page | start=29076 | count=25 | date_start=05-01-2026T00:00:00+0000 | date_end=05-31-2026T23:59:59+0000
[2026-05-19 01:41:31] Page received | start=29076 | records=25 | hibob_records=6 | sent_date_min=2026-02-12 07:53:01 UTC | sent_date_max=2026-05-11 12:37:12 UTC | last_updated_min=2026-05-14 12:31:16 UTC | last_updated_max=2026-05-14 12:34:30 UTC
[2026-05-19 01:41:31] Page processed | start=29076 | range_processed=29100 | range_created=25105 | range_updated=3995 | range_skipped_no_hibob=0 | range_errors=0
[2026-05-19 01:41:31] Sleeping 3s before next page...
[2026-05-19 01:41:34] Requesting page | start=29101 | count=25 | date_start=05-01-2026T00:00:00+0000 | date_end=05-31-2026T23:59:59+0000
[2026-05-19 01:41:43] Page received | start=29101 | records=25 | hibob_records=5 | sent_date_min=2025-03-19 05:09:29 UTC | sent_date_max=2026-05-14 12:38:32 UTC | last_updated_min=2026-05-14 12:35:04 UTC | last_updated_max=2026-05-14 12:41:55 UTC
[2026-05-19 01:41:43] Page processed | start=29101 | range_processed=29125 | range_created=25130 | range_updated=3995 | range_skipped_no_hibob=0 | range_errors=0
[2026-05-19 01:41:43] Sleeping 3s before next page...
[2026-05-19 01:41:46] Requesting page | start=29126 | count=25 | date_start=05-01-2026T00:00:00+0000 | date_end=05-31-2026T23:59:59+0000
[2026-05-19 01:41:55] Page received | start=29126 | records=25 | hibob_records=2 | sent_date_min=2025-11-04 16:48:05 UTC | sent_date_max=2026-05-14 09:16:55 UTC | last_updated_min=2026-05-14 12:41:56 UTC | last_updated_max=2026-05-14 12:44:47 UTC
[2026-05-19 01:41:55] Page processed | start=29126 | range_processed=29150 | range_created=25149 | range_updated=4001 | range_skipped_no_hibob=0 | range_errors=0
[2026-05-19 01:41:55] Sleeping 3s before next page...
[2026-05-19 01:41:58] Requesting page | start=29151 | count=25 | date_start=05-01-2026T00:00:00+0000 | date_end=05-31-2026T23:59:59+0000
[2026-05-19 01:42:03] Page received | start=29151 | records=25 | hibob_records=9 | sent_date_min=2026-01-28 06:24:29 UTC | sent_date_max=2026-05-14 09:34:06 UTC | last_updated_min=2026-05-14 12:44:48 UTC | last_updated_max=2026-05-14 12:51:01 UTC
[2026-05-19 01:42:04] Page processed | start=29151 | range_processed=29175 | range_created=25172 | range_updated=4003 | range_skipped_no_hibob=0 | range_errors=0
[2026-05-19 01:42:04] Sleeping 3s before next page...
[2026-05-19 01:42:07] Requesting page | start=29176 | count=25 | date_start=05-01-2026T00:00:00+0000 | date_end=05-31-2026T23:59:59+0000
[2026-05-19 01:42:12] Page received | start=29176 | records=25 | hibob_records=6 | sent_date_min=2026-01-15 15:13:07 UTC | sent_date_max=2026-05-14 12:52:58 UTC | last_updated_min=2026-05-14 12:51:13 UTC | last_updated_max=2026-05-14 12:57:00 UTC
[2026-05-19 01:42:12] Page processed | start=29176 | range_processed=29200 | range_created=25193 | range_updated=4007 | range_skipped_no_hibob=0 | range_errors=0
[2026-05-19 01:42:12] Sleeping 3s before next page...
[2026-05-19 01:42:15] Requesting page | start=29201 | count=25 | date_start=05-01-2026T00:00:00+0000 | date_end=05-31-2026T23:59:59+0000
[2026-05-19 01:42:23] Page received | start=29201 | records=25 | hibob_records=7 | sent_date_min=2026-03-18 17:01:18 UTC | sent_date_max=2026-05-13 19:59:12 UTC | last_updated_min=2026-05-14 12:57:16 UTC | last_updated_max=2026-05-14 13:00:04 UTC
[2026-05-19 01:42:23] Page processed | start=29201 | range_processed=29225 | range_created=25218 | range_updated=4007 | range_skipped_no_hibob=0 | range_errors=0
[2026-05-19 01:42:24] Sleeping 3s before next page...
[2026-05-19 01:42:27] Requesting page | start=29226 | count=25 | date_start=05-01-2026T00:00:00+0000 | date_end=05-31-2026T23:59:59+0000
[2026-05-19 01:42:32] Page received | start=29226 | records=25 | hibob_records=1 | sent_date_min=2026-04-24 11:29:47 UTC | sent_date_max=2026-05-10 21:38:50 UTC | last_updated_min=2026-05-14 13:00:04 UTC | last_updated_max=2026-05-14 13:00:05 UTC
[2026-05-19 01:42:32] Page processed | start=29226 | range_processed=29250 | range_created=25243 | range_updated=4007 | range_skipped_no_hibob=0 | range_errors=0
[2026-05-19 01:42:32] Sleeping 3s before next page...
[2026-05-19 01:42:35] Requesting page | start=29251 | count=25 | date_start=05-01-2026T00:00:00+0000 | date_end=05-31-2026T23:59:59+0000
[2026-05-19 01:42:40] Page received | start=29251 | records=25 | hibob_records=0 | sent_date_min=2026-04-03 11:32:00 UTC | sent_date_max=2026-05-11 11:53:28 UTC | last_updated_min=2026-05-14 13:00:05 UTC | last_updated_max=2026-05-14 13:00:05 UTC
[2026-05-19 01:42:40] Page processed | start=29251 | range_processed=29275 | range_created=25267 | range_updated=4008 | range_skipped_no_hibob=0 | range_errors=0
[2026-05-19 01:42:40] Sleeping 3s before next page...
[2026-05-19 01:42:43] Requesting page | start=29276 | count=25 | date_start=05-01-2026T00:00:00+0000 | date_end=05-31-2026T23:59:59+0000
[2026-05-19 01:42:48] Page received | start=29276 | records=25 | hibob_records=2 | sent_date_min=2026-02-18 16:24:01 UTC | sent_date_max=2026-05-12 18:22:12 UTC | last_updated_min=2026-05-14 13:00:05 UTC | last_updated_max=2026-05-14 13:00:05 UTC
[2026-05-19 01:42:48] Page processed | start=29276 | range_processed=29300 | range_created=25291 | range_updated=4009 | range_skipped_no_hibob=0 | range_errors=0
[2026-05-19 01:42:48] Sleeping 3s before next page...
[2026-05-19 01:42:51] Requesting page | start=29301 | count=25 | date_start=05-01-2026T00:00:00+0000 | date_end=05-31-2026T23:59:59+0000
[2026-05-19 01:42:56] Page received | start=29301 | records=25 | hibob_records=1 | sent_date_min=2026-02-23 14:53:35 UTC | sent_date_max=2026-05-13 10:52:20 UTC | last_updated_min=2026-05-14 13:00:05 UTC | last_updated_max=2026-05-14 13:00:06 UTC
[2026-05-19 01:42:56] Page processed | start=29301 | range_processed=29325 | range_created=25316 | range_updated=4009 | range_skipped_no_hibob=0 | range_errors=0
[2026-05-19 01:42:56] Sleeping 3s before next page...
[2026-05-19 01:42:59] Requesting page | start=29326 | count=25 | date_start=05-01-2026T00:00:00+0000 | date_end=05-31-2026T23:59:59+0000
[2026-05-19 01:43:08] Page received | start=29326 | records=25 | hibob_records=3 | sent_date_min=2026-02-18 13:53:13 UTC | sent_date_max=2026-05-13 19:09:38 UTC | last_updated_min=2026-05-14 13:00:06 UTC | last_updated_max=2026-05-14 13:00:06 UTC
[2026-05-19 01:43:08] Page processed | start=29326 | range_processed=29350 | range_created=25339 | range_updated=4011 | range_skipped_no_hibob=0 | range_errors=0
[2026-05-19 01:43:08] Sleeping 3s before next page...
[2026-05-19 01:43:11] Requesting page | start=29351 | count=25 | date_start=05-01-2026T00:00:00+0000 | date_end=05-31-2026T23:59:59+0000
[2026-05-19 01:43:15] Page received | start=29351 | records=25 | hibob_records=2 | sent_date_min=2026-03-04 17:37:51 UTC | sent_date_max=2026-05-14 11:37:37 UTC | last_updated_min=2026-05-14 13:00:06 UTC | last_updated_max=2026-05-14 13:01:52 UTC
[2026-05-19 01:43:15] Page processed | start=29351 | range_processed=29375 | range_created=25363 | range_updated=4012 | range_skipped_no_hibob=0 | range_errors=0
[2026-05-19 01:43:15] Sleeping 3s before next page...
[2026-05-19 01:43:18] Requesting page | start=29376 | count=25 | date_start=05-01-2026T00:00:00+0000 | date_end=05-31-2026T23:59:59+0000
[2026-05-19 01:43:23] Page received | start=29376 | records=25 | hibob_records=4 | sent_date_min=2026-03-20 17:37:34 UTC | sent_date_max=2026-05-14 11:38:04 UTC | last_updated_min=2026-05-14 13:01:53 UTC | last_updated_max=2026-05-14 13:04:41 UTC
[2026-05-19 01:43:23] Page processed | start=29376 | range_processed=29400 | range_created=25385 | range_updated=4015 | range_skipped_no_hibob=0 | range_errors=0
[2026-05-19 01:43:23] Sleeping 3s before next page...
[2026-05-19 01:43:26] Requesting page | start=29401 | count=25 | date_start=05-01-2026T00:00:00+0000 | date_end=05-31-2026T23:59:59+0000
[2026-05-19 01:43:31] Page received | start=29401 | records=25 | hibob_records=6 | sent_date_min=2026-02-17 17:48:00 UTC | sent_date_max=2026-05-14 13:07:53 UTC | last_updated_min=2026-05-14 13:05:23 UTC | last_updated_max=2026-05-14 13:07:53 UTC
[2026-05-19 01:43:31] Page processed | start=29401 | range_processed=29425 | range_created=25408 | range_updated=4017 | range_skipped_no_hibob=0 | range_errors=0
[2026-05-19 01:43:31] Sleeping 3s before next page...
[2026-05-19 01:43:34] Requesting page | start=29426 | count=25 | date_start=05-01-2026T00:00:00+0000 | date_end=05-31-2026T23:59:59+0000
[2026-05-19 01:43:38] Page received | start=29426 | records=25 | hibob_records=3 | sent_date_min=2025-07-16 12:52:59 UTC | sent_date_max=2026-05-14 13:08:00 UTC | last_updated_min=2026-05-14 13:08:00 UTC | last_updated_max=2026-05-14 13:11:02 UTC
[2026-05-19 01:43:38] Page processed | start=29426 | range_processed=29450 | range_created=25430 | range_updated=4020 | range_skipped_no_hibob=0 | range_errors=0
[2026-05-19 01:43:38] Sleeping 3s before next page...
[2026-05-19 01:43:41] Requesting page | start=29451 | count=25 | date_start=05-01-2026T00:00:00+0000 | date_end=05-31-2026T23:59:59+0000
[2026-05-19 01:43:48] Page received | start=29451 | records=25 | hibob_records=5 | sent_date_min=2025-11-25 22:55:13 UTC | sent_date_max=2026-05-13 18:07:42 UTC | last_updated_min=2026-05-14 13:11:13 UTC | last_updated_max=2026-05-14 13:16:01 UTC
[2026-05-19 01:43:49] Page processed | start=29451 | range_processed=29475 | range_created=25454 | range_updated=4021 | range_skipped_no_hibob=0 | range_errors=0
[2026-05-19 01:43:49] Sleeping 3s before next page...
[2026-05-19 01:43:52] Requesting page | start=29476 | count=25 | date_start=05-01-2026T00:00:00+0000 | date_end=05-31-2026T23:59:59+0000
[2026-05-19 01:43:56] Page received | start=29476 | records=25 | hibob_records=5 | sent_date_min=2026-02-19 17:36:00 UTC | sent_date_max=2026-05-14 13:18:37 UTC | last_updated_min=2026-05-14 13:16:05 UTC | last_updated_max=2026-05-14 13:20:14 UTC
[2026-05-19 01:43:56] Page processed | start=29476 | range_processed=29500 | range_created=25479 | range_updated=4021 | range_skipped_no_hibob=0 | range_errors=0
[2026-05-19 01:43:56] Sleeping 3s before next page...
[2026-05-19 01:43:59] Requesting page | start=29501 | count=25 | date_start=05-01-2026T00:00:00+0000 | date_end=05-31-2026T23:59:59+0000
[2026-05-19 01:44:05] Page received | start=29501 | records=25 | hibob_records=3 | sent_date_min=2026-03-16 15:57:06 UTC | sent_date_max=2026-05-14 13:22:50 UTC | last_updated_min=2026-05-14 13:20:17 UTC | last_updated_max=2026-05-14 13:23:17 UTC
[2026-05-19 01:44:06] Page processed | start=29501 | range_processed=29525 | range_created=25504 | range_updated=4021 | range_skipped_no_hibob=0 | range_errors=0
[2026-05-19 01:44:06] Sleeping 3s before next page...
[2026-05-19 01:44:09] Requesting page | start=29526 | count=25 | date_start=05-01-2026T00:00:00+0000 | date_end=05-31-2026T23:59:59+0000
[2026-05-19 01:44:13] Page received | start=29526 | records=25 | hibob_records=4 | sent_date_min=2026-02-16 13:17:47 UTC | sent_date_max=2026-05-14 13:27:46 UTC | last_updated_min=2026-05-14 13:23:23 UTC | last_updated_max=2026-05-14 13:30:04 UTC
[2026-05-19 01:44:13] Page processed | start=29526 | range_processed=29550 | range_created=25527 | range_updated=4023 | range_skipped_no_hibob=0 | range_errors=0
[2026-05-19 01:44:13] Sleeping 3s before next page...
[2026-05-19 01:44:16] Requesting page | start=29551 | count=25 | date_start=05-01-2026T00:00:00+0000 | date_end=05-31-2026T23:59:59+0000
[2026-05-19 01:44:21] Page received | start=29551 | records=25 | hibob_records=6 | sent_date_min=2026-02-18 02:22:11 UTC | sent_date_max=2026-05-14 13:30:05 UTC | last_updated_min=2026-05-14 13:30:04 UTC | last_updated_max=2026-05-14 13:30:44 UTC
[2026-05-19 01:44:21] Page processed | start=29551 | range_processed=29575 | range_created=25549 | range_updated=4026 | range_skipped_no_hibob=0 | range_errors=0
[2026-05-19 01:44:21] Sleeping 3s before next page...
[2026-05-19 01:44:24] Requesting page | start=29576 | count=25 | date_start=05-01-2026T00:00:00+0000 | date_end=05-31-2026T23:59:59+0000
[2026-05-19 01:44:28] Page received | start=29576 | records=25 | hibob_records=8 | sent_date_min=2025-09-22 20:20:55 UTC | sent_date_max=2026-05-14 13:33:36 UTC | last_updated_min=2026-05-14 13:30:46 UTC | last_updated_max=2026-05-14 13:34:00 UTC
[2026-05-19 01:44:28] Page processed | start=29576 | range_processed=29600 | range_created=25574 | range_updated=4026 | range_skipped_no_hibob=0 | range_errors=0
[2026-05-19 01:44:28] Sleeping 3s before next page...
[2026-05-19 01:44:31] Requesting page | start=29601 | count=25 | date_start=05-01-2026T00:00:00+0000 | date_end=05-31-2026T23:59:59+0000
[2026-05-19 01:44:36] Page received | start=29601 | records=25 | hibob_records=5 | sent_date_min=2025-12-01 08:16:09 UTC | sent_date_max=2026-05-14 13:37:40 UTC | last_updated_min=2026-05-14 13:34:30 UTC | last_updated_max=2026-05-14 13:40:16 UTC
[2026-05-19 01:44:36] Page processed | start=29601 | range_processed=29625 | range_created=25599 | range_updated=4026 | range_skipped_no_hibob=0 | range_errors=0
[2026-05-19 01:44:36] Sleeping 3s before next page...
[2026-05-19 01:44:39] Requesting page | start=29626 | count=25 | date_start=05-01-2026T00:00:00+0000 | date_end=05-31-2026T23:59:59+0000
[2026-05-19 01:44:45] Page received | start=29626 | records=25 | hibob_records=5 | sent_date_min=2025-07-13 23:22:19 UTC | sent_date_max=2026-05-14 13:45:06 UTC | last_updated_min=2026-05-14 13:40:17 UTC | last_updated_max=2026-05-14 13:45:39 UTC
[2026-05-19 01:44:45] Page processed | start=29626 | range_processed=29650 | range_created=25621 | range_updated=4029 | range_skipped_no_hibob=0 | range_errors=0
[2026-05-19 01:44:45] Sleeping 3s before next page...
[2026-05-19 01:44:48] Requesting page | start=29651 | count=25 | date_start=05-01-2026T00:00:00+0000 | date_end=05-31-2026T23:59:59+0000
[2026-05-19 01:44:54] Page received | start=29651 | records=25 | hibob_records=3 | sent_date_min=2026-04-09 07:31:24 UTC | sent_date_max=2026-05-12 07:30:18 UTC | last_updated_min=2026-05-14 13:45:45 UTC | last_updated_max=2026-05-14 13:51:08 UTC
[2026-05-19 01:44:54] Page processed | start=29651 | range_processed=29675 | range_created=25635 | range_updated=4040 | range_skipped_no_hibob=0 | range_errors=0
[2026-05-19 01:44:54] Sleeping 3s before next page...
[2026-05-19 01:44:57] Requesting page | start=29676 | count=25 | date_start=05-01-2026T00:00:00+0000 | date_end=05-31-2026T23:59:59+0000
[2026-05-19 01:45:02] Page received | start=29676 | records=25 | hibob_records=0 | sent_date_min=2026-04-14 17:36:16 UTC | sent_date_max=2026-05-14 13:52:08 UTC | last_updated_min=2026-05-14 13:51:09 UTC | last_updated_max=2026-05-14 13:52:08 UTC
[2026-05-19 01:45:03] Page processed | start=29676 | range_processed=29700 | range_created=25648 | range_updated=4052 | range_skipped_no_hibob=0 | range_errors=0
[2026-05-19 01:45:03] Sleeping 3s before next page...
[2026-05-19 01:45:06] Requesting page | start=29701 | count=25 | date_start=05-01-2026T00:00:00+0000 | date_end=05-31-2026T23:59:59+0000
[2026-05-19 01:45:11] Page received | start=29701 | records=25 | hibob_records=1 | sent_date_min=2026-03-27 21:52:40 UTC | sent_date_max=2026-05-14 13:52:52 UTC | last_updated_min=2026-05-14 13:52:28 UTC | last_updated_max=2026-05-14 13:54:48 UTC
[2026-05-19 01:45:11] Page processed | start=29701 | range_processed=29725 | range_created=25658 | range_updated=4067 | range_skipped_no_hibob=0 | range_errors=0
[2026-05-19 01:45:11] Sleeping 3s before next page...
[2026-05-19 01:45:14] Requesting page | start=29726 | count=25 | date_start=05-01-2026T00:00:00+0000 | date_end=05-31-2026T23:59:59+0000
[2026-05-19 01:45:19] Page received | start=29726 | records=25 | hibob_records=6 | sent_date_min=2026-04-12 15:18:40 UTC | sent_date_max=2026-04-21 08:21:48 UTC | last_updated_min=2026-05-14 13:54:48 UTC | last_updated_max=2026-05-14 13:55:46 UTC
[2026-05-19 01:45:19] Page processed | start=29726 | range_processed=29750 | range_created=25683 | range_updated=4067 | range_skipped_no_hibob=0 | range_errors=0
[2026-05-19 01:45:19] Sleeping 3s before next page...
[2026-05-19 01:45:22] Requesting page | start=29751 | count=25 | date_start=05-01-2026T00:00:00+0000 | date_end=05-31-2026T23:59:59+0000
[2026-05-19 01:45:28] Page received | start=29751 | records=25 | hibob_records=6 | sent_date_min=2026-04-14 16:35:07 UTC | sent_date_max=2026-05-12 17:02:59 UTC | last_updated_min=2026-05-14 13:55:47 UTC | last_updated_max=2026-05-14 13:56:39 UTC
[2026-05-19 01:45:28] Page processed | start=29751 | range_processed=29775 | range_created=25701 | range_updated=4074 | range_skipped_no_hibob=0 | range_errors=0
[2026-05-19 01:45:28] Sleeping 3s before next page...
[2026-05-19 01:45:31] Requesting page | start=29776 | count=25 | date_start=05-01-2026T00:00:00+0000 | date_end=05-31-2026T23:59:59+0000
[2026-05-19 01:45:36] Page received | start=29776 | records=25 | hibob_records=7 | sent_date_min=2026-01-18 22:07:37 UTC | sent_date_max=2026-05-09 05:22:07 UTC | last_updated_min=2026-05-14 13:56:39 UTC | last_updated_max=2026-05-14 13:57:25 UTC
[2026-05-19 01:45:36] Page processed | start=29776 | range_processed=29800 | range_created=25725 | range_updated=4075 | range_skipped_no_hibob=0 | range_errors=0
[2026-05-19 01:45:36] Sleeping 3s before next page...
[2026-05-19 01:45:39] Requesting page | start=29801 | count=25 | date_start=05-01-2026T00:00:00+0000 | date_end=05-31-2026T23:59:59+0000
[2026-05-19 01:45:45] Page received | start=29801 | records=25 | hibob_records=5 | sent_date_min=2025-12-19 08:40:43 UTC | sent_date_max=2026-05-14 08:21:25 UTC | last_updated_min=2026-05-14 13:57:26 UTC | last_updated_max=2026-05-14 13:58:40 UTC
[2026-05-19 01:45:46] Page processed | start=29801 | range_processed=29825 | range_created=25748 | range_updated=4077 | range_skipped_no_hibob=0 | range_errors=0
[2026-05-19 01:45:46] Sleeping 3s before next page...
[2026-05-19 01:45:49] Requesting page | start=29826 | count=25 | date_start=05-01-2026T00:00:00+0000 | date_end=05-31-2026T23:59:59+0000
[2026-05-19 01:45:53] Page received | start=29826 | records=25 | hibob_records=6 | sent_date_min=2025-12-15 07:13:58 UTC | sent_date_max=2026-05-11 14:37:21 UTC | last_updated_min=2026-05-14 13:58:52 UTC | last_updated_max=2026-05-14 14:05:26 UTC
[2026-05-19 01:45:53] Page processed | start=29826 | range_processed=29850 | range_created=25771 | range_updated=4079 | range_skipped_no_hibob=0 | range_errors=0
[2026-05-19 01:45:53] Sleeping 3s before next page...
[2026-05-19 01:45:56] Requesting page | start=29851 | count=25 | date_start=05-01-2026T00:00:00+0000 | date_end=05-31-2026T23:59:59+0000
[2026-05-19 01:46:02] Page received | start=29851 | records=25 | hibob_records=2 | sent_date_min=2025-08-17 11:19:21 UTC | sent_date_max=2026-05-14 11:40:23 UTC | last_updated_min=2026-05-14 14:05:28 UTC | last_updated_max=2026-05-14 14:06:09 UTC
[2026-05-19 01:46:02] Page processed | start=29851 | range_processed=29875 | range_created=25796 | range_updated=4079 | range_skipped_no_hibob=0 | range_errors=0
[2026-05-19 01:46:02] Sleeping 3s before next page...
[2026-05-19 01:46:05] Requesting page | start=29876 | count=25 | date_start=05-01-2026T00:00:00+0000 | date_end=05-31-2026T23:59:59+0000
[2026-05-19 01:46:09] Page received | start=29876 | records=25 | hibob_records=3 | sent_date_min=2026-04-09 15:16:38 UTC | sent_date_max=2026-05-14 14:07:59 UTC | last_updated_min=2026-05-14 14:06:09 UTC | last_updated_max=2026-05-14 14:08:59 UTC
[2026-05-19 01:46:10] Page processed | start=29876 | range_processed=29900 | range_created=25820 | range_updated=4080 | range_skipped_no_hibob=0 | range_errors=0
[2026-05-19 01:46:10] Sleeping 3s before next page...
[2026-05-19 01:46:13] Requesting page | start=29901 | count=25 | date_start=05-01-2026T00:00:00+0000 | date_end=05-31-2026T23:59:59+0000
[2026-05-19 01:46:17] Page received | start=29901 | records=25 | hibob_records=4 | sent_date_min=2026-01-02 21:14:37 UTC | sent_date_max=2026-05-12 16:37:27 UTC | last_updated_min=2026-05-14 14:09:24 UTC | last_updated_max=2026-05-14 14:20:40 UTC
[2026-05-19 01:46:17] Page processed | start=29901 | range_processed=29925 | range_created=25844 | range_updated=4081 | range_skipped_no_hibob=0 | range_errors=0
[2026-05-19 01:46:17] Sleeping 3s before next page...
[2026-05-19 01:46:20] Requesting page | start=29926 | count=25 | date_start=05-01-2026T00:00:00+0000 | date_end=05-31-2026T23:59:59+0000
[2026-05-19 01:46:25] Page received | start=29926 | records=25 | hibob_records=6 | sent_date_min=2025-06-25 15:31:37 UTC | sent_date_max=2026-05-14 14:27:35 UTC | last_updated_min=2026-05-14 14:20:47 UTC | last_updated_max=2026-05-14 14:29:49 UTC
[2026-05-19 01:46:25] Page processed | start=29926 | range_processed=29950 | range_created=25868 | range_updated=4082 | range_skipped_no_hibob=0 | range_errors=0
[2026-05-19 01:46:25] Sleeping 3s before next page...
[2026-05-19 01:46:28] Requesting page | start=29951 | count=25 | date_start=05-01-2026T00:00:00+0000 | date_end=05-31-2026T23:59:59+0000
[2026-05-19 01:46:33] Page received | start=29951 | records=25 | hibob_records=4 | sent_date_min=2026-03-16 14:54:46 UTC | sent_date_max=2026-05-14 14:37:46 UTC | last_updated_min=2026-05-14 14:29:56 UTC | last_updated_max=2026-05-14 14:40:13 UTC
[2026-05-19 01:46:33] Page processed | start=29951 | range_processed=29975 | range_created=25893 | range_updated=4082 | range_skipped_no_hibob=0 | range_errors=0
[2026-05-19 01:46:33] Sleeping 3s before next page...
[2026-05-19 01:46:36] Requesting page | start=29976 | count=25 | date_start=05-01-2026T00:00:00+0000 | date_end=05-31-2026T23:59:59+0000
[2026-05-19 01:46:45] Page received | start=29976 | records=25 | hibob_records=5 | sent_date_min=2026-01-18 08:22:20 UTC | sent_date_max=2026-05-14 14:52:08 UTC | last_updated_min=2026-05-14 14:40:28 UTC | last_updated_max=2026-05-14 14:56:29 UTC
[2026-05-19 01:46:45] Page processed | start=29976 | range_processed=30000 | range_created=25916 | range_updated=4084 | range_skipped_no_hibob=0 | range_errors=0
[2026-05-19 01:46:45] Sleeping 3s before next page...
[2026-05-19 01:46:48] Requesting page | start=30001 | count=25 | date_start=05-01-2026T00:00:00+0000 | date_end=05-31-2026T23:59:59+0000
[2026-05-19 01:46:54] Page received | start=30001 | records=25 | hibob_records=2 | sent_date_min=2026-02-02 12:51:50 UTC | sent_date_max=2026-05-14 14:58:13 UTC | last_updated_min=2026-05-14 14:56:35 UTC | last_updated_max=2026-05-14 15:07:04 UTC
[2026-05-19 01:46:54] Page processed | start=30001 | range_processed=30025 | range_created=25925 | range_updated=4100 | range_skipped_no_hibob=0 | range_errors=0
[2026-05-19 01:46:54] Sleeping 3s before next page...
[2026-05-19 01:46:57] Requesting page | start=30026 | count=25 | date_start=05-01-2026T00:00:00+0000 | date_end=05-31-2026T23:59:59+0000
[2026-05-19 01:47:02] Page received | start=30026 | records=25 | hibob_records=4 | sent_date_min=2026-04-15 18:59:39 UTC | sent_date_max=2026-05-14 15:23:36 UTC | last_updated_min=2026-05-14 15:07:06 UTC | last_updated_max=2026-05-14 15:23:36 UTC
[2026-05-19 01:47:02] Page processed | start=30026 | range_processed=30050 | range_created=25949 | range_updated=4101 | range_skipped_no_hibob=0 | range_errors=0
[2026-05-19 01:47:02] Sleeping 3s before next page...
[2026-05-19 01:47:05] Requesting page | start=30051 | count=25 | date_start=05-01-2026T00:00:00+0000 | date_end=05-31-2026T23:59:59+0000
[2026-05-19 01:47:10] Page received | start=30051 | records=25 | hibob_records=4 | sent_date_min=2026-04-20 21:37:27 UTC | sent_date_max=2026-05-14 15:37:33 UTC | last_updated_min=2026-05-14 15:23:41 UTC | last_updated_max=2026-05-14 15:42:02 UTC
[2026-05-19 01:47:10] Page processed | start=30051 | range_processed=30075 | range_created=25974 | range_updated=4101 | range_skipped_no_hibob=0 | range_errors=0
[2026-05-19 01:47:10] Sleeping 3s before next page...
[2026-05-19 01:47:13] Requesting page | start=30076 | count=25 | date_start=05-01-2026T00:00:00+0000 | date_end=05-31-2026T23:59:59+0000
[2026-05-19 01:47:18] Page received | start=30076 | records=25 | hibob_records=7 | sent_date_min=2026-02-18 13:55:55 UTC | sent_date_max=2026-05-14 15:52:46 UTC | last_updated_min=2026-05-14 15:42:02 UTC | last_updated_max=2026-05-14 16:01:02 UTC
[2026-05-19 01:47:18] Page processed | start=30076 | range_processed=30100 | range_created=25998 | range_updated=4102 | range_skipped_no_hibob=0 | range_errors=0
[2026-05-19 01:47:18] Sleeping 3s before next page...
[2026-05-19 01:47:21] Requesting page | start=30101 | count=25 | date_start=05-01-2026T00:00:00+0000 | date_end=05-31-2026T23:59:59+0000
[2026-05-19 01:47:25] Page received | start=30101 | records=25 | hibob_records=2 | sent_date_min=2026-05-04 09:56:03 UTC | sent_date_max=2026-05-14 16:15:04 UTC | last_updated_min=2026-05-14 16:01:25 UTC | last_updated_max=2026-05-14 16:19:02 UTC
[2026-05-19 01:47:25] Page processed | start=30101 | range_processed=30125 | range_created=26023 | range_updated=4102 | range_skipped_no_hibob=0 | range_errors=0
[2026-05-19 01:47:25] Sleeping 3s before next page...
[2026-05-19 01:47:28] Requesting page | start=30126 | count=25 | date_start=05-01-2026T00:00:00+0000 | date_end=05-31-2026T23:59:59+0000
[2026-05-19 01:47:33] Page received | start=30126 | records=25 | hibob_records=2 | sent_date_min=2026-02-19 09:11:05 UTC | sent_date_max=2026-05-14 16:37:44 UTC | last_updated_min=2026-05-14 16:19:56 UTC | last_updated_max=2026-05-14 16:42:20 UTC
[2026-05-19 01:47:33] Page processed | start=30126 | range_processed=30150 | range_created=26046 | range_updated=4104 | range_skipped_no_hibob=0 | range_errors=0
[2026-05-19 01:47:33] Sleeping 3s before next page...
[2026-05-19 01:47:36] Requesting page | start=30151 | count=25 | date_start=05-01-2026T00:00:00+0000 | date_end=05-31-2026T23:59:59+0000
[2026-05-19 01:47:41] Page received | start=30151 | records=25 | hibob_records=1 | sent_date_min=2026-01-22 02:37:36 UTC | sent_date_max=2026-05-14 17:22:50 UTC | last_updated_min=2026-05-14 16:43:14 UTC | last_updated_max=2026-05-14 17:30:05 UTC
[2026-05-19 01:47:41] Page processed | start=30151 | range_processed=30175 | range_created=26070 | range_updated=4105 | range_skipped_no_hibob=0 | range_errors=0
[2026-05-19 01:47:41] Sleeping 3s before next page...
[2026-05-19 01:47:44] Requesting page | start=30176 | count=25 | date_start=05-01-2026T00:00:00+0000 | date_end=05-31-2026T23:59:59+0000
[2026-05-19 01:47:48] Page received | start=30176 | records=25 | hibob_records=1 | sent_date_min=2026-03-26 14:33:34 UTC | sent_date_max=2026-05-14 18:16:46 UTC | last_updated_min=2026-05-14 17:30:05 UTC | last_updated_max=2026-05-14 18:17:42 UTC
[2026-05-19 01:47:49] Page processed | start=30176 | range_processed=30200 | range_created=26095 | range_updated=4105 | range_skipped_no_hibob=0 | range_errors=0
[2026-05-19 01:47:49] Sleeping 3s before next page...
[2026-05-19 01:47:52] Requesting page | start=30201 | count=25 | date_start=05-01-2026T00:00:00+0000 | date_end=05-31-2026T23:59:59+0000
[2026-05-19 01:47:56] Page received | start=30201 | records=25 | hibob_records=3 | sent_date_min=2025-12-04 15:59:14 UTC | sent_date_max=2026-05-14 18:37:07 UTC | last_updated_min=2026-05-14 18:18:25 UTC | last_updated_max=2026-05-14 18:37:07 UTC
[2026-05-19 01:47:56] Page processed | start=30201 | range_processed=30225 | range_created=26118 | range_updated=4107 | range_skipped_no_hibob=0 | range_errors=0
[2026-05-19 01:47:56] Sleeping 3s before next page...
[2026-05-19 01:47:59] Requesting page | start=30226 | count=25 | date_start=05-01-2026T00:00:00+0000 | date_end=05-31-2026T23:59:59+0000
[2026-05-19 01:48:05] Page received | start=30226 | records=25 | hibob_records=3 | sent_date_min=2025-12-04 03:56:33 UTC | sent_date_max=2026-05-14 18:37:13 UTC | last_updated_min=2026-05-14 18:37:13 UTC | last_updated_max=2026-05-14 18:37:55 UTC
[2026-05-19 01:48:06] Page processed | start=30226 | range_processed=30250 | range_created=26136 | range_updated=4114 | range_skipped_no_hibob=0 | range_errors=0
[2026-05-19 01:48:06] Sleeping 3s before next page...
[2026-05-19 01:48:09] Requesting page | start=30251 | count=25 | date_start=05-01-2026T00:00:00+0000 | date_end=05-31-2026T23:59:59+0000
[2026-05-19 01:48:15] Page received | start=30251 | records=25 | hibob_records=3 | sent_date_min=2025-12-31 09:23:10 UTC | sent_date_max=2026-05-13 22:22:19 UTC | last_updated_min=2026-05-14 18:37:55 UTC | last_updated_max=2026-05-14 18:38:26 UTC
[2026-05-19 01:48:15] Page processed | start=30251 | range_processed=30275 | range_created=26158 | range_updated=4117 | range_skipped_no_hibob=0 | range_errors=0
[2026-05-19 01:48:15] Sleeping 3s before next page...
[2026-05-19 01:48:18] Requesting page | start=30276 | count=25 | date_start=05-01-2026T00:00:00+0000 | date_end=05-31-2026T23:59:59+0000
[2026-05-19 01:48:23] Page received | start=30276 | records=25 | hibob_records=2 | sent_date_min=2026-04-18 02:22:03 UTC | sent_date_max=2026-05-14 18:52:51 UTC | last_updated_min=2026-05-14 18:38:27 UTC | last_updated_max=2026-05-14 18:52:51 UTC
[2026-05-19 01:48:23] Page processed | start=30276 | range_processed=30300 | range_created=26183 | range_updated=4117 | range_skipped_no_hibob=0 | range_errors=0
[2026-05-19 01:48:23] Sleeping 3s before next page...
[2026-05-19 01:48:26] Requesting page | start=30301 | count=25 | date_start=05-01-2026T00:00:00+0000 | date_end=05-31-2026T23:59:59+0000
[2026-05-19 01:48:31] Page received | start=30301 | records=25 | hibob_records=7 | sent_date_min=2026-03-17 02:22:12 UTC | sent_date_max=2026-05-14 18:53:10 UTC | last_updated_min=2026-05-14 18:53:10 UTC | last_updated_max=2026-05-14 19:01:57 UTC
[2026-05-19 01:48:31] Page processed | start=30301 | range_processed=30325 | range_created=26204 | range_updated=4121 | range_skipped_no_hibob=0 | range_errors=0
[2026-05-19 01:48:31] Sleeping 3s before next page...
[2026-05-19 01:48:34] Requesting page | start=30326 | count=25 | date_start=05-01-2026T00:00:00+0000 | date_end=05-31-2026T23:59:59+0000
[2026-05-19 01:48:40] Page received | start=30326 | records=25 | hibob_records=4 | sent_date_min=2026-03-16 19:29:14 UTC | sent_date_max=2026-05-14 19:08:05 UTC | last_updated_min=2026-05-14 19:02:02 UTC | last_updated_max=2026-05-14 19:08:05 UTC
[2026-05-19 01:48:40] Page processed | start=30326 | range_processed=30350 | range_created=26227 | range_updated=4123 | range_skipped_no_hibob=0 | range_errors=0
[2026-05-19 01:48:40] Sleeping 3s before next page...
[2026-05-19 01:48:43] Requesting page | start=30351 | count=25 | date_start=05-01-2026T00:00:00+0000 | date_end=05-31-2026T23:59:59+0000
[2026-05-19 01:48:49] Page received | start=30351 | records=25 | hibob_records=4 | sent_date_min=2026-04-29 15:22:35 UTC | sent_date_max=2026-05-14 19:20:54 UTC | last_updated_min=2026-05-14 19:09:54 UTC | last_updated_max=2026-05-14 19:22:05 UTC
[2026-05-19 01:48:49] Page processed | start=30351 | range_processed=30375 | range_created=26252 | range_updated=4123 | range_skipped_no_hibob=0 | range_errors=0
[2026-05-19 01:48:49] Sleeping 3s before next page...
[2026-05-19 01:48:52] Requesting page | start=30376 | count=25 | date_start=05-01-2026T00:00:00+0000 | date_end=05-31-2026T23:59:59+0000
[2026-05-19 01:48:57] Page received | start=30376 | records=25 | hibob_records=9 | sent_date_min=2026-04-16 14:28:32 UTC | sent_date_max=2026-05-14 19:37:42 UTC | last_updated_min=2026-05-14 19:22:25 UTC | last_updated_max=2026-05-14 19:37:42 UTC
[2026-05-19 01:48:57] Page processed | start=30376 | range_processed=30400 | range_created=26277 | range_updated=4123 | range_skipped_no_hibob=0 | range_errors=0
[2026-05-19 01:48:57] Sleeping 3s before next page...
[2026-05-19 01:49:00] Requesting page | start=30401 | count=25 | date_start=05-01-2026T00:00:00+0000 | date_end=05-31-2026T23:59:59+0000
[2026-05-19 01:49:04] Page received | start=30401 | records=25 | hibob_records=6 | sent_date_min=2026-04-28 04:52:20 UTC | sent_date_max=2026-05-14 19:54:49 UTC | last_updated_min=2026-05-14 19:37:46 UTC | last_updated_max=2026-05-14 19:56:23 UTC
[2026-05-19 01:49:04] Page processed | start=30401 | range_processed=30425 | range_created=26302 | range_updated=4123 | range_skipped_no_hibob=0 | range_errors=0
[2026-05-19 01:49:04] Sleeping 3s before next page...
[2026-05-19 01:49:07] Requesting page | start=30426 | count=25 | date_start=05-01-2026T00:00:00+0000 | date_end=05-31-2026T23:59:59+0000
[2026-05-19 01:49:13] Page received | start=30426 | records=25 | hibob_records=5 | sent_date_min=2026-03-17 23:07:11 UTC | sent_date_max=2026-05-14 20:22:35 UTC | last_updated_min=2026-05-14 19:56:23 UTC | last_updated_max=2026-05-14 20:22:38 UTC
[2026-05-19 01:49:13] Page processed | start=30426 | range_processed=30450 | range_created=26325 | range_updated=4125 | range_skipped_no_hibob=0 | range_errors=0
[2026-05-19 01:49:13] Sleeping 3s before next page...
[2026-05-19 01:49:16] Requesting page | start=30451 | count=25 | date_start=05-01-2026T00:00:00+0000 | date_end=05-31-2026T23:59:59+0000
[2026-05-19 01:49:21] Page received | start=30451 | records=25 | hibob_records=5 | sent_date_min=2026-03-30 19:41:20 UTC | sent_date_max=2026-05-14 20:34:09 UTC | last_updated_min=2026-05-14 20:22:39 UTC | last_updated_max=2026-05-14 20:34:11 UTC
[2026-05-19 01:49:21] Page processed | start=30451 | range_processed=30475 | range_created=26350 | range_updated=4125 | range_skipped_no_hibob=0 | range_errors=0
[2026-05-19 01:49:21] Sleeping 3s before next page...
[2026-05-19 01:49:24] Requesting page | start=30476 | count=25 | date_start=05-01-2026T00:00:00+0000 | date_end=05-31-2026T23:59:59+0000
[2026-05-19 01:49:28] Page received | start=30476 | records=25 | hibob_records=3 | sent_date_min=2026-04-28 17:54:54 UTC | sent_date_max=2026-05-14 20:43:56 UTC | last_updated_min=2026-05-14 20:34:45 UTC | last_updated_max=2026-05-14 20:44:08 UTC
[2026-05-19 01:49:29] Page processed | start=30476 | range_processed=30500 | range_created=26375 | range_updated=4125 | range_skipped_no_hibob=0 | range_errors=0
[2026-05-19 01:49:29] Sleeping 3s before next page...
[2026-05-19 01:49:32] Requesting page | start=30501 | count=25 | date_start=05-01-2026T00:00:00+0000 | date_end=05-31-2026T23:59:59+0000
[2026-05-19 01:49:36] Page received | start=30501 | records=25 | hibob_records=4 | sent_date_min=2025-10-09 20:22:25 UTC | sent_date_max=2026-05-14 20:55:59 UTC | last_updated_min=2026-05-14 20:44:08 UTC | last_updated_max=2026-05-14 20:58:23 UTC
[2026-05-19 01:49:36] Page processed | start=30501 | range_processed=30525 | range_created=26400 | range_updated=4125 | range_skipped_no_hibob=0 | range_errors=0
[2026-05-19 01:49:36] Sleeping 3s before next page...
[2026-05-19 01:49:39] Requesting page | start=30526 | count=25 | date_start=05-01-2026T00:00:00+0000 | date_end=05-31-2026T23:59:59+0000
[2026-05-19 01:49:44] Page received | start=30526 | records=25 | hibob_records=2 | sent_date_min=2026-04-20 20:52:16 UTC | sent_date_max=2026-05-14 21:22:53 UTC | last_updated_min=2026-05-14 20:58:47 UTC | last_updated_max=2026-05-14 21:30:17 UTC
[2026-05-19 01:49:45] Page processed | start=30526 | range_processed=30550 | range_created=26425 | range_updated=4125 | range_skipped_no_hibob=0 | range_errors=0
[2026-05-19 01:49:45] Sleeping 3s before next page...
[2026-05-19 01:49:48] Requesting page | start=30551 | count=25 | date_start=05-01-2026T00:00:00+0000 | date_end=05-31-2026T23:59:59+0000
[2026-05-19 01:49:52] Page received | start=30551 | records=25 | hibob_records=4 | sent_date_min=2026-04-30 17:07:13 UTC | sent_date_max=2026-05-14 21:43:19 UTC | last_updated_min=2026-05-14 21:30:35 UTC | last_updated_max=2026-05-14 21:46:03 UTC
[2026-05-19 01:49:52] Page processed | start=30551 | range_processed=30575 | range_created=26450 | range_updated=4125 | range_skipped_no_hibob=0 | range_errors=0
[2026-05-19 01:49:52] Sleeping 3s before next page...
[2026-05-19 01:49:55] Requesting page | start=30576 | count=25 | date_start=05-01-2026T00:00:00+0000 | date_end=05-31-2026T23:59:59+0000
[2026-05-19 01:50:00] Page received | start=30576 | records=25 | hibob_records=2 | sent_date_min=2025-11-11 18:23:04 UTC | sent_date_max=2026-05-14 22:13:42 UTC | last_updated_min=2026-05-14 21:46:59 UTC | last_updated_max=2026-05-14 22:14:07 UTC
[2026-05-19 01:50:01] Page processed | start=30576 | range_processed=30600 | range_created=26474 | range_updated=4126 | range_skipped_no_hibob=0 | range_errors=0
[2026-05-19 01:50:01] Sleeping 3s before next page...
[2026-05-19 01:50:04] Requesting page | start=30601 | count=25 | date_start=05-01-2026T00:00:00+0000 | date_end=05-31-2026T23:59:59+0000
[2026-05-19 01:50:08] Page received | start=30601 | records=25 | hibob_records=5 | sent_date_min=2026-05-05 20:07:32 UTC | sent_date_max=2026-05-14 23:22:25 UTC | last_updated_min=2026-05-14 22:14:09 UTC | last_updated_max=2026-05-14 23:22:25 UTC
[2026-05-19 01:50:08] Page processed | start=30601 | range_processed=30625 | range_created=26499 | range_updated=4126 | range_skipped_no_hibob=0 | range_errors=0
[2026-05-19 01:50:08] Sleeping 3s before next page...
[2026-05-19 01:50:11] Requesting page | start=30626 | count=25 | date_start=05-01-2026T00:00:00+0000 | date_end=05-31-2026T23:59:59+0000
[2026-05-19 01:50:16] Page received | start=30626 | records=25 | hibob_records=3 | sent_date_min=2026-04-07 04:52:15 UTC | sent_date_max=2026-05-15 00:08:30 UTC | last_updated_min=2026-05-14 23:25:56 UTC | last_updated_max=2026-05-15 00:14:21 UTC
[2026-05-19 01:50:16] Page processed | start=30626 | range_processed=30650 | range_created=26524 | range_updated=4126 | range_skipped_no_hibob=0 | range_errors=0
[2026-05-19 01:50:16] Sleeping 3s before next page...
[2026-05-19 01:50:19] Requesting page | start=30651 | count=25 | date_start=05-01-2026T00:00:00+0000 | date_end=05-31-2026T23:59:59+0000
[2026-05-19 01:50:24] Page received | start=30651 | records=25 | hibob_records=3 | sent_date_min=2026-05-06 14:11:58 UTC | sent_date_max=2026-05-15 01:37:04 UTC | last_updated_min=2026-05-15 00:16:57 UTC | last_updated_max=2026-05-15 01:37:04 UTC
[2026-05-19 01:50:24] Page processed | start=30651 | range_processed=30675 | range_created=26549 | range_updated=4126 | range_skipped_no_hibob=0 | range_errors=0
[2026-05-19 01:50:24] Sleeping 3s before next page...
[2026-05-19 01:50:27] Requesting page | start=30676 | count=25 | date_start=05-01-2026T00:00:00+0000 | date_end=05-31-2026T23:59:59+0000
[2026-05-19 01:50:32] Page received | start=30676 | records=25 | hibob_records=2 | sent_date_min=2026-05-11 22:22:05 UTC | sent_date_max=2026-05-15 03:29:19 UTC | last_updated_min=2026-05-15 01:37:11 UTC | last_updated_max=2026-05-15 03:29:19 UTC
[2026-05-19 01:50:32] Page processed | start=30676 | range_processed=30700 | range_created=26574 | range_updated=4126 | range_skipped_no_hibob=0 | range_errors=0
[2026-05-19 01:50:32] Sleeping 3s before next page...
[2026-05-19 01:50:35] Requesting page | start=30701 | count=25 | date_start=05-01-2026T00:00:00+0000 | date_end=05-31-2026T23:59:59+0000
[2026-05-19 01:50:40] Page received | start=30701 | records=25 | hibob_records=2 | sent_date_min=2026-05-12 07:40:59 UTC | sent_date_max=2026-05-15 05:37:05 UTC | last_updated_min=2026-05-15 03:33:06 UTC | last_updated_max=2026-05-15 05:37:05 UTC
[2026-05-19 01:50:40] Page processed | start=30701 | range_processed=30725 | range_created=26599 | range_updated=4126 | range_skipped_no_hibob=0 | range_errors=0
[2026-05-19 01:50:40] Sleeping 3s before next page...
[2026-05-19 01:50:43] Requesting page | start=30726 | count=25 | date_start=05-01-2026T00:00:00+0000 | date_end=05-31-2026T23:59:59+0000
[2026-05-19 01:50:48] Page received | start=30726 | records=25 | hibob_records=4 | sent_date_min=2025-12-16 17:22:45 UTC | sent_date_max=2026-05-15 06:37:08 UTC | last_updated_min=2026-05-15 05:40:06 UTC | last_updated_max=2026-05-15 06:38:46 UTC
[2026-05-19 01:50:48] Page processed | start=30726 | range_processed=30750 | range_created=26624 | range_updated=4126 | range_skipped_no_hibob=0 | range_errors=0
[2026-05-19 01:50:48] Sleeping 3s before next page...
[2026-05-19 01:50:51] Requesting page | start=30751 | count=25 | date_start=05-01-2026T00:00:00+0000 | date_end=05-31-2026T23:59:59+0000
[2026-05-19 01:50:56] Page received | start=30751 | records=25 | hibob_records=1 | sent_date_min=2026-04-24 14:07:14 UTC | sent_date_max=2026-05-15 06:43:31 UTC | last_updated_min=2026-05-15 06:42:16 UTC | last_updated_max=2026-05-15 06:50:11 UTC
[2026-05-19 01:50:56] Page processed | start=30751 | range_processed=30775 | range_created=26649 | range_updated=4126 | range_skipped_no_hibob=0 | range_errors=0
[2026-05-19 01:50:56] Sleeping 3s before next page...
[2026-05-19 01:50:59] Requesting page | start=30776 | count=25 | date_start=05-01-2026T00:00:00+0000 | date_end=05-31-2026T23:59:59+0000
[2026-05-19 01:51:03] Page received | start=30776 | records=25 | hibob_records=7 | sent_date_min=2025-10-09 16:22:53 UTC | sent_date_max=2026-05-15 07:16:24 UTC | last_updated_min=2026-05-15 06:52:05 UTC | last_updated_max=2026-05-15 07:19:25 UTC
[2026-05-19 01:51:03] Page processed | start=30776 | range_processed=30800 | range_created=26670 | range_updated=4130 | range_skipped_no_hibob=0 | range_errors=0
[2026-05-19 01:51:03] Sleeping 3s before next page...
[2026-05-19 01:51:06] Requesting page | start=30801 | count=25 | date_start=05-01-2026T00:00:00+0000 | date_end=05-31-2026T23:59:59+0000
[2026-05-19 01:51:11] Page received | start=30801 | records=25 | hibob_records=3 | sent_date_min=2025-06-13 17:13:59 UTC | sent_date_max=2026-05-15 07:31:34 UTC | last_updated_min=2026-05-15 07:21:51 UTC | last_updated_max=2026-05-15 07:34:57 UTC
[2026-05-19 01:51:11] Page processed | start=30801 | range_processed=30825 | range_created=26691 | range_updated=4134 | range_skipped_no_hibob=0 | range_errors=0
[2026-05-19 01:51:11] Sleeping 3s before next page...
[2026-05-19 01:51:14] Requesting page | start=30826 | count=25 | date_start=05-01-2026T00:00:00+0000 | date_end=05-31-2026T23:59:59+0000
[2026-05-19 01:51:19] Page received | start=30826 | records=25 | hibob_records=6 | sent_date_min=2026-01-21 10:20:32 UTC | sent_date_max=2026-05-15 07:52:42 UTC | last_updated_min=2026-05-15 07:34:57 UTC | last_updated_max=2026-05-15 07:56:54 UTC
[2026-05-19 01:51:19] Page processed | start=30826 | range_processed=30850 | range_created=26713 | range_updated=4137 | range_skipped_no_hibob=0 | range_errors=0
[2026-05-19 01:51:19] Sleeping 3s before next page...
[2026-05-19 01:51:22] Requesting page | start=30851 | count=25 | date_start=05-01-2026T00:00:00+0000 | date_end=05-31-2026T23:59:59+0000
[2026-05-19 01:51:28] Page received | start=30851 | records=25 | hibob_records=2 | sent_date_min=2026-04-18 08:37:48 UTC | sent_date_max=2026-05-15 08:08:36 UTC | last_updated_min=2026-05-15 07:57:30 UTC | last_updated_max=2026-05-15 08:14:05 UTC
[2026-05-19 01:51:28] Page processed | start=30851 | range_processed=30875 | range_created=26738 | range_updated=4137 | range_skipped_no_hibob=0 | range_errors=0
[2026-05-19 01:51:28] Sleeping 3s before next page...
[2026-05-19 01:51:31] Requesting page | start=30876 | count=25 | date_start=05-01-2026T00:00:00+0000 | date_end=05-31-2026T23:59:59+0000
[2026-05-19 01:51:36] Page received | start=30876 | records=25 | hibob_records=3 | sent_date_min=2025-11-01 09:15:56 UTC | sent_date_max=2026-05-15 08:27:02 UTC | last_updated_min=2026-05-15 08:15:20 UTC | last_updated_max=2026-05-15 08:32:31 UTC
[2026-05-19 01:51:36] Page processed | start=30876 | range_processed=30900 | range_created=26763 | range_updated=4137 | range_skipped_no_hibob=0 | range_errors=0
[2026-05-19 01:51:36] Sleeping 3s before next page...
[2026-05-19 01:51:39] Requesting page | start=30901 | count=25 | date_start=05-01-2026T00:00:00+0000 | date_end=05-31-2026T23:59:59+0000
[2026-05-19 01:51:45] Page received | start=30901 | records=25 | hibob_records=4 | sent_date_min=2026-03-30 15:45:38 UTC | sent_date_max=2026-05-15 08:37:17 UTC | last_updated_min=2026-05-15 08:33:16 UTC | last_updated_max=2026-05-15 08:40:01 UTC
[2026-05-19 01:51:45] Page processed | start=30901 | range_processed=30925 | range_created=26788 | range_updated=4137 | range_skipped_no_hibob=0 | range_errors=0
[2026-05-19 01:51:45] Sleeping 3s before next page...
[2026-05-19 01:51:48] Requesting page | start=30926 | count=25 | date_start=05-01-2026T00:00:00+0000 | date_end=05-31-2026T23:59:59+0000
[2026-05-19 01:51:52] Page received | start=30926 | records=25 | hibob_records=6 | sent_date_min=2026-04-17 09:38:00 UTC | sent_date_max=2026-05-15 08:52:30 UTC | last_updated_min=2026-05-15 08:40:17 UTC | last_updated_max=2026-05-15 08:52:30 UTC
[2026-05-19 01:51:52] Page processed | start=30926 | range_processed=30950 | range_created=26813 | range_updated=4137 | range_skipped_no_hibob=0 | range_errors=0
[2026-05-19 01:51:52] Sleeping 3s before next page...
[2026-05-19 01:51:55] Requesting page | start=30951 | count=25 | date_start=05-01-2026T00:00:00+0000 | date_end=05-31-2026T23:59:59+0000
[2026-05-19 01:52:00] Page received | start=30951 | records=25 | hibob_records=4 | sent_date_min=2025-10-09 16:08:38 UTC | sent_date_max=2026-05-15 08:52:44 UTC | last_updated_min=2026-05-15 08:52:31 UTC | last_updated_max=2026-05-15 09:05:41 UTC
[2026-05-19 01:52:00] Page processed | start=30951 | range_processed=30975 | range_created=26836 | range_updated=4139 | range_skipped_no_hibob=0 | range_errors=0
[2026-05-19 01:52:00] Sleeping 3s before next page...
[2026-05-19 01:52:03] Requesting page | start=30976 | count=25 | date_start=05-01-2026T00:00:00+0000 | date_end=05-31-2026T23:59:59+0000
[2026-05-19 01:52:09] Page received | start=30976 | records=25 | hibob_records=3 | sent_date_min=2026-04-28 11:01:41 UTC | sent_date_max=2026-05-15 09:10:50 UTC | last_updated_min=2026-05-15 09:05:51 UTC | last_updated_max=2026-05-15 09:14:54 UTC
[2026-05-19 01:52:09] Page processed | start=30976 | range_processed=31000 | range_created=26861 | range_updated=4139 | range_skipped_no_hibob=0 | range_errors=0
[2026-05-19 01:52:09] Sleeping 3s before next page...
[2026-05-19 01:52:12] Requesting page | start=31001 | count=25 | date_start=05-01-2026T00:00:00+0000 | date_end=05-31-2026T23:59:59+0000
[2026-05-19 01:52:17] Page received | start=31001 | records=25 | hibob_records=7 | sent_date_min=2025-07-11 08:20:01 UTC | sent_date_max=2026-05-15 09:24:56 UTC | last_updated_min=2026-05-15 09:14:54 UTC | last_updated_max=2026-05-15 09:27:26 UTC
[2026-05-19 01:52:17] Page processed | start=31001 | range_processed=31025 | range_created=26884 | range_updated=4141 | range_skipped_no_hibob=0 | range_errors=0
[2026-05-19 01:52:17] Sleeping 3s before next page...
[2026-05-19 01:52:20] Requesting page | start=31026 | count=25 | date_start=05-01-2026T00:00:00+0000 | date_end=05-31-2026T23:59:59+0000
[2026-05-19 01:52:25] Page received | start=31026 | records=25 | hibob_records=6 | sent_date_min=2025-01-19 14:15:32 UTC | sent_date_max=2026-05-15 09:41:26 UTC | last_updated_min=2026-05-15 09:27:26 UTC | last_updated_max=2026-05-15 09:41:52 UTC
[2026-05-19 01:52:25] Page processed | start=31026 | range_processed=31050 | range_created=26909 | range_updated=4141 | range_skipped_no_hibob=0 | range_errors=0
[2026-05-19 01:52:25] Sleeping 3s before next page...
[2026-05-19 01:52:28] Requesting page | start=31051 | count=25 | date_start=05-01-2026T00:00:00+0000 | date_end=05-31-2026T23:59:59+0000
[2026-05-19 01:52:33] Page received | start=31051 | records=25 | hibob_records=11 | sent_date_min=2026-04-16 18:07:49 UTC | sent_date_max=2026-05-15 09:55:45 UTC | last_updated_min=2026-05-15 09:41:57 UTC | last_updated_max=2026-05-15 09:55:45 UTC
[2026-05-19 01:52:33] Page processed | start=31051 | range_processed=31075 | range_created=26934 | range_updated=4141 | range_skipped_no_hibob=0 | range_errors=0
[2026-05-19 01:52:33] Sleeping 3s before next page...
[2026-05-19 01:52:36] Requesting page | start=31076 | count=25 | date_start=05-01-2026T00:00:00+0000 | date_end=05-31-2026T23:59:59+0000
[2026-05-19 01:52:41] Page received | start=31076 | records=25 | hibob_records=5 | sent_date_min=2025-07-25 15:07:45 UTC | sent_date_max=2026-05-15 10:05:25 UTC | last_updated_min=2026-05-15 09:56:51 UTC | last_updated_max=2026-05-15 10:05:41 UTC
[2026-05-19 01:52:41] Page processed | start=31076 | range_processed=31100 | range_created=26957 | range_updated=4143 | range_skipped_no_hibob=0 | range_errors=0
[2026-05-19 01:52:41] Sleeping 3s before next page...
[2026-05-19 01:52:44] Requesting page | start=31101 | count=25 | date_start=05-01-2026T00:00:00+0000 | date_end=05-31-2026T23:59:59+0000
[2026-05-19 01:52:49] Page received | start=31101 | records=25 | hibob_records=3 | sent_date_min=2025-12-17 14:10:13 UTC | sent_date_max=2026-05-15 10:07:23 UTC | last_updated_min=2026-05-15 10:05:41 UTC | last_updated_max=2026-05-15 10:10:00 UTC
[2026-05-19 01:52:49] Page processed | start=31101 | range_processed=31125 | range_created=26978 | range_updated=4147 | range_skipped_no_hibob=0 | range_errors=0
[2026-05-19 01:52:49] Sleeping 3s before next page...
[2026-05-19 01:52:52] Requesting page | start=31126 | count=25 | date_start=05-01-2026T00:00:00+0000 | date_end=05-31-2026T23:59:59+0000
[2026-05-19 01:52:56] Page received | start=31126 | records=25 | hibob_records=10 | sent_date_min=2025-10-06 07:23:25 UTC | sent_date_max=2026-05-15 10:20:31 UTC | last_updated_min=2026-05-15 10:10:06 UTC | last_updated_max=2026-05-15 10:20:47 UTC
[2026-05-19 01:52:56] Page processed | start=31126 | range_processed=31150 | range_created=27001 | range_updated=4149 | range_skipped_no_hibob=0 | range_errors=0
[2026-05-19 01:52:56] Sleeping 3s before next page...
[2026-05-19 01:52:59] Requesting page | start=31151 | count=25 | date_start=05-01-2026T00:00:00+0000 | date_end=05-31-2026T23:59:59+0000
[2026-05-19 01:53:04] Page received | start=31151 | records=25 | hibob_records=10 | sent_date_min=2025-04-22 11:48:19 UTC | sent_date_max=2026-05-15 10:22:15 UTC | last_updated_min=2026-05-15 10:20:47 UTC | last_updated_max=2026-05-15 10:27:43 UTC
[2026-05-19 01:53:04] Page processed | start=31151 | range_processed=31175 | range_created=27025 | range_updated=4150 | range_skipped_no_hibob=0 | range_errors=0
[2026-05-19 01:53:04] Sleeping 3s before next page...
[2026-05-19 01:53:07] Requesting page | start=31176 | count=25 | date_start=05-01-2026T00:00:00+0000 | date_end=05-31-2026T23:59:59+0000
[2026-05-19 01:53:12] Page received | start=31176 | records=25 | hibob_records=4 | sent_date_min=2026-03-22 14:52:18 UTC | sent_date_max=2026-05-15 10:37:40 UTC | last_updated_min=2026-05-15 10:28:26 UTC | last_updated_max=2026-05-15 10:46:59 UTC
[2026-05-19 01:53:12] Page processed | start=31176 | range_processed=31200 | range_created=27049 | range_updated=4151 | range_skipped_no_hibob=0 | range_errors=0
[2026-05-19 01:53:12] Sleeping 3s before next page...
[2026-05-19 01:53:15] Requesting page | start=31201 | count=25 | date_start=05-01-2026T00:00:00+0000 | date_end=05-31-2026T23:59:59+0000
[2026-05-19 01:53:20] Page received | start=31201 | records=25 | hibob_records=4 | sent_date_min=2026-04-06 08:24:48 UTC | sent_date_max=2026-05-15 10:52:46 UTC | last_updated_min=2026-05-15 10:47:13 UTC | last_updated_max=2026-05-15 11:00:04 UTC
[2026-05-19 01:53:20] Page processed | start=31201 | range_processed=31225 | range_created=27073 | range_updated=4152 | range_skipped_no_hibob=0 | range_errors=0
[2026-05-19 01:53:20] Sleeping 3s before next page...
[2026-05-19 01:53:23] Requesting page | start=31226 | count=25 | date_start=05-01-2026T00:00:00+0000 | date_end=05-31-2026T23:59:59+0000
[2026-05-19 01:53:27] Page received | start=31226 | records=25 | hibob_records=4 | sent_date_min=2026-01-30 10:00:33 UTC | sent_date_max=2026-05-15 11:07:03 UTC | last_updated_min=2026-05-15 11:00:04 UTC | last_updated_max=2026-05-15 11:11:30 UTC
[2026-05-19 01:53:28] Page processed | start=31226 | range_processed=31250 | range_created=27096 | range_updated=4154 | range_skipped_no_hibob=0 | range_errors=0
[2026-05-19 01:53:28] Sleeping 3s before next page...
[2026-05-19 01:53:31] Requesting page | start=31251 | count=25 | date_start=05-01-2026T00:00:00+0000 | date_end=05-31-2026T23:59:59+0000
[2026-05-19 01:53:35] Page received | start=31251 | records=25 | hibob_records=8 | sent_date_min=2025-07-10 09:19:03 UTC | sent_date_max=2026-05-15 11:27:51 UTC | last_updated_min=2026-05-15 11:12:15 UTC | last_updated_max=2026-05-15 11:29:13 UTC
[2026-05-19 01:53:35] Page processed | start=31251 | range_processed=31275 | range_created=27120 | range_updated=4155 | range_skipped_no_hibob=0 | range_errors=0
[2026-05-19 01:53:35] Sleeping 3s before next page...
[2026-05-19 01:53:38] Requesting page | start=31276 | count=25 | date_start=05-01-2026T00:00:00+0000 | date_end=05-31-2026T23:59:59+0000
[2026-05-19 01:53:43] Page received | start=31276 | records=25 | hibob_records=5 | sent_date_min=2026-01-21 14:58:33 UTC | sent_date_max=2026-05-14 13:08:26 UTC | last_updated_min=2026-05-15 11:29:22 UTC | last_updated_max=2026-05-15 11:30:05 UTC
[2026-05-19 01:53:43] Page processed | start=31276 | range_processed=31300 | range_created=27144 | range_updated=4156 | range_skipped_no_hibob=0 | range_errors=0
[2026-05-19 01:53:43] Sleeping 3s before next page...
[2026-05-19 01:53:46] Requesting page | start=31301 | count=25 | date_start=05-01-2026T00:00:00+0000 | date_end=05-31-2026T23:59:59+0000
[2026-05-19 01:53:51] Page received | start=31301 | records=25 | hibob_records=4 | sent_date_min=2026-04-29 08:49:39 UTC | sent_date_max=2026-05-12 06:52:42 UTC | last_updated_min=2026-05-15 11:30:05 UTC | last_updated_max=2026-05-15 11:30:05 UTC
[2026-05-19 01:53:51] Page processed | start=31301 | range_processed=31325 | range_created=27169 | range_updated=4156 | range_skipped_no_hibob=0 | range_errors=0
[2026-05-19 01:53:51] Sleeping 3s before next page...
[2026-05-19 01:53:54] Requesting page | start=31326 | count=25 | date_start=05-01-2026T00:00:00+0000 | date_end=05-31-2026T23:59:59+0000
[2026-05-19 01:53:58] Page received | start=31326 | records=25 | hibob_records=4 | sent_date_min=2026-04-29 06:14:06 UTC | sent_date_max=2026-05-13 04:37:21 UTC | last_updated_min=2026-05-15 11:30:05 UTC | last_updated_max=2026-05-15 11:30:05 UTC
[2026-05-19 01:53:59] Page processed | start=31326 | range_processed=31350 | range_created=27194 | range_updated=4156 | range_skipped_no_hibob=0 | range_errors=0
[2026-05-19 01:53:59] Sleeping 3s before next page...
[2026-05-19 01:54:02] Requesting page | start=31351 | count=25 | date_start=05-01-2026T00:00:00+0000 | date_end=05-31-2026T23:59:59+0000
[2026-05-19 01:54:07] Page received | start=31351 | records=25 | hibob_records=3 | sent_date_min=2026-03-17 09:07:50 UTC | sent_date_max=2026-05-15 11:32:08 UTC | last_updated_min=2026-05-15 11:30:05 UTC | last_updated_max=2026-05-15 11:33:32 UTC
[2026-05-19 01:54:07] Page processed | start=31351 | range_processed=31375 | range_created=27219 | range_updated=4156 | range_skipped_no_hibob=0 | range_errors=0
[2026-05-19 01:54:07] Sleeping 3s before next page...
[2026-05-19 01:54:10] Requesting page | start=31376 | count=25 | date_start=05-01-2026T00:00:00+0000 | date_end=05-31-2026T23:59:59+0000
[2026-05-19 01:54:14] Page received | start=31376 | records=25 | hibob_records=2 | sent_date_min=2026-03-02 13:19:20 UTC | sent_date_max=2026-05-15 11:37:33 UTC | last_updated_min=2026-05-15 11:33:33 UTC | last_updated_max=2026-05-15 11:40:14 UTC
[2026-05-19 01:54:14] Page processed | start=31376 | range_processed=31400 | range_created=27243 | range_updated=4157 | range_skipped_no_hibob=0 | range_errors=0
[2026-05-19 01:54:14] Sleeping 3s before next page...
[2026-05-19 01:54:17] Requesting page | start=31401 | count=25 | date_start=05-01-2026T00:00:00+0000 | date_end=05-31-2026T23:59:59+0000
[2026-05-19 01:54:21] Page received | start=31401 | records=25 | hibob_records=6 | sent_date_min=2025-05-15 07:06:28 UTC | sent_date_max=2026-05-12 08:42:08 UTC | last_updated_min=2026-05-15 11:40:58 UTC | last_updated_max=2026-05-15 11:43:54 UTC
[2026-05-19 01:54:22] Page processed | start=31401 | range_processed=31425 | range_created=27266 | range_updated=4159 | range_skipped_no_hibob=0 | range_errors=0
[2026-05-19 01:54:22] Sleeping 3s before next page...
[2026-05-19 01:54:25] Requesting page | start=31426 | count=25 | date_start=05-01-2026T00:00:00+0000 | date_end=05-31-2026T23:59:59+0000
[2026-05-19 01:54:30] Page received | start=31426 | records=25 | hibob_records=3 | sent_date_min=2025-07-08 13:37:52 UTC | sent_date_max=2026-05-15 06:52:19 UTC | last_updated_min=2026-05-15 11:44:20 UTC | last_updated_max=2026-05-15 11:50:39 UTC
[2026-05-19 01:54:30] Page processed | start=31426 | range_processed=31450 | range_created=27288 | range_updated=4162 | range_skipped_no_hibob=0 | range_errors=0
[2026-05-19 01:54:30] Sleeping 3s before next page...
[2026-05-19 01:54:33] Requesting page | start=31451 | count=25 | date_start=05-01-2026T00:00:00+0000 | date_end=05-31-2026T23:59:59+0000
[2026-05-19 01:54:38] Page received | start=31451 | records=25 | hibob_records=2 | sent_date_min=2025-07-29 01:01:04 UTC | sent_date_max=2026-05-15 11:53:52 UTC | last_updated_min=2026-05-15 11:50:39 UTC | last_updated_max=2026-05-15 11:55:24 UTC
[2026-05-19 01:54:38] Page processed | start=31451 | range_processed=31475 | range_created=27311 | range_updated=4164 | range_skipped_no_hibob=0 | range_errors=0
[2026-05-19 01:54:38] Sleeping 3s before next page...
[2026-05-19 01:54:41] Requesting page | start=31476 | count=25 | date_start=05-01-2026T00:00:00+0000 | date_end=05-31-2026T23:59:59+0000
[2026-05-19 01:54:46] Page received | start=31476 | records=25 | hibob_records=4 | sent_date_min=2025-09-22 10:57:24 UTC | sent_date_max=2026-05-15 11:22:42 UTC | last_updated_min=2026-05-15 11:55:37 UTC | last_updated_max=2026-05-15 11:57:49 UTC
[2026-05-19 01:54:46] Page processed | start=31476 | range_processed=31500 | range_created=27333 | range_updated=4167 | range_skipped_no_hibob=0 | range_errors=0
[2026-05-19 01:54:46] Sleeping 3s before next page...
[2026-05-19 01:54:49] Requesting page | start=31501 | count=25 | date_start=05-01-2026T00:00:00+0000 | date_end=05-31-2026T23:59:59+0000
[2026-05-19 01:54:53] Page received | start=31501 | records=25 | hibob_records=8 | sent_date_min=2025-06-19 12:52:06 UTC | sent_date_max=2026-05-15 11:59:32 UTC | last_updated_min=2026-05-15 11:57:54 UTC | last_updated_max=2026-05-15 12:00:04 UTC
[2026-05-19 01:54:54] Page processed | start=31501 | range_processed=31525 | range_created=27356 | range_updated=4169 | range_skipped_no_hibob=0 | range_errors=0
[2026-05-19 01:54:54] Sleeping 3s before next page...
[2026-05-19 01:54:57] Requesting page | start=31526 | count=25 | date_start=05-01-2026T00:00:00+0000 | date_end=05-31-2026T23:59:59+0000
[2026-05-19 01:55:02] Page received | start=31526 | records=25 | hibob_records=4 | sent_date_min=2026-04-07 07:16:59 UTC | sent_date_max=2026-05-12 10:26:19 UTC | last_updated_min=2026-05-15 12:00:04 UTC | last_updated_max=2026-05-15 12:00:05 UTC
[2026-05-19 01:55:03] Page processed | start=31526 | range_processed=31550 | range_created=27381 | range_updated=4169 | range_skipped_no_hibob=0 | range_errors=0
[2026-05-19 01:55:03] Sleeping 3s before next page...
[2026-05-19 01:55:06] Requesting page | start=31551 | count=25 | date_start=05-01-2026T00:00:00+0000 | date_end=05-31-2026T23:59:59+0000
[2026-05-19 01:55:10] Page received | start=31551 | records=25 | hibob_records=6 | sent_date_min=2026-04-02 19:14:21 UTC | sent_date_max=2026-05-13 00:57:18 UTC | last_updated_min=2026-05-15 12:00:05 UTC | last_updated_max=2026-05-15 12:00:05 UTC
[2026-05-19 01:55:10] Page processed | start=31551 | range_processed=31575 | range_created=27406 | range_updated=4169 | range_skipped_no_hibob=0 | range_errors=0
[2026-05-19 01:55:10] Sleeping 3s before next page...
[2026-05-19 01:55:13] Requesting page | start=31576 | count=25 | date_start=05-01-2026T00:00:00+0000 | date_end=05-31-2026T23:59:59+0000
[2026-05-19 01:55:18] Page received | start=31576 | records=25 | hibob_records=8 | sent_date_min=2026-04-02 14:54:39 UTC | sent_date_max=2026-05-13 07:40:17 UTC | last_updated_min=2026-05-15 12:00:05 UTC | last_updated_max=2026-05-15 12:00:05 UTC
[2026-05-19 01:55:18] Page processed | start=31576 | range_processed=31600 | range_created=27431 | range_updated=4169 | range_skipped_no_hibob=0 | range_errors=0
[2026-05-19 01:55:18] Sleeping 3s before next page...
[2026-05-19 01:55:21] Requesting page | start=31601 | count=25 | date_start=05-01-2026T00:00:00+0000 | date_end=05-31-2026T23:59:59+0000
[2026-05-19 01:55:26] Page received | start=31601 | records=25 | hibob_records=2 | sent_date_min=2026-04-10 13:20:54 UTC | sent_date_max=2026-05-13 08:12:47 UTC | last_updated_min=2026-05-15 12:00:05 UTC | last_updated_max=2026-05-15 12:00:06 UTC
[2026-05-19 01:55:26] Page processed | start=31601 | range_processed=31625 | range_created=27456 | range_updated=4169 | range_skipped_no_hibob=0 | range_errors=0
[2026-05-19 01:55:26] Sleeping 3s before next page...
[2026-05-19 01:55:29] Requesting page | start=31626 | count=25 | date_start=05-01-2026T00:00:00+0000 | date_end=05-31-2026T23:59:59+0000
[2026-05-19 01:55:34] Page received | start=31626 | records=25 | hibob_records=5 | sent_date_min=2026-02-26 02:37:21 UTC | sent_date_max=2026-05-15 12:01:22 UTC | last_updated_min=2026-05-15 12:00:06 UTC | last_updated_max=2026-05-15 12:05:04 UTC
[2026-05-19 01:55:35] Page processed | start=31626 | range_processed=31650 | range_created=27481 | range_updated=4169 | range_skipped_no_hibob=0 | range_errors=0
[2026-05-19 01:55:35] Sleeping 3s before next page...
[2026-05-19 01:55:38] Requesting page | start=31651 | count=25 | date_start=05-01-2026T00:00:00+0000 | date_end=05-31-2026T23:59:59+0000
[2026-05-19 01:55:43] Page received | start=31651 | records=25 | hibob_records=3 | sent_date_min=2026-02-03 16:11:01 UTC | sent_date_max=2026-05-15 12:07:31 UTC | last_updated_min=2026-05-15 12:05:35 UTC | last_updated_max=2026-05-15 12:07:58 UTC
[2026-05-19 01:55:43] Page processed | start=31651 | range_processed=31675 | range_created=27506 | range_updated=4169 | range_skipped_no_hibob=0 | range_errors=0
[2026-05-19 01:55:43] Sleeping 3s before next page...
[2026-05-19 01:55:46] Requesting page | start=31676 | count=25 | date_start=05-01-2026T00:00:00+0000 | date_end=05-31-2026T23:59:59+0000
[2026-05-19 01:55:51] Page received | start=31676 | records=25 | hibob_records=0 | sent_date_min=2026-01-04 00:22:39 UTC | sent_date_max=2026-05-14 14:42:56 UTC | last_updated_min=2026-05-15 12:07:59 UTC | last_updated_max=2026-05-15 12:09:28 UTC
[2026-05-19 01:55:51] Page processed | start=31676 | range_processed=31700 | range_created=27531 | range_updated=4169 | range_skipped_no_hibob=0 | range_errors=0
[2026-05-19 01:55:51] Sleeping 3s before next page...
[2026-05-19 01:55:54] Requesting page | start=31701 | count=25 | date_start=05-01-2026T00:00:00+0000 | date_end=05-31-2026T23:59:59+0000
[2026-05-19 01:55:59] Page received | start=31701 | records=25 | hibob_records=0 | sent_date_min=2026-01-09 11:40:31 UTC | sent_date_max=2026-05-15 12:09:38 UTC | last_updated_min=2026-05-15 12:09:30 UTC | last_updated_max=2026-05-15 12:10:51 UTC
[2026-05-19 01:55:59] Page processed | start=31701 | range_processed=31725 | range_created=27555 | range_updated=4170 | range_skipped_no_hibob=0 | range_errors=0
[2026-05-19 01:55:59] Sleeping 3s before next page...
[2026-05-19 01:56:02] Requesting page | start=31726 | count=25 | date_start=05-01-2026T00:00:00+0000 | date_end=05-31-2026T23:59:59+0000
[2026-05-19 01:56:07] Page received | start=31726 | records=25 | hibob_records=7 | sent_date_min=2025-12-15 14:19:38 UTC | sent_date_max=2026-05-15 12:11:11 UTC | last_updated_min=2026-05-15 12:10:52 UTC | last_updated_max=2026-05-15 12:14:22 UTC
[2026-05-19 01:56:07] Page processed | start=31726 | range_processed=31750 | range_created=27580 | range_updated=4170 | range_skipped_no_hibob=0 | range_errors=0
[2026-05-19 01:56:07] Sleeping 3s before next page...
[2026-05-19 01:56:10] Requesting page | start=31751 | count=25 | date_start=05-01-2026T00:00:00+0000 | date_end=05-31-2026T23:59:59+0000
[2026-05-19 01:56:17] Page received | start=31751 | records=25 | hibob_records=2 | sent_date_min=2025-01-08 15:38:03 UTC | sent_date_max=2026-04-27 17:18:54 UTC | last_updated_min=2026-05-15 12:14:37 UTC | last_updated_max=2026-05-15 12:14:37 UTC
[2026-05-19 01:56:17] Page processed | start=31751 | range_processed=31775 | range_created=27593 | range_updated=4182 | range_skipped_no_hibob=0 | range_errors=0
[2026-05-19 01:56:17] Sleeping 3s before next page...
[2026-05-19 01:56:20] Requesting page | start=31776 | count=25 | date_start=05-01-2026T00:00:00+0000 | date_end=05-31-2026T23:59:59+0000
[2026-05-19 01:56:24] Page received | start=31776 | records=25 | hibob_records=11 | sent_date_min=2026-02-27 18:08:11 UTC | sent_date_max=2026-05-15 05:35:30 UTC | last_updated_min=2026-05-15 12:15:04 UTC | last_updated_max=2026-05-15 12:19:34 UTC
[2026-05-19 01:56:25] Page processed | start=31776 | range_processed=31800 | range_created=27615 | range_updated=4185 | range_skipped_no_hibob=0 | range_errors=0
[2026-05-19 01:56:25] Sleeping 3s before next page...
[2026-05-19 01:56:28] Requesting page | start=31801 | count=25 | date_start=05-01-2026T00:00:00+0000 | date_end=05-31-2026T23:59:59+0000
[2026-05-19 01:56:33] Page received | start=31801 | records=25 | hibob_records=8 | sent_date_min=2026-01-20 12:47:19 UTC | sent_date_max=2026-05-15 12:22:27 UTC | last_updated_min=2026-05-15 12:19:34 UTC | last_updated_max=2026-05-15 12:24:59 UTC
[2026-05-19 01:56:33] Page processed | start=31801 | range_processed=31825 | range_created=27639 | range_updated=4186 | range_skipped_no_hibob=0 | range_errors=0
[2026-05-19 01:56:33] Sleeping 3s before next page...
[2026-05-19 01:56:36] Requesting page | start=31826 | count=25 | date_start=05-01-2026T00:00:00+0000 | date_end=05-31-2026T23:59:59+0000
[2026-05-19 01:56:41] Page received | start=31826 | records=25 | hibob_records=6 | sent_date_min=2025-04-07 13:58:33 UTC | sent_date_max=2026-05-15 09:18:18 UTC | last_updated_min=2026-05-15 12:25:17 UTC | last_updated_max=2026-05-15 12:30:05 UTC
[2026-05-19 01:56:41] Page processed | start=31826 | range_processed=31850 | range_created=27660 | range_updated=4190 | range_skipped_no_hibob=0 | range_errors=0
[2026-05-19 01:56:41] Sleeping 3s before next page...
[2026-05-19 01:56:44] Requesting page | start=31851 | count=25 | date_start=05-01-2026T00:00:00+0000 | date_end=05-31-2026T23:59:59+0000
[2026-05-19 01:56:49] Page received | start=31851 | records=25 | hibob_records=3 | sent_date_min=2026-02-28 17:22:43 UTC | sent_date_max=2026-05-13 08:22:12 UTC | last_updated_min=2026-05-15 12:30:05 UTC | last_updated_max=2026-05-15 12:30:05 UTC
[2026-05-19 01:56:49] Page processed | start=31851 | range_processed=31875 | range_created=27682 | range_updated=4193 | range_skipped_no_hibob=0 | range_errors=0
[2026-05-19 01:56:49] Sleeping 3s before next page...
[2026-05-19 01:56:52] Requesting page | start=31876 | count=25 | date_start=05-01-2026T00:00:00+0000 | date_end=05-31-2026T23:59:59+0000
[2026-05-19 01:56:56] Page received | start=31876 | records=25 | hibob_records=5 | sent_date_min=2026-03-28 10:37:23 UTC | sent_date_max=2026-05-13 10:14:23 UTC | last_updated_min=2026-05-15 12:30:05 UTC | last_updated_max=2026-05-15 12:30:07 UTC
[2026-05-19 01:56:57] Page processed | start=31876 | range_processed=31900 | range_created=27707 | range_updated=4193 | range_skipped_no_hibob=0 | range_errors=0
[2026-05-19 01:56:57] Sleeping 3s before next page...
[2026-05-19 01:57:00] Requesting page | start=31901 | count=25 | date_start=05-01-2026T00:00:00+0000 | date_end=05-31-2026T23:59:59+0000
[2026-05-19 01:57:04] Page received | start=31901 | records=25 | hibob_records=1 | sent_date_min=2026-04-10 13:55:30 UTC | sent_date_max=2026-05-15 12:31:18 UTC | last_updated_min=2026-05-15 12:30:07 UTC | last_updated_max=2026-05-15 12:31:18 UTC
[2026-05-19 01:57:04] Page processed | start=31901 | range_processed=31925 | range_created=27732 | range_updated=4193 | range_skipped_no_hibob=0 | range_errors=0
[2026-05-19 01:57:04] Sleeping 3s before next page...
[2026-05-19 01:57:07] Requesting page | start=31926 | count=25 | date_start=05-01-2026T00:00:00+0000 | date_end=05-31-2026T23:59:59+0000
[2026-05-19 01:57:12] Page received | start=31926 | records=25 | hibob_records=3 | sent_date_min=2026-04-09 12:17:33 UTC | sent_date_max=2026-05-15 12:37:58 UTC | last_updated_min=2026-05-15 12:31:43 UTC | last_updated_max=2026-05-15 12:38:11 UTC
[2026-05-19 01:57:12] Page processed | start=31926 | range_processed=31950 | range_created=27754 | range_updated=4196 | range_skipped_no_hibob=0 | range_errors=0
[2026-05-19 01:57:12] Sleeping 3s before next page...
[2026-05-19 01:57:15] Requesting page | start=31951 | count=25 | date_start=05-01-2026T00:00:00+0000 | date_end=05-31-2026T23:59:59+0000
[2026-05-19 01:57:20] Page received | start=31951 | records=25 | hibob_records=6 | sent_date_min=2025-12-09 14:13:01 UTC | sent_date_max=2026-05-15 12:33:25 UTC | last_updated_min=2026-05-15 12:38:54 UTC | last_updated_max=2026-05-15 12:47:44 UTC
[2026-05-19 01:57:20] Page processed | start=31951 | range_processed=31975 | range_created=27776 | range_updated=4199 | range_skipped_no_hibob=0 | range_errors=0
[2026-05-19 01:57:20] Sleeping 3s before next page...
[2026-05-19 01:57:23] Requesting page | start=31976 | count=25 | date_start=05-01-2026T00:00:00+0000 | date_end=05-31-2026T23:59:59+0000
[2026-05-19 01:57:28] Page received | start=31976 | records=25 | hibob_records=3 | sent_date_min=2026-01-14 10:07:16 UTC | sent_date_max=2026-05-15 12:52:35 UTC | last_updated_min=2026-05-15 12:48:04 UTC | last_updated_max=2026-05-15 12:52:35 UTC
[2026-05-19 01:57:28] Page processed | start=31976 | range_processed=32000 | range_created=27800 | range_updated=4200 | range_skipped_no_hibob=0 | range_errors=0
[2026-05-19 01:57:28] Sleeping 3s before next page...
[2026-05-19 01:57:31] Requesting page | start=32001 | count=25 | date_start=05-01-2026T00:00:00+0000 | date_end=05-31-2026T23:59:59+0000
[2026-05-19 01:57:36] Page received | start=32001 | records=25 | hibob_records=9 | sent_date_min=2025-06-27 16:29:07 UTC | sent_date_max=2026-05-15 09:38:17 UTC | last_updated_min=2026-05-15 12:52:41 UTC | last_updated_max=2026-05-15 12:57:50 UTC
[2026-05-19 01:57:36] Page processed | start=32001 | range_processed=32025 | range_created=27823 | range_updated=4202 | range_skipped_no_hibob=0 | range_errors=0
[2026-05-19 01:57:36] Sleeping 3s before next page...
[2026-05-19 01:57:39] Requesting page | start=32026 | count=25 | date_start=05-01-2026T00:00:00+0000 | date_end=05-31-2026T23:59:59+0000
[2026-05-19 01:57:44] Page received | start=32026 | records=25 | hibob_records=6 | sent_date_min=2025-11-18 17:13:50 UTC | sent_date_max=2026-05-12 19:08:21 UTC | last_updated_min=2026-05-15 12:57:57 UTC | last_updated_max=2026-05-15 13:00:06 UTC
[2026-05-19 01:57:44] Page processed | start=32026 | range_processed=32050 | range_created=27848 | range_updated=4202 | range_skipped_no_hibob=0 | range_errors=0
[2026-05-19 01:57:44] Sleeping 3s before next page...
[2026-05-19 01:57:47] Requesting page | start=32051 | count=25 | date_start=05-01-2026T00:00:00+0000 | date_end=05-31-2026T23:59:59+0000
[2026-05-19 01:57:52] Page received | start=32051 | records=25 | hibob_records=6 | sent_date_min=2026-04-30 02:40:29 UTC | sent_date_max=2026-05-12 23:37:05 UTC | last_updated_min=2026-05-15 13:00:06 UTC | last_updated_max=2026-05-15 13:00:06 UTC
[2026-05-19 01:57:52] Page processed | start=32051 | range_processed=32075 | range_created=27873 | range_updated=4202 | range_skipped_no_hibob=0 | range_errors=0
[2026-05-19 01:57:52] Sleeping 3s before next page...
[2026-05-19 01:57:55] Requesting page | start=32076 | count=25 | date_start=05-01-2026T00:00:00+0000 | date_end=05-31-2026T23:59:59+0000
[2026-05-19 01:57:59] Page received | start=32076 | records=25 | hibob_records=2 | sent_date_min=2026-04-10 19:30:42 UTC | sent_date_max=2026-05-13 14:36:31 UTC | last_updated_min=2026-05-15 13:00:06 UTC | last_updated_max=2026-05-15 13:00:07 UTC
[2026-05-19 01:58:00] Page processed | start=32076 | range_processed=32100 | range_created=27898 | range_updated=4202 | range_skipped_no_hibob=0 | range_errors=0
[2026-05-19 01:58:00] Sleeping 3s before next page...
[2026-05-19 01:58:03] Requesting page | start=32101 | count=25 | date_start=05-01-2026T00:00:00+0000 | date_end=05-31-2026T23:59:59+0000
[2026-05-19 01:58:08] Page received | start=32101 | records=25 | hibob_records=3 | sent_date_min=2026-04-10 10:37:22 UTC | sent_date_max=2026-05-15 12:13:18 UTC | last_updated_min=2026-05-15 13:00:07 UTC | last_updated_max=2026-05-15 13:01:20 UTC
[2026-05-19 01:58:08] Page processed | start=32101 | range_processed=32125 | range_created=27923 | range_updated=4202 | range_skipped_no_hibob=0 | range_errors=0
[2026-05-19 01:58:08] Sleeping 3s before next page...
[2026-05-19 01:58:11] Requesting page | start=32126 | count=25 | date_start=05-01-2026T00:00:00+0000 | date_end=05-31-2026T23:59:59+0000
[2026-05-19 01:58:16] Page received | start=32126 | records=25 | hibob_records=7 | sent_date_min=2026-04-24 17:52:31 UTC | sent_date_max=2026-05-15 13:01:45 UTC | last_updated_min=2026-05-15 13:01:45 UTC | last_updated_max=2026-05-15 13:05:59 UTC
[2026-05-19 01:58:16] Page processed | start=32126 | range_processed=32150 | range_created=27948 | range_updated=4202 | range_skipped_no_hibob=0 | range_errors=0
[2026-05-19 01:58:16] Sleeping 3s before next page...
[2026-05-19 01:58:19] Requesting page | start=32151 | count=25 | date_start=05-01-2026T00:00:00+0000 | date_end=05-31-2026T23:59:59+0000
[2026-05-19 01:58:29] Page received | start=32151 | records=25 | hibob_records=1 | sent_date_min=2026-04-20 05:13:55 UTC | sent_date_max=2026-05-15 13:07:27 UTC | last_updated_min=2026-05-15 13:06:10 UTC | last_updated_max=2026-05-15 13:11:03 UTC
[2026-05-19 01:58:30] Page processed | start=32151 | range_processed=32175 | range_created=27973 | range_updated=4202 | range_skipped_no_hibob=0 | range_errors=0
[2026-05-19 01:58:30] Sleeping 3s before next page...
[2026-05-19 01:58:33] Requesting page | start=32176 | count=25 | date_start=05-01-2026T00:00:00+0000 | date_end=05-31-2026T23:59:59+0000
[2026-05-19 01:58:37] Page received | start=32176 | records=25 | hibob_records=4 | sent_date_min=2026-04-30 17:07:49 UTC | sent_date_max=2026-05-15 11:33:20 UTC | last_updated_min=2026-05-15 13:12:01 UTC | last_updated_max=2026-05-15 13:15:23 UTC
[2026-05-19 01:58:37] Page processed | start=32176 | range_processed=32200 | range_created=27998 | range_updated=4202 | range_skipped_no_hibob=0 | range_errors=0
[2026-05-19 01:58:37] Sleeping 3s before next page...
[2026-05-19 01:58:40] Requesting page | start=32201 | count=25 | date_start=05-01-2026T00:00:00+0000 | date_end=05-31-2026T23:59:59+0000
[2026-05-19 01:58:45] Page received | start=32201 | records=25 | hibob_records=5 | sent_date_min=2026-04-07 15:28:22 UTC | sent_date_max=2026-05-15 13:05:13 UTC | last_updated_min=2026-05-15 13:15:23 UTC | last_updated_max=2026-05-15 13:17:39 UTC
[2026-05-19 01:58:45] Page processed | start=32201 | range_processed=32225 | range_created=28023 | range_updated=4202 | range_skipped_no_hibob=0 | range_errors=0
[2026-05-19 01:58:45] Sleeping 3s before next page...
[2026-05-19 01:58:48] Requesting page | start=32226 | count=25 | date_start=05-01-2026T00:00:00+0000 | date_end=05-31-2026T23:59:59+0000
[2026-05-19 01:58:52] Page received | start=32226 | records=25 | hibob_records=1 | sent_date_min=2026-05-04 11:15:41 UTC | sent_date_max=2026-05-06 17:30:38 UTC | last_updated_min=2026-05-15 13:17:39 UTC | last_updated_max=2026-05-15 13:17:49 UTC
[2026-05-19 01:58:53] Page processed | start=32226 | range_processed=32250 | range_created=28048 | range_updated=4202 | range_skipped_no_hibob=0 | range_errors=0
[2026-05-19 01:58:53] Sleeping 3s before next page...
[2026-05-19 01:58:56] Requesting page | start=32251 | count=25 | date_start=05-01-2026T00:00:00+0000 | date_end=05-31-2026T23:59:59+0000
[2026-05-19 01:59:00] Page received | start=32251 | records=25 | hibob_records=5 | sent_date_min=2026-05-05 18:37:41 UTC | sent_date_max=2026-05-15 09:36:07 UTC | last_updated_min=2026-05-15 13:17:49 UTC | last_updated_max=2026-05-15 13:20:12 UTC
[2026-05-19 01:59:00] Page processed | start=32251 | range_processed=32275 | range_created=28073 | range_updated=4202 | range_skipped_no_hibob=0 | range_errors=0
[2026-05-19 01:59:00] Sleeping 3s before next page...
[2026-05-19 01:59:03] Requesting page | start=32276 | count=25 | date_start=05-01-2026T00:00:00+0000 | date_end=05-31-2026T23:59:59+0000
[2026-05-19 01:59:08] Page received | start=32276 | records=25 | hibob_records=3 | sent_date_min=2026-04-21 15:27:33 UTC | sent_date_max=2026-05-15 13:22:32 UTC | last_updated_min=2026-05-15 13:20:21 UTC | last_updated_max=2026-05-15 13:22:32 UTC
[2026-05-19 01:59:08] Page processed | start=32276 | range_processed=32300 | range_created=28098 | range_updated=4202 | range_skipped_no_hibob=0 | range_errors=0
[2026-05-19 01:59:08] Sleeping 3s before next page...
[2026-05-19 01:59:11] Requesting page | start=32301 | count=25 | date_start=05-01-2026T00:00:00+0000 | date_end=05-31-2026T23:59:59+0000
[2026-05-19 01:59:18] Page received | start=32301 | records=25 | hibob_records=2 | sent_date_min=2026-04-24 15:45:03 UTC | sent_date_max=2026-05-15 02:52:04 UTC | last_updated_min=2026-05-15 13:22:35 UTC | last_updated_max=2026-05-15 13:26:36 UTC
[2026-05-19 01:59:18] Page processed | start=32301 | range_processed=32325 | range_created=28123 | range_updated=4202 | range_skipped_no_hibob=0 | range_errors=0
[2026-05-19 01:59:18] Sleeping 3s before next page...
[2026-05-19 01:59:21] Requesting page | start=32326 | count=25 | date_start=05-01-2026T00:00:00+0000 | date_end=05-31-2026T23:59:59+0000
[2026-05-19 01:59:26] Page received | start=32326 | records=25 | hibob_records=12 | sent_date_min=2026-02-28 14:56:49 UTC | sent_date_max=2026-05-15 13:26:59 UTC | last_updated_min=2026-05-15 13:26:46 UTC | last_updated_max=2026-05-15 13:30:04 UTC
[2026-05-19 01:59:26] Page processed | start=32326 | range_processed=32350 | range_created=28145 | range_updated=4205 | range_skipped_no_hibob=0 | range_errors=0
[2026-05-19 01:59:26] Sleeping 3s before next page...
[2026-05-19 01:59:29] Requesting page | start=32351 | count=25 | date_start=05-01-2026T00:00:00+0000 | date_end=05-31-2026T23:59:59+0000
[2026-05-19 01:59:34] Page received | start=32351 | records=25 | hibob_records=5 | sent_date_min=2026-04-09 08:39:27 UTC | sent_date_max=2026-05-15 13:38:03 UTC | last_updated_min=2026-05-15 13:30:04 UTC | last_updated_max=2026-05-15 13:38:03 UTC
[2026-05-19 01:59:34] Page processed | start=32351 | range_processed=32375 | range_created=28169 | range_updated=4206 | range_skipped_no_hibob=0 | range_errors=0
[2026-05-19 01:59:34] Sleeping 3s before next page...
[2026-05-19 01:59:37] Requesting page | start=32376 | count=25 | date_start=05-01-2026T00:00:00+0000 | date_end=05-31-2026T23:59:59+0000
[2026-05-19 01:59:48] Page received | start=32376 | records=25 | hibob_records=5 | sent_date_min=2026-03-25 14:52:27 UTC | sent_date_max=2026-05-15 13:50:50 UTC | last_updated_min=2026-05-15 13:38:37 UTC | last_updated_max=2026-05-15 13:51:09 UTC
[2026-05-19 01:59:48] Page processed | start=32376 | range_processed=32400 | range_created=28194 | range_updated=4206 | range_skipped_no_hibob=0 | range_errors=0
[2026-05-19 01:59:48] Sleeping 3s before next page...
[2026-05-19 01:59:51] Requesting page | start=32401 | count=25 | date_start=05-01-2026T00:00:00+0000 | date_end=05-31-2026T23:59:59+0000
[2026-05-19 01:59:56] Page received | start=32401 | records=25 | hibob_records=2 | sent_date_min=2026-02-28 17:04:48 UTC | sent_date_max=2026-05-15 13:56:31 UTC | last_updated_min=2026-05-15 13:51:12 UTC | last_updated_max=2026-05-15 13:56:31 UTC
[2026-05-19 01:59:56] Page processed | start=32401 | range_processed=32425 | range_created=28217 | range_updated=4208 | range_skipped_no_hibob=0 | range_errors=0
[2026-05-19 01:59:56] Sleeping 3s before next page...
[2026-05-19 01:59:59] Requesting page | start=32426 | count=25 | date_start=05-01-2026T00:00:00+0000 | date_end=05-31-2026T23:59:59+0000
[2026-05-19 02:00:04] Page received | start=32426 | records=25 | hibob_records=10 | sent_date_min=2026-01-21 18:34:11 UTC | sent_date_max=2026-05-15 08:48:33 UTC | last_updated_min=2026-05-15 13:56:33 UTC | last_updated_max=2026-05-15 14:01:14 UTC
[2026-05-19 02:00:04] Page processed | start=32426 | range_processed=32450 | range_created=28242 | range_updated=4208 | range_skipped_no_hibob=0 | range_errors=0
[2026-05-19 02:00:04] Sleeping 3s before next page...
[2026-05-19 02:00:07] Requesting page | start=32451 | count=25 | date_start=05-01-2026T00:00:00+0000 | date_end=05-31-2026T23:59:59+0000
[2026-05-19 02:00:12] Page received | start=32451 | records=25 | hibob_records=5 | sent_date_min=2026-04-15 13:06:26 UTC | sent_date_max=2026-05-15 14:02:00 UTC | last_updated_min=2026-05-15 14:02:00 UTC | last_updated_max=2026-05-15 14:03:14 UTC
[2026-05-19 02:00:12] Page processed | start=32451 | range_processed=32475 | range_created=28265 | range_updated=4210 | range_skipped_no_hibob=0 | range_errors=0
[2026-05-19 02:00:12] Sleeping 3s before next page...
[2026-05-19 02:00:15] Requesting page | start=32476 | count=25 | date_start=05-01-2026T00:00:00+0000 | date_end=05-31-2026T23:59:59+0000
[2026-05-19 02:00:20] Page received | start=32476 | records=25 | hibob_records=7 | sent_date_min=2026-02-23 15:14:23 UTC | sent_date_max=2026-05-13 16:17:58 UTC | last_updated_min=2026-05-15 14:03:14 UTC | last_updated_max=2026-05-15 14:05:54 UTC
[2026-05-19 02:00:20] Page processed | start=32476 | range_processed=32500 | range_created=28289 | range_updated=4211 | range_skipped_no_hibob=0 | range_errors=0
[2026-05-19 02:00:20] Sleeping 3s before next page...
[2026-05-19 02:00:23] Requesting page | start=32501 | count=25 | date_start=05-01-2026T00:00:00+0000 | date_end=05-31-2026T23:59:59+0000
[2026-05-19 02:00:28] Page received | start=32501 | records=25 | hibob_records=0 | sent_date_min=2026-04-15 16:07:05 UTC | sent_date_max=2026-05-06 02:07:18 UTC | last_updated_min=2026-05-15 14:05:54 UTC | last_updated_max=2026-05-15 14:06:25 UTC
[2026-05-19 02:00:28] Page processed | start=32501 | range_processed=32525 | range_created=28313 | range_updated=4212 | range_skipped_no_hibob=0 | range_errors=0
[2026-05-19 02:00:28] Sleeping 3s before next page...
[2026-05-19 02:00:31] Requesting page | start=32526 | count=25 | date_start=05-01-2026T00:00:00+0000 | date_end=05-31-2026T23:59:59+0000
[2026-05-19 02:00:36] Page received | start=32526 | records=25 | hibob_records=0 | sent_date_min=2026-04-15 12:38:07 UTC | sent_date_max=2026-05-12 06:22:10 UTC | last_updated_min=2026-05-15 14:06:26 UTC | last_updated_max=2026-05-15 14:06:56 UTC
[2026-05-19 02:00:36] Page processed | start=32526 | range_processed=32550 | range_created=28328 | range_updated=4222 | range_skipped_no_hibob=0 | range_errors=0
[2026-05-19 02:00:36] Sleeping 3s before next page...
[2026-05-19 02:00:39] Requesting page | start=32551 | count=25 | date_start=05-01-2026T00:00:00+0000 | date_end=05-31-2026T23:59:59+0000
[2026-05-19 02:00:45] Page received | start=32551 | records=25 | hibob_records=0 | sent_date_min=2026-03-17 18:07:18 UTC | sent_date_max=2026-05-15 14:07:13 UTC | last_updated_min=2026-05-15 14:06:56 UTC | last_updated_max=2026-05-15 14:07:25 UTC
[2026-05-19 02:00:45] Page processed | start=32551 | range_processed=32575 | range_created=28332 | range_updated=4243 | range_skipped_no_hibob=0 | range_errors=0
[2026-05-19 02:00:45] Sleeping 3s before next page...
[2026-05-19 02:00:48] Requesting page | start=32576 | count=25 | date_start=05-01-2026T00:00:00+0000 | date_end=05-31-2026T23:59:59+0000
[2026-05-19 02:00:53] Page received | start=32576 | records=25 | hibob_records=2 | sent_date_min=2026-03-18 07:37:23 UTC | sent_date_max=2026-05-15 14:07:41 UTC | last_updated_min=2026-05-15 14:07:26 UTC | last_updated_max=2026-05-15 14:07:59 UTC
[2026-05-19 02:00:53] Page processed | start=32576 | range_processed=32600 | range_created=28335 | range_updated=4265 | range_skipped_no_hibob=0 | range_errors=0
[2026-05-19 02:00:53] Sleeping 3s before next page...
[2026-05-19 02:00:56] Requesting page | start=32601 | count=25 | date_start=05-01-2026T00:00:00+0000 | date_end=05-31-2026T23:59:59+0000
[2026-05-19 02:01:01] Page received | start=32601 | records=25 | hibob_records=3 | sent_date_min=2026-03-19 10:22:46 UTC | sent_date_max=2026-05-15 14:08:54 UTC | last_updated_min=2026-05-15 14:08:00 UTC | last_updated_max=2026-05-15 14:09:08 UTC
[2026-05-19 02:01:01] Page processed | start=32601 | range_processed=32625 | range_created=28347 | range_updated=4278 | range_skipped_no_hibob=0 | range_errors=0
[2026-05-19 02:01:01] Sleeping 3s before next page...
[2026-05-19 02:01:04] Requesting page | start=32626 | count=25 | date_start=05-01-2026T00:00:00+0000 | date_end=05-31-2026T23:59:59+0000
[2026-05-19 02:01:09] Page received | start=32626 | records=25 | hibob_records=5 | sent_date_min=2026-03-24 08:26:52 UTC | sent_date_max=2026-05-15 12:40:38 UTC | last_updated_min=2026-05-15 14:09:09 UTC | last_updated_max=2026-05-15 14:14:13 UTC
[2026-05-19 02:01:09] Page processed | start=32626 | range_processed=32650 | range_created=28371 | range_updated=4279 | range_skipped_no_hibob=0 | range_errors=0
[2026-05-19 02:01:09] Sleeping 3s before next page...
[2026-05-19 02:01:12] Requesting page | start=32651 | count=25 | date_start=05-01-2026T00:00:00+0000 | date_end=05-31-2026T23:59:59+0000
[2026-05-19 02:01:17] Page received | start=32651 | records=25 | hibob_records=16 | sent_date_min=2026-04-17 15:22:06 UTC | sent_date_max=2026-05-15 14:22:21 UTC | last_updated_min=2026-05-15 14:14:13 UTC | last_updated_max=2026-05-15 14:22:21 UTC
[2026-05-19 02:01:17] Page processed | start=32651 | range_processed=32675 | range_created=28396 | range_updated=4279 | range_skipped_no_hibob=0 | range_errors=0
[2026-05-19 02:01:17] Sleeping 3s before next page...
[2026-05-19 02:01:20] Requesting page | start=32676 | count=25 | date_start=05-01-2026T00:00:00+0000 | date_end=05-31-2026T23:59:59+0000
[2026-05-19 02:01:24] Page received | start=32676 | records=25 | hibob_records=13 | sent_date_min=2026-04-26 12:51:01 UTC | sent_date_max=2026-05-15 14:22:28 UTC | last_updated_min=2026-05-15 14:22:28 UTC | last_updated_max=2026-05-15 14:29:27 UTC
[2026-05-19 02:01:24] Page processed | start=32676 | range_processed=32700 | range_created=28421 | range_updated=4279 | range_skipped_no_hibob=0 | range_errors=0
[2026-05-19 02:01:24] Sleeping 3s before next page...
[2026-05-19 02:01:27] Requesting page | start=32701 | count=25 | date_start=05-01-2026T00:00:00+0000 | date_end=05-31-2026T23:59:59+0000
[2026-05-19 02:01:32] Page received | start=32701 | records=25 | hibob_records=8 | sent_date_min=2025-11-30 14:52:09 UTC | sent_date_max=2026-05-15 14:33:49 UTC | last_updated_min=2026-05-15 14:29:32 UTC | last_updated_max=2026-05-15 14:36:10 UTC
[2026-05-19 02:01:32] Page processed | start=32701 | range_processed=32725 | range_created=28443 | range_updated=4282 | range_skipped_no_hibob=0 | range_errors=0
[2026-05-19 02:01:32] Sleeping 3s before next page...
[2026-05-19 02:01:35] Requesting page | start=32726 | count=25 | date_start=05-01-2026T00:00:00+0000 | date_end=05-31-2026T23:59:59+0000
[2026-05-19 02:01:40] Page received | start=32726 | records=25 | hibob_records=11 | sent_date_min=2026-04-10 13:57:54 UTC | sent_date_max=2026-05-15 14:38:14 UTC | last_updated_min=2026-05-15 14:36:32 UTC | last_updated_max=2026-05-15 14:39:36 UTC
[2026-05-19 02:01:40] Page processed | start=32726 | range_processed=32750 | range_created=28468 | range_updated=4282 | range_skipped_no_hibob=0 | range_errors=0
[2026-05-19 02:01:40] Sleeping 3s before next page...
[2026-05-19 02:01:43] Requesting page | start=32751 | count=25 | date_start=05-01-2026T00:00:00+0000 | date_end=05-31-2026T23:59:59+0000
[2026-05-19 02:01:49] Page received | start=32751 | records=25 | hibob_records=16 | sent_date_min=2026-01-18 16:00:34 UTC | sent_date_max=2026-05-15 14:36:19 UTC | last_updated_min=2026-05-15 14:39:57 UTC | last_updated_max=2026-05-15 14:45:57 UTC
[2026-05-19 02:01:49] Page processed | start=32751 | range_processed=32775 | range_created=28491 | range_updated=4284 | range_skipped_no_hibob=0 | range_errors=0
[2026-05-19 02:01:49] Sleeping 3s before next page...
[2026-05-19 02:01:52] Requesting page | start=32776 | count=25 | date_start=05-01-2026T00:00:00+0000 | date_end=05-31-2026T23:59:59+0000
[2026-05-19 02:01:56] Page received | start=32776 | records=25 | hibob_records=10 | sent_date_min=2026-03-26 12:37:15 UTC | sent_date_max=2026-05-15 14:52:35 UTC | last_updated_min=2026-05-15 14:46:40 UTC | last_updated_max=2026-05-15 14:55:30 UTC
[2026-05-19 02:01:57] Page processed | start=32776 | range_processed=32800 | range_created=28515 | range_updated=4285 | range_skipped_no_hibob=0 | range_errors=0
[2026-05-19 02:01:57] Sleeping 3s before next page...
[2026-05-19 02:02:00] Requesting page | start=32801 | count=25 | date_start=05-01-2026T00:00:00+0000 | date_end=05-31-2026T23:59:59+0000
[2026-05-19 02:02:03] Page received | start=32801 | records=25 | hibob_records=8 | sent_date_min=2026-03-16 10:40:04 UTC | sent_date_max=2026-05-15 15:00:02 UTC | last_updated_min=2026-05-15 14:55:34 UTC | last_updated_max=2026-05-15 15:01:07 UTC
[2026-05-19 02:02:04] Page processed | start=32801 | range_processed=32825 | range_created=28540 | range_updated=4285 | range_skipped_no_hibob=0 | range_errors=0
[2026-05-19 02:02:04] Sleeping 3s before next page...
[2026-05-19 02:02:07] Requesting page | start=32826 | count=25 | date_start=05-01-2026T00:00:00+0000 | date_end=05-31-2026T23:59:59+0000
[2026-05-19 02:02:12] Page received | start=32826 | records=25 | hibob_records=6 | sent_date_min=2026-04-18 04:43:14 UTC | sent_date_max=2026-05-15 15:08:33 UTC | last_updated_min=2026-05-15 15:01:17 UTC | last_updated_max=2026-05-15 15:15:10 UTC
[2026-05-19 02:02:12] Page processed | start=32826 | range_processed=32850 | range_created=28565 | range_updated=4285 | range_skipped_no_hibob=0 | range_errors=0
[2026-05-19 02:02:12] Sleeping 3s before next page...
[2026-05-19 02:02:15] Requesting page | start=32851 | count=25 | date_start=05-01-2026T00:00:00+0000 | date_end=05-31-2026T23:59:59+0000
[2026-05-19 02:02:19] Page received | start=32851 | records=25 | hibob_records=3 | sent_date_min=2025-03-31 21:00:50 UTC | sent_date_max=2026-05-15 15:23:06 UTC | last_updated_min=2026-05-15 15:15:34 UTC | last_updated_max=2026-05-15 15:23:06 UTC
[2026-05-19 02:02:19] Page processed | start=32851 | range_processed=32875 | range_created=28590 | range_updated=4285 | range_skipped_no_hibob=0 | range_errors=0
[2026-05-19 02:02:19] Sleeping 3s before next page...
[2026-05-19 02:02:22] Requesting page | start=32876 | count=25 | date_start=05-01-2026T00:00:00+0000 | date_end=05-31-2026T23:59:59+0000
[2026-05-19 02:02:30] Page received | start=32876 | records=25 | hibob_records=2 | sent_date_min=2026-04-16 12:08:14 UTC | sent_date_max=2026-05-15 15:37:45 UTC | last_updated_min=2026-05-15 15:23:18 UTC | last_updated_max=2026-05-15 15:37:46 UTC
[2026-05-19 02:02:30] Page processed | start=32876 | range_processed=32900 | range_created=28615 | range_updated=4285 | range_skipped_no_hibob=0 | range_errors=0
[2026-05-19 02:02:30] Sleeping 3s before next page...
[2026-05-19 02:02:33] Requesting page | start=32901 | count=25 | date_start=05-01-2026T00:00:00+0000 | date_end=05-31-2026T23:59:59+0000
[2026-05-19 02:02:38] Page received | start=32901 | records=25 | hibob_records=5 | sent_date_min=2026-05-04 02:25:48 UTC | sent_date_max=2026-05-15 15:48:00 UTC | last_updated_min=2026-05-15 15:38:37 UTC | last_updated_max=2026-05-15 15:48:54 UTC
[2026-05-19 02:02:38] Page processed | start=32901 | range_processed=32925 | range_created=28640 | range_updated=4285 | range_skipped_no_hibob=0 | range_errors=0
[2026-05-19 02:02:38] Sleeping 3s before next page...
[2026-05-19 02:02:41] Requesting page | start=32926 | count=25 | date_start=05-01-2026T00:00:00+0000 | date_end=05-31-2026T23:59:59+0000
[2026-05-19 02:02:46] Page received | start=32926 | records=25 | hibob_records=1 | sent_date_min=2026-04-21 01:07:57 UTC | sent_date_max=2026-05-11 08:06:57 UTC | last_updated_min=2026-05-15 15:48:54 UTC | last_updated_max=2026-05-15 15:49:53 UTC
[2026-05-19 02:02:47] Page processed | start=32926 | range_processed=32950 | range_created=28665 | range_updated=4285 | range_skipped_no_hibob=0 | range_errors=0
[2026-05-19 02:02:47] Sleeping 3s before next page...
[2026-05-19 02:02:50] Requesting page | start=32951 | count=25 | date_start=05-01-2026T00:00:00+0000 | date_end=05-31-2026T23:59:59+0000
[2026-05-19 02:02:55] Page received | start=32951 | records=25 | hibob_records=2 | sent_date_min=2026-04-27 22:23:04 UTC | sent_date_max=2026-05-15 15:55:51 UTC | last_updated_min=2026-05-15 15:49:54 UTC | last_updated_max=2026-05-15 15:55:51 UTC
[2026-05-19 02:02:55] Page processed | start=32951 | range_processed=32975 | range_created=28690 | range_updated=4285 | range_skipped_no_hibob=0 | range_errors=0
[2026-05-19 02:02:55] Sleeping 3s before next page...
[2026-05-19 02:02:58] Requesting page | start=32976 | count=25 | date_start=05-01-2026T00:00:00+0000 | date_end=05-31-2026T23:59:59+0000
[2026-05-19 02:03:04] Page received | start=32976 | records=25 | hibob_records=9 | sent_date_min=2026-03-27 20:38:10 UTC | sent_date_max=2026-05-15 16:08:12 UTC | last_updated_min=2026-05-15 15:56:41 UTC | last_updated_max=2026-05-15 16:20:37 UTC
[2026-05-19 02:03:04] Page processed | start=32976 | range_processed=33000 | range_created=28715 | range_updated=4285 | range_skipped_no_hibob=0 | range_errors=0
[2026-05-19 02:03:04] Sleeping 3s before next page...
[2026-05-19 02:03:07] Requesting page | start=33001 | count=25 | date_start=05-01-2026T00:00:00+0000 | date_end=05-31-2026T23:59:59+0000
[2026-05-19 02:03:12] Page received | start=33001 | records=25 | hibob_records=8 | sent_date_min=2026-04-27 13:34:05 UTC | sent_date_max=2026-05-15 16:25:11 UTC | last_updated_min=2026-05-15 16:21:01 UTC | last_updated_max=2026-05-15 16:30:50 UTC
[2026-05-19 02:03:12] Page processed | start=33001 | range_processed=33025 | range_created=28740 | range_updated=4285 | range_skipped_no_hibob=0 | range_errors=0
[2026-05-19 02:03:12] Sleeping 3s before next page...
[2026-05-19 02:03:15] Requesting page | start=33026 | count=25 | date_start=05-01-2026T00:00:00+0000 | date_end=05-31-2026T23:59:59+0000
[2026-05-19 02:03:20] Page received | start=33026 | records=25 | hibob_records=6 | sent_date_min=2026-04-28 05:52:36 UTC | sent_date_max=2026-05-15 16:52:49 UTC | last_updated_min=2026-05-15 16:35:46 UTC | last_updated_max=2026-05-15 16:54:17 UTC
[2026-05-19 02:03:20] Page processed | start=33026 | range_processed=33050 | range_created=28765 | range_updated=4285 | range_skipped_no_hibob=0 | range_errors=0
[2026-05-19 02:03:20] Sleeping 3s before next page...
[2026-05-19 02:03:23] Requesting page | start=33051 | count=25 | date_start=05-01-2026T00:00:00+0000 | date_end=05-31-2026T23:59:59+0000
[2026-05-19 02:03:27] Page received | start=33051 | records=25 | hibob_records=2 | sent_date_min=2026-03-22 17:40:40 UTC | sent_date_max=2026-05-15 16:54:21 UTC | last_updated_min=2026-05-15 16:54:21 UTC | last_updated_max=2026-05-15 17:04:07 UTC
[2026-05-19 02:03:27] Page processed | start=33051 | range_processed=33075 | range_created=28789 | range_updated=4286 | range_skipped_no_hibob=0 | range_errors=0
[2026-05-19 02:03:27] Sleeping 3s before next page...
[2026-05-19 02:03:30] Requesting page | start=33076 | count=25 | date_start=05-01-2026T00:00:00+0000 | date_end=05-31-2026T23:59:59+0000
[2026-05-19 02:03:35] Page received | start=33076 | records=25 | hibob_records=4 | sent_date_min=2026-04-27 15:48:13 UTC | sent_date_max=2026-05-15 17:27:58 UTC | last_updated_min=2026-05-15 17:04:27 UTC | last_updated_max=2026-05-15 17:30:05 UTC
[2026-05-19 02:03:35] Page processed | start=33076 | range_processed=33100 | range_created=28814 | range_updated=4286 | range_skipped_no_hibob=0 | range_errors=0
[2026-05-19 02:03:35] Sleeping 3s before next page...
[2026-05-19 02:03:38] Requesting page | start=33101 | count=25 | date_start=05-01-2026T00:00:00+0000 | date_end=05-31-2026T23:59:59+0000
[2026-05-19 02:03:43] Page received | start=33101 | records=25 | hibob_records=2 | sent_date_min=2026-02-23 00:07:25 UTC | sent_date_max=2026-05-15 17:52:34 UTC | last_updated_min=2026-05-15 17:30:05 UTC | last_updated_max=2026-05-15 17:52:34 UTC
[2026-05-19 02:03:44] Page processed | start=33101 | range_processed=33125 | range_created=28839 | range_updated=4286 | range_skipped_no_hibob=0 | range_errors=0
[2026-05-19 02:03:44] Sleeping 3s before next page...
[2026-05-19 02:03:47] Requesting page | start=33126 | count=25 | date_start=05-01-2026T00:00:00+0000 | date_end=05-31-2026T23:59:59+0000
[2026-05-19 02:03:55] Page received | start=33126 | records=25 | hibob_records=5 | sent_date_min=2026-04-06 17:07:25 UTC | sent_date_max=2026-05-15 18:22:20 UTC | last_updated_min=2026-05-15 17:52:39 UTC | last_updated_max=2026-05-15 18:22:20 UTC
[2026-05-19 02:03:55] Page processed | start=33126 | range_processed=33150 | range_created=28864 | range_updated=4286 | range_skipped_no_hibob=0 | range_errors=0
[2026-05-19 02:03:55] Sleeping 3s before next page...
[2026-05-19 02:03:58] Requesting page | start=33151 | count=25 | date_start=05-01-2026T00:00:00+0000 | date_end=05-31-2026T23:59:59+0000
[2026-05-19 02:04:04] Page received | start=33151 | records=25 | hibob_records=6 | sent_date_min=2026-04-23 13:22:22 UTC | sent_date_max=2026-05-15 18:52:52 UTC | last_updated_min=2026-05-15 18:22:26 UTC | last_updated_max=2026-05-15 18:52:52 UTC
[2026-05-19 02:04:04] Page processed | start=33151 | range_processed=33175 | range_created=28889 | range_updated=4286 | range_skipped_no_hibob=0 | range_errors=0
[2026-05-19 02:04:04] Sleeping 3s before next page...
[2026-05-19 02:04:07] Requesting page | start=33176 | count=25 | date_start=05-01-2026T00:00:00+0000 | date_end=05-31-2026T23:59:59+0000
[2026-05-19 02:04:11] Page received | start=33176 | records=25 | hibob_records=7 | sent_date_min=2026-01-12 19:52:53 UTC | sent_date_max=2026-05-15 19:09:52 UTC | last_updated_min=2026-05-15 18:53:01 UTC | last_updated_max=2026-05-15 19:12:57 UTC
[2026-05-19 02:04:12] Page processed | start=33176 | range_processed=33200 | range_created=28914 | range_updated=4286 | range_skipped_no_hibob=0 | range_errors=0
[2026-05-19 02:04:12] Sleeping 3s before next page...
[2026-05-19 02:04:15] Requesting page | start=33201 | count=25 | date_start=05-01-2026T00:00:00+0000 | date_end=05-31-2026T23:59:59+0000
[2026-05-19 02:04:19] Page received | start=33201 | records=25 | hibob_records=10 | sent_date_min=2026-04-08 21:31:05 UTC | sent_date_max=2026-05-15 19:26:18 UTC | last_updated_min=2026-05-15 19:13:22 UTC | last_updated_max=2026-05-15 19:30:12 UTC
[2026-05-19 02:04:19] Page processed | start=33201 | range_processed=33225 | range_created=28939 | range_updated=4286 | range_skipped_no_hibob=0 | range_errors=0
[2026-05-19 02:04:19] Sleeping 3s before next page...
[2026-05-19 02:04:22] Requesting page | start=33226 | count=25 | date_start=05-01-2026T00:00:00+0000 | date_end=05-31-2026T23:59:59+0000
[2026-05-19 02:04:29] Page received | start=33226 | records=25 | hibob_records=13 | sent_date_min=2026-03-25 13:54:45 UTC | sent_date_max=2026-05-15 19:37:25 UTC | last_updated_min=2026-05-15 19:30:12 UTC | last_updated_max=2026-05-15 19:37:25 UTC
[2026-05-19 02:04:29] Page processed | start=33226 | range_processed=33250 | range_created=28964 | range_updated=4286 | range_skipped_no_hibob=0 | range_errors=0
[2026-05-19 02:04:29] Sleeping 3s before next page...
[2026-05-19 02:04:32] Requesting page | start=33251 | count=25 | date_start=05-01-2026T00:00:00+0000 | date_end=05-31-2026T23:59:59+0000
[2026-05-19 02:04:38] Page received | start=33251 | records=25 | hibob_records=9 | sent_date_min=2026-03-25 11:52:12 UTC | sent_date_max=2026-05-15 19:52:25 UTC | last_updated_min=2026-05-15 19:37:32 UTC | last_updated_max=2026-05-15 20:00:10 UTC
[2026-05-19 02:04:38] Page processed | start=33251 | range_processed=33275 | range_created=28989 | range_updated=4286 | range_skipped_no_hibob=0 | range_errors=0
[2026-05-19 02:04:38] Sleeping 3s before next page...
[2026-05-19 02:04:41] Requesting page | start=33276 | count=25 | date_start=05-01-2026T00:00:00+0000 | date_end=05-31-2026T23:59:59+0000
[2026-05-19 02:04:45] Page received | start=33276 | records=25 | hibob_records=14 | sent_date_min=2026-04-15 21:54:31 UTC | sent_date_max=2026-05-12 23:08:04 UTC | last_updated_min=2026-05-15 20:00:10 UTC | last_updated_max=2026-05-15 20:00:12 UTC
[2026-05-19 02:04:45] Page processed | start=33276 | range_processed=33300 | range_created=29013 | range_updated=4287 | range_skipped_no_hibob=0 | range_errors=0
[2026-05-19 02:04:45] Sleeping 3s before next page...
[2026-05-19 02:04:48] Requesting page | start=33301 | count=25 | date_start=05-01-2026T00:00:00+0000 | date_end=05-31-2026T23:59:59+0000
[2026-05-19 02:04:55] Page received | start=33301 | records=25 | hibob_records=5 | sent_date_min=2025-05-23 13:27:53 UTC | sent_date_max=2026-05-15 20:22:04 UTC | last_updated_min=2026-05-15 20:00:12 UTC | last_updated_max=2026-05-15 20:35:51 UTC
[2026-05-19 02:04:55] Page processed | start=33301 | range_processed=33325 | range_created=29036 | range_updated=4289 | range_skipped_no_hibob=0 | range_errors=0
[2026-05-19 02:04:55] Sleeping 3s before next page...
[2026-05-19 02:04:58] Requesting page | start=33326 | count=25 | date_start=05-01-2026T00:00:00+0000 | date_end=05-31-2026T23:59:59+0000
[2026-05-19 02:05:03] Page received | start=33326 | records=25 | hibob_records=1 | sent_date_min=2026-03-20 12:13:21 UTC | sent_date_max=2026-05-15 20:35:54 UTC | last_updated_min=2026-05-15 20:35:52 UTC | last_updated_max=2026-05-15 20:36:01 UTC
[2026-05-19 02:05:03] Page processed | start=33326 | range_processed=33350 | range_created=29059 | range_updated=4291 | range_skipped_no_hibob=0 | range_errors=0
[2026-05-19 02:05:03] Sleeping 3s before next page...
[2026-05-19 02:05:07] Requesting page | start=33351 | count=25 | date_start=05-01-2026T00:00:00+0000 | date_end=05-31-2026T23:59:59+0000
[2026-05-19 02:05:11] Page received | start=33351 | records=25 | hibob_records=4 | sent_date_min=2026-02-28 20:52:04 UTC | sent_date_max=2026-05-15 22:09:18 UTC | last_updated_min=2026-05-15 20:36:01 UTC | last_updated_max=2026-05-15 22:09:18 UTC
[2026-05-19 02:05:11] Page processed | start=33351 | range_processed=33375 | range_created=29084 | range_updated=4291 | range_skipped_no_hibob=0 | range_errors=0
[2026-05-19 02:05:11] Sleeping 3s before next page...
[2026-05-19 02:05:14] Requesting page | start=33376 | count=25 | date_start=05-01-2026T00:00:00+0000 | date_end=05-31-2026T23:59:59+0000
[2026-05-19 02:05:18] Page received | start=33376 | records=25 | hibob_records=11 | sent_date_min=2026-05-15 22:14:25 UTC | sent_date_max=2026-05-15 23:22:29 UTC | last_updated_min=2026-05-15 22:14:25 UTC | last_updated_max=2026-05-15 23:22:29 UTC
[2026-05-19 02:05:18] Page processed | start=33376 | range_processed=33400 | range_created=29109 | range_updated=4291 | range_skipped_no_hibob=0 | range_errors=0
[2026-05-19 02:05:18] Sleeping 3s before next page...
[2026-05-19 02:05:21] Requesting page | start=33401 | count=25 | date_start=05-01-2026T00:00:00+0000 | date_end=05-31-2026T23:59:59+0000
[2026-05-19 02:05:26] Page received | start=33401 | records=25 | hibob_records=5 | sent_date_min=2026-04-16 20:50:56 UTC | sent_date_max=2026-05-15 23:55:59 UTC | last_updated_min=2026-05-15 23:22:35 UTC | last_updated_max=2026-05-15 23:58:06 UTC
[2026-05-19 02:05:27] Page processed | start=33401 | range_processed=33425 | range_created=29134 | range_updated=4291 | range_skipped_no_hibob=0 | range_errors=0
[2026-05-19 02:05:27] Sleeping 3s before next page...
[2026-05-19 02:05:30] Requesting page | start=33426 | count=25 | date_start=05-01-2026T00:00:00+0000 | date_end=05-31-2026T23:59:59+0000
[2026-05-19 02:05:34] Page received | start=33426 | records=25 | hibob_records=1 | sent_date_min=2026-04-16 19:09:07 UTC | sent_date_max=2026-05-16 00:14:29 UTC | last_updated_min=2026-05-15 23:58:22 UTC | last_updated_max=2026-05-16 00:17:16 UTC
[2026-05-19 02:05:34] Page processed | start=33426 | range_processed=33450 | range_created=29159 | range_updated=4291 | range_skipped_no_hibob=0 | range_errors=0
[2026-05-19 02:05:34] Sleeping 3s before next page...
[2026-05-19 02:05:37] Requesting page | start=33451 | count=25 | date_start=05-01-2026T00:00:00+0000 | date_end=05-31-2026T23:59:59+0000
[2026-05-19 02:05:41] Page received | start=33451 | records=25 | hibob_records=1 | sent_date_min=2026-04-23 14:37:28 UTC | sent_date_max=2026-05-16 00:41:34 UTC | last_updated_min=2026-05-16 00:17:38 UTC | last_updated_max=2026-05-16 00:44:58 UTC
[2026-05-19 02:05:42] Page processed | start=33451 | range_processed=33475 | range_created=29184 | range_updated=4291 | range_skipped_no_hibob=0 | range_errors=0
[2026-05-19 02:05:42] Sleeping 3s before next page...
[2026-05-19 02:05:45] Requesting page | start=33476 | count=25 | date_start=05-01-2026T00:00:00+0000 | date_end=05-31-2026T23:59:59+0000
[2026-05-19 02:05:50] Page received | start=33476 | records=25 | hibob_records=5 | sent_date_min=2026-05-01 00:36:15 UTC | sent_date_max=2026-05-16 03:07:18 UTC | last_updated_min=2026-05-16 00:46:05 UTC | last_updated_max=2026-05-16 03:07:18 UTC
[2026-05-19 02:05:50] Page processed | start=33476 | range_processed=33500 | range_created=29209 | range_updated=4291 | range_skipped_no_hibob=0 | range_errors=0
[2026-05-19 02:05:50] Sleeping 3s before next page...
[2026-05-19 02:05:53] Requesting page | start=33501 | count=25 | date_start=05-01-2026T00:00:00+0000 | date_end=05-31-2026T23:59:59+0000
[2026-05-19 02:05:58] Page received | start=33501 | records=25 | hibob_records=4 | sent_date_min=2026-04-30 06:07:16 UTC | sent_date_max=2026-05-16 04:42:53 UTC | last_updated_min=2026-05-16 03:24:16 UTC | last_updated_max=2026-05-16 04:42:53 UTC
[2026-05-19 02:05:58] Page processed | start=33501 | range_processed=33525 | range_created=29234 | range_updated=4291 | range_skipped_no_hibob=0 | range_errors=0
[2026-05-19 02:05:58] Sleeping 3s before next page...
[2026-05-19 02:06:01] Requesting page | start=33526 | count=25 | date_start=05-01-2026T00:00:00+0000 | date_end=05-31-2026T23:59:59+0000
[2026-05-19 02:06:06] Page received | start=33526 | records=25 | hibob_records=8 | sent_date_min=2026-03-16 22:37:05 UTC | sent_date_max=2026-05-16 06:19:07 UTC | last_updated_min=2026-05-16 04:45:32 UTC | last_updated_max=2026-05-16 06:19:07 UTC
[2026-05-19 02:06:06] Page processed | start=33526 | range_processed=33550 | range_created=29259 | range_updated=4291 | range_skipped_no_hibob=0 | range_errors=0
[2026-05-19 02:06:06] Sleeping 3s before next page...
[2026-05-19 02:06:09] Requesting page | start=33551 | count=25 | date_start=05-01-2026T00:00:00+0000 | date_end=05-31-2026T23:59:59+0000
[2026-05-19 02:06:14] Page received | start=33551 | records=25 | hibob_records=6 | sent_date_min=2025-10-20 19:30:58 UTC | sent_date_max=2026-05-16 07:46:53 UTC | last_updated_min=2026-05-16 06:21:10 UTC | last_updated_max=2026-05-16 07:46:53 UTC
[2026-05-19 02:06:14] Page processed | start=33551 | range_processed=33575 | range_created=29283 | range_updated=4292 | range_skipped_no_hibob=0 | range_errors=0
[2026-05-19 02:06:14] Sleeping 3s before next page...
[2026-05-19 02:06:17] Requesting page | start=33576 | count=25 | date_start=05-01-2026T00:00:00+0000 | date_end=05-31-2026T23:59:59+0000
[2026-05-19 02:06:21] Page received | start=33576 | records=25 | hibob_records=2 | sent_date_min=2026-05-13 04:14:48 UTC | sent_date_max=2026-05-16 08:25:25 UTC | last_updated_min=2026-05-16 07:50:06 UTC | last_updated_max=2026-05-16 08:25:25 UTC
[2026-05-19 02:06:22] Page processed | start=33576 | range_processed=33600 | range_created=29308 | range_updated=4292 | range_skipped_no_hibob=0 | range_errors=0
[2026-05-19 02:06:22] Sleeping 3s before next page...
[2026-05-19 02:06:25] Requesting page | start=33601 | count=25 | date_start=05-01-2026T00:00:00+0000 | date_end=05-31-2026T23:59:59+0000
[2026-05-19 02:06:29] Page received | start=33601 | records=25 | hibob_records=2 | sent_date_min=2026-04-22 16:53:00 UTC | sent_date_max=2026-05-16 09:52:07 UTC | last_updated_min=2026-05-16 08:37:04 UTC | last_updated_max=2026-05-16 10:03:05 UTC
[2026-05-19 02:06:29] Page processed | start=33601 | range_processed=33625 | range_created=29333 | range_updated=4292 | range_skipped_no_hibob=0 | range_errors=0
[2026-05-19 02:06:29] Sleeping 3s before next page...
[2026-05-19 02:06:32] Requesting page | start=33626 | count=25 | date_start=05-01-2026T00:00:00+0000 | date_end=05-31-2026T23:59:59+0000
[2026-05-19 02:06:37] Page received | start=33626 | records=25 | hibob_records=6 | sent_date_min=2026-04-29 09:52:10 UTC | sent_date_max=2026-05-16 10:37:13 UTC | last_updated_min=2026-05-16 10:03:05 UTC | last_updated_max=2026-05-16 10:37:13 UTC
[2026-05-19 02:06:37] Page processed | start=33626 | range_processed=33650 | range_created=29358 | range_updated=4292 | range_skipped_no_hibob=0 | range_errors=0
[2026-05-19 02:06:37] Sleeping 3s before next page...
[2026-05-19 02:06:40] Requesting page | start=33651 | count=25 | date_start=05-01-2026T00:00:00+0000 | date_end=05-31-2026T23:59:59+0000
[2026-05-19 02:06:45] Page received | start=33651 | records=25 | hibob_records=5 | sent_date_min=2026-05-06 10:52:16 UTC | sent_date_max=2026-05-16 11:37:47 UTC | last_updated_min=2026-05-16 10:37:20 UTC | last_updated_max=2026-05-16 11:37:47 UTC
[2026-05-19 02:06:45] Page processed | start=33651 | range_processed=33675 | range_created=29383 | range_updated=4292 | range_skipped_no_hibob=0 | range_errors=0
[2026-05-19 02:06:45] Sleeping 3s before next page...
[2026-05-19 02:06:48] Requesting page | start=33676 | count=25 | date_start=05-01-2026T00:00:00+0000 | date_end=05-31-2026T23:59:59+0000
[2026-05-19 02:06:53] Page received | start=33676 | records=25 | hibob_records=4 | sent_date_min=2026-05-08 15:07:28 UTC | sent_date_max=2026-05-16 12:28:26 UTC | last_updated_min=2026-05-16 11:38:58 UTC | last_updated_max=2026-05-16 12:28:26 UTC
[2026-05-19 02:06:53] Page processed | start=33676 | range_processed=33700 | range_created=29408 | range_updated=4292 | range_skipped_no_hibob=0 | range_errors=0
[2026-05-19 02:06:53] Sleeping 3s before next page...
[2026-05-19 02:06:56] Requesting page | start=33701 | count=25 | date_start=05-01-2026T00:00:00+0000 | date_end=05-31-2026T23:59:59+0000
[2026-05-19 02:07:03] Page received | start=33701 | records=25 | hibob_records=4 | sent_date_min=2026-02-18 18:07:37 UTC | sent_date_max=2026-05-16 13:18:19 UTC | last_updated_min=2026-05-16 12:30:05 UTC | last_updated_max=2026-05-16 13:18:19 UTC
[2026-05-19 02:07:03] Page processed | start=33701 | range_processed=33725 | range_created=29432 | range_updated=4293 | range_skipped_no_hibob=0 | range_errors=0
[2026-05-19 02:07:03] Sleeping 3s before next page...
[2026-05-19 02:07:06] Requesting page | start=33726 | count=25 | date_start=05-01-2026T00:00:00+0000 | date_end=05-31-2026T23:59:59+0000
[2026-05-19 02:07:11] Page received | start=33726 | records=25 | hibob_records=6 | sent_date_min=2026-05-16 13:22:04 UTC | sent_date_max=2026-05-16 14:16:09 UTC | last_updated_min=2026-05-16 13:22:04 UTC | last_updated_max=2026-05-16 14:16:09 UTC
[2026-05-19 02:07:12] Page processed | start=33726 | range_processed=33750 | range_created=29457 | range_updated=4293 | range_skipped_no_hibob=0 | range_errors=0
[2026-05-19 02:07:12] Sleeping 3s before next page...
[2026-05-19 02:07:15] Requesting page | start=33751 | count=25 | date_start=05-01-2026T00:00:00+0000 | date_end=05-31-2026T23:59:59+0000
[2026-05-19 02:07:20] Page received | start=33751 | records=25 | hibob_records=1 | sent_date_min=2025-10-28 23:26:55 UTC | sent_date_max=2026-05-16 15:22:12 UTC | last_updated_min=2026-05-16 14:22:03 UTC | last_updated_max=2026-05-16 15:22:12 UTC
[2026-05-19 02:07:20] Page processed | start=33751 | range_processed=33775 | range_created=29482 | range_updated=4293 | range_skipped_no_hibob=0 | range_errors=0
[2026-05-19 02:07:20] Sleeping 3s before next page...
[2026-05-19 02:07:23] Requesting page | start=33776 | count=25 | date_start=05-01-2026T00:00:00+0000 | date_end=05-31-2026T23:59:59+0000
[2026-05-19 02:07:28] Page received | start=33776 | records=25 | hibob_records=2 | sent_date_min=2025-02-10 11:37:51 UTC | sent_date_max=2026-05-16 15:52:54 UTC | last_updated_min=2026-05-16 15:23:10 UTC | last_updated_max=2026-05-16 16:00:40 UTC
[2026-05-19 02:07:28] Page processed | start=33776 | range_processed=33800 | range_created=29504 | range_updated=4296 | range_skipped_no_hibob=0 | range_errors=0
[2026-05-19 02:07:28] Sleeping 3s before next page...
[2026-05-19 02:07:31] Requesting page | start=33801 | count=25 | date_start=05-01-2026T00:00:00+0000 | date_end=05-31-2026T23:59:59+0000
[2026-05-19 02:07:36] Page received | start=33801 | records=25 | hibob_records=2 | sent_date_min=2026-05-11 01:37:03 UTC | sent_date_max=2026-05-16 16:52:39 UTC | last_updated_min=2026-05-16 16:01:02 UTC | last_updated_max=2026-05-16 16:52:39 UTC
[2026-05-19 02:07:36] Page processed | start=33801 | range_processed=33825 | range_created=29529 | range_updated=4296 | range_skipped_no_hibob=0 | range_errors=0
[2026-05-19 02:07:36] Sleeping 3s before next page...
[2026-05-19 02:07:39] Requesting page | start=33826 | count=25 | date_start=05-01-2026T00:00:00+0000 | date_end=05-31-2026T23:59:59+0000
[2026-05-19 02:07:44] Page received | start=33826 | records=25 | hibob_records=5 | sent_date_min=2026-03-19 04:22:10 UTC | sent_date_max=2026-05-16 17:58:49 UTC | last_updated_min=2026-05-16 16:59:16 UTC | last_updated_max=2026-05-16 18:00:09 UTC
[2026-05-19 02:07:44] Page processed | start=33826 | range_processed=33850 | range_created=29554 | range_updated=4296 | range_skipped_no_hibob=0 | range_errors=0
[2026-05-19 02:07:44] Sleeping 3s before next page...
[2026-05-19 02:07:47] Requesting page | start=33851 | count=25 | date_start=05-01-2026T00:00:00+0000 | date_end=05-31-2026T23:59:59+0000
[2026-05-19 02:07:52] Page received | start=33851 | records=25 | hibob_records=8 | sent_date_min=2026-05-03 13:42:23 UTC | sent_date_max=2026-05-16 19:19:39 UTC | last_updated_min=2026-05-16 18:06:49 UTC | last_updated_max=2026-05-16 19:21:18 UTC
[2026-05-19 02:07:52] Page processed | start=33851 | range_processed=33875 | range_created=29579 | range_updated=4296 | range_skipped_no_hibob=0 | range_errors=0
[2026-05-19 02:07:52] Sleeping 3s before next page...
[2026-05-19 02:07:55] Requesting page | start=33876 | count=25 | date_start=05-01-2026T00:00:00+0000 | date_end=05-31-2026T23:59:59+0000
[2026-05-19 02:08:00] Page received | start=33876 | records=25 | hibob_records=4 | sent_date_min=2026-04-28 21:30:27 UTC | sent_date_max=2026-05-16 19:58:44 UTC | last_updated_min=2026-05-16 19:22:13 UTC | last_updated_max=2026-05-16 20:00:11 UTC
[2026-05-19 02:08:00] Page processed | start=33876 | range_processed=33900 | range_created=29604 | range_updated=4296 | range_skipped_no_hibob=0 | range_errors=0
[2026-05-19 02:08:00] Sleeping 3s before next page...
[2026-05-19 02:08:03] Requesting page | start=33901 | count=25 | date_start=05-01-2026T00:00:00+0000 | date_end=05-31-2026T23:59:59+0000
[2026-05-19 02:08:07] Page received | start=33901 | records=25 | hibob_records=14 | sent_date_min=2026-05-05 15:08:09 UTC | sent_date_max=2026-05-16 21:05:13 UTC | last_updated_min=2026-05-16 20:00:12 UTC | last_updated_max=2026-05-16 21:05:13 UTC
[2026-05-19 02:08:07] Page processed | start=33901 | range_processed=33925 | range_created=29629 | range_updated=4296 | range_skipped_no_hibob=0 | range_errors=0
[2026-05-19 02:08:07] Sleeping 3s before next page...
[2026-05-19 02:08:10] Requesting page | start=33926 | count=25 | date_start=05-01-2026T00:00:00+0000 | date_end=05-31-2026T23:59:59+0000
[2026-05-19 02:08:14] Page received | start=33926 | records=25 | hibob_records=11 | sent_date_min=2026-04-06 08:04:10 UTC | sent_date_max=2026-05-16 21:48:26 UTC | last_updated_min=2026-05-16 21:07:03 UTC | last_updated_max=2026-05-16 21:49:16 UTC
[2026-05-19 02:08:14] Page processed | start=33926 | range_processed=33950 | range_created=29653 | range_updated=4297 | range_skipped_no_hibob=0 | range_errors=0
[2026-05-19 02:08:14] Sleeping 3s before next page...
[2026-05-19 02:08:17] Requesting page | start=33951 | count=25 | date_start=05-01-2026T00:00:00+0000 | date_end=05-31-2026T23:59:59+0000
[2026-05-19 02:08:23] Page received | start=33951 | records=25 | hibob_records=3 | sent_date_min=2026-05-08 13:10:39 UTC | sent_date_max=2026-05-16 22:07:03 UTC | last_updated_min=2026-05-16 21:50:11 UTC | last_updated_max=2026-05-16 22:17:16 UTC
[2026-05-19 02:08:24] Page processed | start=33951 | range_processed=33975 | range_created=29678 | range_updated=4297 | range_skipped_no_hibob=0 | range_errors=0
[2026-05-19 02:08:24] Sleeping 3s before next page...
[2026-05-19 02:08:27] Requesting page | start=33976 | count=25 | date_start=05-01-2026T00:00:00+0000 | date_end=05-31-2026T23:59:59+0000
[2026-05-19 02:08:31] Page received | start=33976 | records=25 | hibob_records=8 | sent_date_min=2026-05-04 22:37:07 UTC | sent_date_max=2026-05-16 22:49:57 UTC | last_updated_min=2026-05-16 22:17:48 UTC | last_updated_max=2026-05-16 22:49:57 UTC
[2026-05-19 02:08:32] Page processed | start=33976 | range_processed=34000 | range_created=29703 | range_updated=4297 | range_skipped_no_hibob=0 | range_errors=0
[2026-05-19 02:08:32] Sleeping 3s before next page...
[2026-05-19 02:08:35] Requesting page | start=34001 | count=25 | date_start=05-01-2026T00:00:00+0000 | date_end=05-31-2026T23:59:59+0000
[2026-05-19 02:08:39] Page received | start=34001 | records=25 | hibob_records=3 | sent_date_min=2026-05-16 22:52:04 UTC | sent_date_max=2026-05-17 00:37:09 UTC | last_updated_min=2026-05-16 22:52:04 UTC | last_updated_max=2026-05-17 00:37:09 UTC
[2026-05-19 02:08:40] Page processed | start=34001 | range_processed=34025 | range_created=29728 | range_updated=4297 | range_skipped_no_hibob=0 | range_errors=0
[2026-05-19 02:08:40] Sleeping 3s before next page...
[2026-05-19 02:08:43] Requesting page | start=34026 | count=25 | date_start=05-01-2026T00:00:00+0000 | date_end=05-31-2026T23:59:59+0000
[2026-05-19 02:08:47] Page received | start=34026 | records=25 | hibob_records=9 | sent_date_min=2026-05-04 19:07:49 UTC | sent_date_max=2026-05-17 02:37:26 UTC | last_updated_min=2026-05-17 00:38:58 UTC | last_updated_max=2026-05-17 02:37:37 UTC
[2026-05-19 02:08:47] Page processed | start=34026 | range_processed=34050 | range_created=29753 | range_updated=4297 | range_skipped_no_hibob=0 | range_errors=0
[2026-05-19 02:08:47] Sleeping 3s before next page...
[2026-05-19 02:08:50] Requesting page | start=34051 | count=25 | date_start=05-01-2026T00:00:00+0000 | date_end=05-31-2026T23:59:59+0000
[2026-05-19 02:08:54] Page received | start=34051 | records=25 | hibob_records=3 | sent_date_min=2025-10-16 20:52:56 UTC | sent_date_max=2026-05-17 04:07:03 UTC | last_updated_min=2026-05-17 02:45:53 UTC | last_updated_max=2026-05-17 04:07:03 UTC
[2026-05-19 02:08:54] Page processed | start=34051 | range_processed=34075 | range_created=29778 | range_updated=4297 | range_skipped_no_hibob=0 | range_errors=0
[2026-05-19 02:08:54] Sleeping 3s before next page...
[2026-05-19 02:08:57] Requesting page | start=34076 | count=25 | date_start=05-01-2026T00:00:00+0000 | date_end=05-31-2026T23:59:59+0000
[2026-05-19 02:09:02] Page received | start=34076 | records=25 | hibob_records=2 | sent_date_min=2026-04-26 23:22:10 UTC | sent_date_max=2026-05-17 06:07:08 UTC | last_updated_min=2026-05-17 04:07:14 UTC | last_updated_max=2026-05-17 06:07:08 UTC
[2026-05-19 02:09:02] Page processed | start=34076 | range_processed=34100 | range_created=29803 | range_updated=4297 | range_skipped_no_hibob=0 | range_errors=0
[2026-05-19 02:09:02] Sleeping 3s before next page...
[2026-05-19 02:09:05] Requesting page | start=34101 | count=25 | date_start=05-01-2026T00:00:00+0000 | date_end=05-31-2026T23:59:59+0000
[2026-05-19 02:09:10] Page received | start=34101 | records=25 | hibob_records=0 | sent_date_min=2026-04-26 17:37:10 UTC | sent_date_max=2026-05-17 06:22:32 UTC | last_updated_min=2026-05-17 06:11:57 UTC | last_updated_max=2026-05-17 06:23:26 UTC
[2026-05-19 02:09:11] Page processed | start=34101 | range_processed=34125 | range_created=29828 | range_updated=4297 | range_skipped_no_hibob=0 | range_errors=0
[2026-05-19 02:09:11] Sleeping 3s before next page...
[2026-05-19 02:09:14] Requesting page | start=34126 | count=25 | date_start=05-01-2026T00:00:00+0000 | date_end=05-31-2026T23:59:59+0000
[2026-05-19 02:09:19] Page received | start=34126 | records=25 | hibob_records=4 | sent_date_min=2026-04-30 01:22:12 UTC | sent_date_max=2026-05-07 03:07:11 UTC | last_updated_min=2026-05-17 06:23:26 UTC | last_updated_max=2026-05-17 06:23:51 UTC
[2026-05-19 02:09:19] Page processed | start=34126 | range_processed=34150 | range_created=29853 | range_updated=4297 | range_skipped_no_hibob=0 | range_errors=0
[2026-05-19 02:09:19] Sleeping 3s before next page...
[2026-05-19 02:09:22] Requesting page | start=34151 | count=25 | date_start=05-01-2026T00:00:00+0000 | date_end=05-31-2026T23:59:59+0000
[2026-05-19 02:09:26] Page received | start=34151 | records=25 | hibob_records=1 | sent_date_min=2026-05-04 17:37:25 UTC | sent_date_max=2026-05-08 13:07:32 UTC | last_updated_min=2026-05-17 06:23:52 UTC | last_updated_max=2026-05-17 06:24:44 UTC
[2026-05-19 02:09:26] Page processed | start=34151 | range_processed=34175 | range_created=29878 | range_updated=4297 | range_skipped_no_hibob=0 | range_errors=0
[2026-05-19 02:09:26] Sleeping 3s before next page...
[2026-05-19 02:09:29] Requesting page | start=34176 | count=25 | date_start=05-01-2026T00:00:00+0000 | date_end=05-31-2026T23:59:59+0000
[2026-05-19 02:09:34] Page received | start=34176 | records=25 | hibob_records=0 | sent_date_min=2026-05-08 13:22:32 UTC | sent_date_max=2026-05-09 03:37:17 UTC | last_updated_min=2026-05-17 06:24:45 UTC | last_updated_max=2026-05-17 06:24:47 UTC
[2026-05-19 02:09:34] Page processed | start=34176 | range_processed=34200 | range_created=29903 | range_updated=4297 | range_skipped_no_hibob=0 | range_errors=0
[2026-05-19 02:09:34] Sleeping 3s before next page...
[2026-05-19 02:09:37] Requesting page | start=34201 | count=25 | date_start=05-01-2026T00:00:00+0000 | date_end=05-31-2026T23:59:59+0000
[2026-05-19 02:09:42] Page received | start=34201 | records=25 | hibob_records=6 | sent_date_min=2026-04-29 23:38:31 UTC | sent_date_max=2026-05-13 23:37:04 UTC | last_updated_min=2026-05-17 06:24:47 UTC | last_updated_max=2026-05-17 06:26:02 UTC
[2026-05-19 02:09:42] Page processed | start=34201 | range_processed=34225 | range_created=29928 | range_updated=4297 | range_skipped_no_hibob=0 | range_errors=0
[2026-05-19 02:09:42] Sleeping 3s before next page...
[2026-05-19 02:09:45] Requesting page | start=34226 | count=25 | date_start=05-01-2026T00:00:00+0000 | date_end=05-31-2026T23:59:59+0000
[2026-05-19 02:09:50] Page received | start=34226 | records=25 | hibob_records=8 | sent_date_min=2026-03-16 20:14:51 UTC | sent_date_max=2026-05-17 07:07:12 UTC | last_updated_min=2026-05-17 06:26:02 UTC | last_updated_max=2026-05-17 07:07:12 UTC
[2026-05-19 02:09:50] Page processed | start=34226 | range_processed=34250 | range_created=29953 | range_updated=4297 | range_skipped_no_hibob=0 | range_errors=0
[2026-05-19 02:09:50] Sleeping 3s before next page...
[2026-05-19 02:09:53] Requesting page | start=34251 | count=25 | date_start=05-01-2026T00:00:00+0000 | date_end=05-31-2026T23:59:59+0000
[2026-05-19 02:10:01] Page received | start=34251 | records=25 | hibob_records=5 | sent_date_min=2026-05-17 07:08:20 UTC | sent_date_max=2026-05-17 09:10:39 UTC | last_updated_min=2026-05-17 07:08:20 UTC | last_updated_max=2026-05-17 09:10:39 UTC
[2026-05-19 02:10:01] Page processed | start=34251 | range_processed=34275 | range_created=29978 | range_updated=4297 | range_skipped_no_hibob=0 | range_errors=0
[2026-05-19 02:10:01] Sleeping 3s before next page...
[2026-05-19 02:10:04] Requesting page | start=34276 | count=25 | date_start=05-01-2026T00:00:00+0000 | date_end=05-31-2026T23:59:59+0000
[2026-05-19 02:10:09] Page received | start=34276 | records=25 | hibob_records=5 | sent_date_min=2026-05-11 08:37:51 UTC | sent_date_max=2026-05-17 10:34:23 UTC | last_updated_min=2026-05-17 09:22:08 UTC | last_updated_max=2026-05-17 10:34:23 UTC
[2026-05-19 02:10:09] Page processed | start=34276 | range_processed=34300 | range_created=30003 | range_updated=4297 | range_skipped_no_hibob=0 | range_errors=0
[2026-05-19 02:10:09] Sleeping 3s before next page...
[2026-05-19 02:10:12] Requesting page | start=34301 | count=25 | date_start=05-01-2026T00:00:00+0000 | date_end=05-31-2026T23:59:59+0000
[2026-05-19 02:10:17] Page received | start=34301 | records=25 | hibob_records=8 | sent_date_min=2026-05-04 10:07:06 UTC | sent_date_max=2026-05-17 11:22:22 UTC | last_updated_min=2026-05-17 10:37:05 UTC | last_updated_max=2026-05-17 11:30:05 UTC
[2026-05-19 02:10:17] Page processed | start=34301 | range_processed=34325 | range_created=30028 | range_updated=4297 | range_skipped_no_hibob=0 | range_errors=0
[2026-05-19 02:10:17] Sleeping 3s before next page...
[2026-05-19 02:10:20] Requesting page | start=34326 | count=25 | date_start=05-01-2026T00:00:00+0000 | date_end=05-31-2026T23:59:59+0000
[2026-05-19 02:10:29] Page received | start=34326 | records=25 | hibob_records=3 | sent_date_min=2026-02-28 17:09:25 UTC | sent_date_max=2026-05-17 12:22:31 UTC | last_updated_min=2026-05-17 11:30:05 UTC | last_updated_max=2026-05-17 12:30:04 UTC
[2026-05-19 02:10:29] Page processed | start=34326 | range_processed=34350 | range_created=30052 | range_updated=4298 | range_skipped_no_hibob=0 | range_errors=0
[2026-05-19 02:10:29] Sleeping 3s before next page...
[2026-05-19 02:10:32] Requesting page | start=34351 | count=25 | date_start=05-01-2026T00:00:00+0000 | date_end=05-31-2026T23:59:59+0000
[2026-05-19 02:10:38] Page received | start=34351 | records=25 | hibob_records=5 | sent_date_min=2026-02-28 11:34:59 UTC | sent_date_max=2026-05-17 12:58:04 UTC | last_updated_min=2026-05-17 12:30:04 UTC | last_updated_max=2026-05-17 13:00:03 UTC
[2026-05-19 02:10:38] Page processed | start=34351 | range_processed=34375 | range_created=30074 | range_updated=4301 | range_skipped_no_hibob=0 | range_errors=0
[2026-05-19 02:10:38] Sleeping 3s before next page...
[2026-05-19 02:10:41] Requesting page | start=34376 | count=25 | date_start=05-01-2026T00:00:00+0000 | date_end=05-31-2026T23:59:59+0000
[2026-05-19 02:10:51] Page received | start=34376 | records=25 | hibob_records=6 | sent_date_min=2026-03-01 17:52:24 UTC | sent_date_max=2026-05-17 13:17:09 UTC | last_updated_min=2026-05-17 13:00:03 UTC | last_updated_max=2026-05-17 13:17:09 UTC
[2026-05-19 02:10:51] Page processed | start=34376 | range_processed=34400 | range_created=30099 | range_updated=4301 | range_skipped_no_hibob=0 | range_errors=0
[2026-05-19 02:10:51] Sleeping 3s before next page...
[2026-05-19 02:10:54] Requesting page | start=34401 | count=25 | date_start=05-01-2026T00:00:00+0000 | date_end=05-31-2026T23:59:59+0000
[2026-05-19 02:10:58] Page received | start=34401 | records=25 | hibob_records=9 | sent_date_min=2026-02-27 18:18:13 UTC | sent_date_max=2026-05-17 14:22:12 UTC | last_updated_min=2026-05-17 13:22:10 UTC | last_updated_max=2026-05-17 14:22:12 UTC
[2026-05-19 02:10:59] Page processed | start=34401 | range_processed=34425 | range_created=30123 | range_updated=4302 | range_skipped_no_hibob=0 | range_errors=0
[2026-05-19 02:10:59] Sleeping 3s before next page...
[2026-05-19 02:11:02] Requesting page | start=34426 | count=25 | date_start=05-01-2026T00:00:00+0000 | date_end=05-31-2026T23:59:59+0000
[2026-05-19 02:11:06] Page received | start=34426 | records=25 | hibob_records=4 | sent_date_min=2026-01-20 18:38:14 UTC | sent_date_max=2026-05-17 15:22:04 UTC | last_updated_min=2026-05-17 14:22:19 UTC | last_updated_max=2026-05-17 15:22:04 UTC
[2026-05-19 02:11:06] Page processed | start=34426 | range_processed=34450 | range_created=30148 | range_updated=4302 | range_skipped_no_hibob=0 | range_errors=0
[2026-05-19 02:11:06] Sleeping 3s before next page...
[2026-05-19 02:11:09] Requesting page | start=34451 | count=25 | date_start=05-01-2026T00:00:00+0000 | date_end=05-31-2026T23:59:59+0000
[2026-05-19 02:11:14] Page received | start=34451 | records=25 | hibob_records=8 | sent_date_min=2025-11-29 16:37:10 UTC | sent_date_max=2026-05-17 16:37:04 UTC | last_updated_min=2026-05-17 15:22:11 UTC | last_updated_max=2026-05-17 16:37:04 UTC
[2026-05-19 02:11:14] Page processed | start=34451 | range_processed=34475 | range_created=30173 | range_updated=4302 | range_skipped_no_hibob=0 | range_errors=0
[2026-05-19 02:11:14] Sleeping 3s before next page...
[2026-05-19 02:11:17] Requesting page | start=34476 | count=25 | date_start=05-01-2026T00:00:00+0000 | date_end=05-31-2026T23:59:59+0000
[2026-05-19 02:11:21] Page received | start=34476 | records=25 | hibob_records=3 | sent_date_min=2026-05-15 21:52:16 UTC | sent_date_max=2026-05-17 17:52:28 UTC | last_updated_min=2026-05-17 16:37:26 UTC | last_updated_max=2026-05-17 17:54:10 UTC
[2026-05-19 02:11:22] Page processed | start=34476 | range_processed=34500 | range_created=30198 | range_updated=4302 | range_skipped_no_hibob=0 | range_errors=0
[2026-05-19 02:11:22] Sleeping 3s before next page...
[2026-05-19 02:11:25] Requesting page | start=34501 | count=25 | date_start=05-01-2026T00:00:00+0000 | date_end=05-31-2026T23:59:59+0000
[2026-05-19 02:11:30] Page received | start=34501 | records=25 | hibob_records=7 | sent_date_min=2026-05-06 15:07:25 UTC | sent_date_max=2026-05-17 18:52:21 UTC | last_updated_min=2026-05-17 17:54:51 UTC | last_updated_max=2026-05-17 18:52:21 UTC
[2026-05-19 02:11:30] Page processed | start=34501 | range_processed=34525 | range_created=30223 | range_updated=4302 | range_skipped_no_hibob=0 | range_errors=0
[2026-05-19 02:11:30] Sleeping 3s before next page...
[2026-05-19 02:11:33] Requesting page | start=34526 | count=25 | date_start=05-01-2026T00:00:00+0000 | date_end=05-31-2026T23:59:59+0000
[2026-05-19 02:11:37] Page received | start=34526 | records=25 | hibob_records=8 | sent_date_min=2026-05-07 23:48:11 UTC | sent_date_max=2026-05-17 19:20:25 UTC | last_updated_min=2026-05-17 18:53:03 UTC | last_updated_max=2026-05-17 19:22:03 UTC
[2026-05-19 02:11:37] Page processed | start=34526 | range_processed=34550 | range_created=30248 | range_updated=4302 | range_skipped_no_hibob=0 | range_errors=0
[2026-05-19 02:11:37] Sleeping 3s before next page...
[2026-05-19 02:11:40] Requesting page | start=34551 | count=25 | date_start=05-01-2026T00:00:00+0000 | date_end=05-31-2026T23:59:59+0000
[2026-05-19 02:11:45] Page received | start=34551 | records=25 | hibob_records=4 | sent_date_min=2026-04-30 20:10:23 UTC | sent_date_max=2026-05-17 19:54:29 UTC | last_updated_min=2026-05-17 19:22:20 UTC | last_updated_max=2026-05-17 19:54:29 UTC
[2026-05-19 02:11:45] Page processed | start=34551 | range_processed=34575 | range_created=30273 | range_updated=4302 | range_skipped_no_hibob=0 | range_errors=0
[2026-05-19 02:11:45] Sleeping 3s before next page...
[2026-05-19 02:11:48] Requesting page | start=34576 | count=25 | date_start=05-01-2026T00:00:00+0000 | date_end=05-31-2026T23:59:59+0000
[2026-05-19 02:11:53] Page received | start=34576 | records=25 | hibob_records=8 | sent_date_min=2026-05-04 18:37:12 UTC | sent_date_max=2026-05-17 21:40:07 UTC | last_updated_min=2026-05-17 20:00:06 UTC | last_updated_max=2026-05-17 21:40:07 UTC
[2026-05-19 02:11:53] Page processed | start=34576 | range_processed=34600 | range_created=30298 | range_updated=4302 | range_skipped_no_hibob=0 | range_errors=0
[2026-05-19 02:11:53] Sleeping 3s before next page...
[2026-05-19 02:11:56] Requesting page | start=34601 | count=25 | date_start=05-01-2026T00:00:00+0000 | date_end=05-31-2026T23:59:59+0000
[2026-05-19 02:12:01] Page received | start=34601 | records=25 | hibob_records=8 | sent_date_min=2026-02-28 15:12:21 UTC | sent_date_max=2026-05-17 22:37:23 UTC | last_updated_min=2026-05-17 21:52:05 UTC | last_updated_max=2026-05-17 22:37:23 UTC
[2026-05-19 02:12:01] Page processed | start=34601 | range_processed=34625 | range_created=30321 | range_updated=4304 | range_skipped_no_hibob=0 | range_errors=0
[2026-05-19 02:12:01] Sleeping 3s before next page...
[2026-05-19 02:12:04] Requesting page | start=34626 | count=25 | date_start=05-01-2026T00:00:00+0000 | date_end=05-31-2026T23:59:59+0000
[2026-05-19 02:12:17] Page received | start=34626 | records=25 | hibob_records=7 | sent_date_min=2026-05-14 19:07:19 UTC | sent_date_max=2026-05-18 00:38:19 UTC | last_updated_min=2026-05-17 22:37:28 UTC | last_updated_max=2026-05-18 00:38:19 UTC
[2026-05-19 02:12:18] Page processed | start=34626 | range_processed=34650 | range_created=30346 | range_updated=4304 | range_skipped_no_hibob=0 | range_errors=0
[2026-05-19 02:12:18] Sleeping 3s before next page...
[2026-05-19 02:12:21] Requesting page | start=34651 | count=25 | date_start=05-01-2026T00:00:00+0000 | date_end=05-31-2026T23:59:59+0000
[2026-05-19 02:12:25] Page received | start=34651 | records=25 | hibob_records=5 | sent_date_min=2026-03-16 22:52:04 UTC | sent_date_max=2026-05-18 02:22:04 UTC | last_updated_min=2026-05-18 00:43:25 UTC | last_updated_max=2026-05-18 02:22:04 UTC
[2026-05-19 02:12:25] Page processed | start=34651 | range_processed=34675 | range_created=30371 | range_updated=4304 | range_skipped_no_hibob=0 | range_errors=0
[2026-05-19 02:12:25] Sleeping 3s before next page...
[2026-05-19 02:12:28] Requesting page | start=34676 | count=25 | date_start=05-01-2026T00:00:00+0000 | date_end=05-31-2026T23:59:59+0000
[2026-05-19 02:12:32] Page received | start=34676 | records=25 | hibob_records=5 | sent_date_min=2026-03-16 19:23:53 UTC | sent_date_max=2026-05-18 04:37:03 UTC | last_updated_min=2026-05-18 02:22:10 UTC | last_updated_max=2026-05-18 04:37:03 UTC
[2026-05-19 02:12:33] Page processed | start=34676 | range_processed=34700 | range_created=30396 | range_updated=4304 | range_skipped_no_hibob=0 | range_errors=0
[2026-05-19 02:12:33] Sleeping 3s before next page...
[2026-05-19 02:12:36] Requesting page | start=34701 | count=25 | date_start=05-01-2026T00:00:00+0000 | date_end=05-31-2026T23:59:59+0000
[2026-05-19 02:12:42] Page received | start=34701 | records=25 | hibob_records=1 | sent_date_min=2026-05-12 00:22:11 UTC | sent_date_max=2026-05-18 06:02:56 UTC | last_updated_min=2026-05-18 04:37:09 UTC | last_updated_max=2026-05-18 06:05:40 UTC
[2026-05-19 02:12:42] Page processed | start=34701 | range_processed=34725 | range_created=30421 | range_updated=4304 | range_skipped_no_hibob=0 | range_errors=0
[2026-05-19 02:12:42] Sleeping 3s before next page...
[2026-05-19 02:12:45] Requesting page | start=34726 | count=25 | date_start=05-01-2026T00:00:00+0000 | date_end=05-31-2026T23:59:59+0000
[2026-05-19 02:12:51] Page received | start=34726 | records=25 | hibob_records=4 | sent_date_min=2026-03-17 08:55:34 UTC | sent_date_max=2026-05-18 06:37:04 UTC | last_updated_min=2026-05-18 06:05:40 UTC | last_updated_max=2026-05-18 06:37:04 UTC
[2026-05-19 02:12:51] Page processed | start=34726 | range_processed=34750 | range_created=30442 | range_updated=4308 | range_skipped_no_hibob=0 | range_errors=0
[2026-05-19 02:12:51] Sleeping 3s before next page...
[2026-05-19 02:12:54] Requesting page | start=34751 | count=25 | date_start=05-01-2026T00:00:00+0000 | date_end=05-31-2026T23:59:59+0000
[2026-05-19 02:12:58] Page received | start=34751 | records=25 | hibob_records=5 | sent_date_min=2025-06-17 09:59:32 UTC | sent_date_max=2026-05-18 07:04:26 UTC | last_updated_min=2026-05-18 06:38:05 UTC | last_updated_max=2026-05-18 07:05:09 UTC
[2026-05-19 02:12:59] Page processed | start=34751 | range_processed=34775 | range_created=30465 | range_updated=4310 | range_skipped_no_hibob=0 | range_errors=0
[2026-05-19 02:12:59] Sleeping 3s before next page...
[2026-05-19 02:13:02] Requesting page | start=34776 | count=25 | date_start=05-01-2026T00:00:00+0000 | date_end=05-31-2026T23:59:59+0000
[2026-05-19 02:13:06] Page received | start=34776 | records=25 | hibob_records=9 | sent_date_min=2026-02-25 06:39:24 UTC | sent_date_max=2026-05-18 07:12:45 UTC | last_updated_min=2026-05-18 07:05:12 UTC | last_updated_max=2026-05-18 07:15:24 UTC
[2026-05-19 02:13:06] Page processed | start=34776 | range_processed=34800 | range_created=30489 | range_updated=4311 | range_skipped_no_hibob=0 | range_errors=0
[2026-05-19 02:13:06] Sleeping 3s before next page...
[2026-05-19 02:13:09] Requesting page | start=34801 | count=25 | date_start=05-01-2026T00:00:00+0000 | date_end=05-31-2026T23:59:59+0000
[2026-05-19 02:13:14] Page received | start=34801 | records=25 | hibob_records=5 | sent_date_min=2025-04-10 17:18:47 UTC | sent_date_max=2026-05-18 07:22:09 UTC | last_updated_min=2026-05-18 07:16:00 UTC | last_updated_max=2026-05-18 07:22:35 UTC
[2026-05-19 02:13:14] Page processed | start=34801 | range_processed=34825 | range_created=30513 | range_updated=4312 | range_skipped_no_hibob=0 | range_errors=0
[2026-05-19 02:13:14] Sleeping 3s before next page...
[2026-05-19 02:13:17] Requesting page | start=34826 | count=25 | date_start=05-01-2026T00:00:00+0000 | date_end=05-31-2026T23:59:59+0000
[2026-05-19 02:13:22] Page received | start=34826 | records=25 | hibob_records=6 | sent_date_min=2026-04-13 13:07:28 UTC | sent_date_max=2026-05-18 07:23:16 UTC | last_updated_min=2026-05-18 07:22:37 UTC | last_updated_max=2026-05-18 07:27:20 UTC
[2026-05-19 02:13:22] Page processed | start=34826 | range_processed=34850 | range_created=30538 | range_updated=4312 | range_skipped_no_hibob=0 | range_errors=0
[2026-05-19 02:13:22] Sleeping 3s before next page...
[2026-05-19 02:13:25] Requesting page | start=34851 | count=25 | date_start=05-01-2026T00:00:00+0000 | date_end=05-31-2026T23:59:59+0000
[2026-05-19 02:13:30] Page received | start=34851 | records=25 | hibob_records=7 | sent_date_min=2026-02-28 07:37:07 UTC | sent_date_max=2026-05-18 07:32:04 UTC | last_updated_min=2026-05-18 07:27:21 UTC | last_updated_max=2026-05-18 07:33:27 UTC
[2026-05-19 02:13:30] Page processed | start=34851 | range_processed=34875 | range_created=30562 | range_updated=4313 | range_skipped_no_hibob=0 | range_errors=0
[2026-05-19 02:13:30] Sleeping 3s before next page...
[2026-05-19 02:13:33] Requesting page | start=34876 | count=25 | date_start=05-01-2026T00:00:00+0000 | date_end=05-31-2026T23:59:59+0000
[2026-05-19 02:13:37] Page received | start=34876 | records=25 | hibob_records=6 | sent_date_min=2025-09-19 08:35:08 UTC | sent_date_max=2026-05-18 07:40:34 UTC | last_updated_min=2026-05-18 07:33:31 UTC | last_updated_max=2026-05-18 07:40:53 UTC
[2026-05-19 02:13:37] Page processed | start=34876 | range_processed=34900 | range_created=30586 | range_updated=4314 | range_skipped_no_hibob=0 | range_errors=0
[2026-05-19 02:13:37] Sleeping 3s before next page...
[2026-05-19 02:13:40] Requesting page | start=34901 | count=25 | date_start=05-01-2026T00:00:00+0000 | date_end=05-31-2026T23:59:59+0000
[2026-05-19 02:13:45] Page received | start=34901 | records=25 | hibob_records=11 | sent_date_min=2025-08-18 08:47:14 UTC | sent_date_max=2026-05-18 07:47:03 UTC | last_updated_min=2026-05-18 07:40:53 UTC | last_updated_max=2026-05-18 07:48:07 UTC
[2026-05-19 02:13:45] Page processed | start=34901 | range_processed=34925 | range_created=30610 | range_updated=4315 | range_skipped_no_hibob=0 | range_errors=0
[2026-05-19 02:13:45] Sleeping 3s before next page...
[2026-05-19 02:13:48] Requesting page | start=34926 | count=25 | date_start=05-01-2026T00:00:00+0000 | date_end=05-31-2026T23:59:59+0000
[2026-05-19 02:13:53] Page received | start=34926 | records=25 | hibob_records=7 | sent_date_min=2025-11-03 09:48:06 UTC | sent_date_max=2026-05-18 07:53:21 UTC | last_updated_min=2026-05-18 07:48:07 UTC | last_updated_max=2026-05-18 07:55:53 UTC
[2026-05-19 02:13:53] Page processed | start=34926 | range_processed=34950 | range_created=30634 | range_updated=4316 | range_skipped_no_hibob=0 | range_errors=0
[2026-05-19 02:13:53] Sleeping 3s before next page...
[2026-05-19 02:13:56] Requesting page | start=34951 | count=25 | date_start=05-01-2026T00:00:00+0000 | date_end=05-31-2026T23:59:59+0000
[2026-05-19 02:14:01] Page received | start=34951 | records=25 | hibob_records=6 | sent_date_min=2026-01-23 08:31:15 UTC | sent_date_max=2026-05-18 08:05:14 UTC | last_updated_min=2026-05-18 07:55:58 UTC | last_updated_max=2026-05-18 08:06:33 UTC
[2026-05-19 02:14:01] Page processed | start=34951 | range_processed=34975 | range_created=30658 | range_updated=4317 | range_skipped_no_hibob=0 | range_errors=0
[2026-05-19 02:14:01] Sleeping 3s before next page...
[2026-05-19 02:14:04] Requesting page | start=34976 | count=25 | date_start=05-01-2026T00:00:00+0000 | date_end=05-31-2026T23:59:59+0000
[2026-05-19 02:14:08] Page received | start=34976 | records=25 | hibob_records=7 | sent_date_min=2026-04-01 13:07:54 UTC | sent_date_max=2026-05-18 08:07:51 UTC | last_updated_min=2026-05-18 08:06:45 UTC | last_updated_max=2026-05-18 08:11:38 UTC
[2026-05-19 02:14:08] Page processed | start=34976 | range_processed=35000 | range_created=30682 | range_updated=4318 | range_skipped_no_hibob=0 | range_errors=0
[2026-05-19 02:14:08] Sleeping 3s before next page...
[2026-05-19 02:14:11] Requesting page | start=35001 | count=25 | date_start=05-01-2026T00:00:00+0000 | date_end=05-31-2026T23:59:59+0000
[2026-05-19 02:14:16] Page received | start=35001 | records=25 | hibob_records=2 | sent_date_min=2025-09-08 16:52:13 UTC | sent_date_max=2026-05-18 08:14:15 UTC | last_updated_min=2026-05-18 08:11:41 UTC | last_updated_max=2026-05-18 08:16:26 UTC
[2026-05-19 02:14:16] Page processed | start=35001 | range_processed=35025 | range_created=30706 | range_updated=4319 | range_skipped_no_hibob=0 | range_errors=0
[2026-05-19 02:14:16] Sleeping 3s before next page...
[2026-05-19 02:14:19] Requesting page | start=35026 | count=25 | date_start=05-01-2026T00:00:00+0000 | date_end=05-31-2026T23:59:59+0000
[2026-05-19 02:14:24] Page received | start=35026 | records=25 | hibob_records=6 | sent_date_min=2026-03-09 11:26:31 UTC | sent_date_max=2026-05-18 08:19:48 UTC | last_updated_min=2026-05-18 08:16:36 UTC | last_updated_max=2026-05-18 08:20:53 UTC
[2026-05-19 02:14:24] Page processed | start=35026 | range_processed=35050 | range_created=30730 | range_updated=4320 | range_skipped_no_hibob=0 | range_errors=0
[2026-05-19 02:14:24] Sleeping 3s before next page...
[2026-05-19 02:14:27] Requesting page | start=35051 | count=25 | date_start=05-01-2026T00:00:00+0000 | date_end=05-31-2026T23:59:59+0000
[2026-05-19 02:14:32] Page received | start=35051 | records=25 | hibob_records=7 | sent_date_min=2025-08-12 13:52:20 UTC | sent_date_max=2026-05-18 08:25:59 UTC | last_updated_min=2026-05-18 08:21:04 UTC | last_updated_max=2026-05-18 08:26:09 UTC
[2026-05-19 02:14:32] Page processed | start=35051 | range_processed=35075 | range_created=30755 | range_updated=4320 | range_skipped_no_hibob=0 | range_errors=0
[2026-05-19 02:14:32] Sleeping 3s before next page...
[2026-05-19 02:14:35] Requesting page | start=35076 | count=25 | date_start=05-01-2026T00:00:00+0000 | date_end=05-31-2026T23:59:59+0000
[2026-05-19 02:14:39] Page received | start=35076 | records=25 | hibob_records=11 | sent_date_min=2026-02-22 09:07:12 UTC | sent_date_max=2026-05-17 10:34:57 UTC | last_updated_min=2026-05-18 08:26:16 UTC | last_updated_max=2026-05-18 08:34:56 UTC
[2026-05-19 02:14:40] Page processed | start=35076 | range_processed=35100 | range_created=30780 | range_updated=4320 | range_skipped_no_hibob=0 | range_errors=0
[2026-05-19 02:14:40] Sleeping 3s before next page...
[2026-05-19 02:14:43] Requesting page | start=35101 | count=25 | date_start=05-01-2026T00:00:00+0000 | date_end=05-31-2026T23:59:59+0000
[2026-05-19 02:14:47] Page received | start=35101 | records=25 | hibob_records=5 | sent_date_min=2025-10-17 09:08:03 UTC | sent_date_max=2026-05-18 08:38:09 UTC | last_updated_min=2026-05-18 08:34:56 UTC | last_updated_max=2026-05-18 08:39:23 UTC
[2026-05-19 02:14:47] Page processed | start=35101 | range_processed=35125 | range_created=30805 | range_updated=4320 | range_skipped_no_hibob=0 | range_errors=0
[2026-05-19 02:14:47] Sleeping 3s before next page...
[2026-05-19 02:14:50] Requesting page | start=35126 | count=25 | date_start=05-01-2026T00:00:00+0000 | date_end=05-31-2026T23:59:59+0000
[2026-05-19 02:14:54] Page received | start=35126 | records=25 | hibob_records=13 | sent_date_min=2026-04-21 15:05:14 UTC | sent_date_max=2026-05-18 08:43:07 UTC | last_updated_min=2026-05-18 08:39:46 UTC | last_updated_max=2026-05-18 08:44:25 UTC
[2026-05-19 02:14:55] Page processed | start=35126 | range_processed=35150 | range_created=30830 | range_updated=4320 | range_skipped_no_hibob=0 | range_errors=0
[2026-05-19 02:14:55] Sleeping 3s before next page...
[2026-05-19 02:14:58] Requesting page | start=35151 | count=25 | date_start=05-01-2026T00:00:00+0000 | date_end=05-31-2026T23:59:59+0000
[2026-05-19 02:15:04] Page received | start=35151 | records=25 | hibob_records=5 | sent_date_min=2025-04-25 02:07:50 UTC | sent_date_max=2026-05-18 08:47:49 UTC | last_updated_min=2026-05-18 08:44:28 UTC | last_updated_max=2026-05-18 08:48:56 UTC
[2026-05-19 02:15:04] Page processed | start=35151 | range_processed=35175 | range_created=30855 | range_updated=4320 | range_skipped_no_hibob=0 | range_errors=0
[2026-05-19 02:15:04] Sleeping 3s before next page...
[2026-05-19 02:15:07] Requesting page | start=35176 | count=25 | date_start=05-01-2026T00:00:00+0000 | date_end=05-31-2026T23:59:59+0000
[2026-05-19 02:15:11] Page received | start=35176 | records=25 | hibob_records=11 | sent_date_min=2026-04-26 12:18:38 UTC | sent_date_max=2026-05-18 08:54:03 UTC | last_updated_min=2026-05-18 08:48:56 UTC | last_updated_max=2026-05-18 08:54:21 UTC
[2026-05-19 02:15:11] Page processed | start=35176 | range_processed=35200 | range_created=30880 | range_updated=4320 | range_skipped_no_hibob=0 | range_errors=0
[2026-05-19 02:15:11] Sleeping 3s before next page...
[2026-05-19 02:15:14] Requesting page | start=35201 | count=25 | date_start=05-01-2026T00:00:00+0000 | date_end=05-31-2026T23:59:59+0000
[2026-05-19 02:15:18] Page received | start=35201 | records=25 | hibob_records=10 | sent_date_min=2026-03-17 11:22:43 UTC | sent_date_max=2026-05-18 06:58:02 UTC | last_updated_min=2026-05-18 08:55:17 UTC | last_updated_max=2026-05-18 09:02:39 UTC
[2026-05-19 02:15:19] Page processed | start=35201 | range_processed=35225 | range_created=30905 | range_updated=4320 | range_skipped_no_hibob=0 | range_errors=0
[2026-05-19 02:15:19] Sleeping 3s before next page...
[2026-05-19 02:15:22] Requesting page | start=35226 | count=25 | date_start=05-01-2026T00:00:00+0000 | date_end=05-31-2026T23:59:59+0000
[2026-05-19 02:15:26] Page received | start=35226 | records=25 | hibob_records=5 | sent_date_min=2025-03-15 04:43:14 UTC | sent_date_max=2026-05-18 09:07:28 UTC | last_updated_min=2026-05-18 09:02:47 UTC | last_updated_max=2026-05-18 09:07:41 UTC
[2026-05-19 02:15:27] Page processed | start=35226 | range_processed=35250 | range_created=30930 | range_updated=4320 | range_skipped_no_hibob=0 | range_errors=0
[2026-05-19 02:15:27] Sleeping 3s before next page...
[2026-05-19 02:15:30] Requesting page | start=35251 | count=25 | date_start=05-01-2026T00:00:00+0000 | date_end=05-31-2026T23:59:59+0000
[2026-05-19 02:15:37] Page received | start=35251 | records=25 | hibob_records=5 | sent_date_min=2026-04-15 17:32:52 UTC | sent_date_max=2026-05-18 09:07:43 UTC | last_updated_min=2026-05-18 09:07:43 UTC | last_updated_max=2026-05-18 09:12:12 UTC
[2026-05-19 02:15:37] Page processed | start=35251 | range_processed=35275 | range_created=30954 | range_updated=4321 | range_skipped_no_hibob=0 | range_errors=0
[2026-05-19 02:15:37] Sleeping 3s before next page...
[2026-05-19 02:15:40] Requesting page | start=35276 | count=25 | date_start=05-01-2026T00:00:00+0000 | date_end=05-31-2026T23:59:59+0000
[2026-05-19 02:15:45] Page received | start=35276 | records=25 | hibob_records=12 | sent_date_min=2026-04-15 18:09:59 UTC | sent_date_max=2026-05-18 09:12:58 UTC | last_updated_min=2026-05-18 09:12:17 UTC | last_updated_max=2026-05-18 09:18:49 UTC
[2026-05-19 02:15:45] Page processed | start=35276 | range_processed=35300 | range_created=30978 | range_updated=4322 | range_skipped_no_hibob=0 | range_errors=0
[2026-05-19 02:15:45] Sleeping 3s before next page...
[2026-05-19 02:15:48] Requesting page | start=35301 | count=25 | date_start=05-01-2026T00:00:00+0000 | date_end=05-31-2026T23:59:59+0000
[2026-05-19 02:15:52] Page received | start=35301 | records=25 | hibob_records=4 | sent_date_min=2026-04-29 10:35:59 UTC | sent_date_max=2026-05-18 09:23:03 UTC | last_updated_min=2026-05-18 09:19:16 UTC | last_updated_max=2026-05-18 09:23:03 UTC
[2026-05-19 02:15:53] Page processed | start=35301 | range_processed=35325 | range_created=31003 | range_updated=4322 | range_skipped_no_hibob=0 | range_errors=0
[2026-05-19 02:15:53] Sleeping 3s before next page...
[2026-05-19 02:15:56] Requesting page | start=35326 | count=25 | date_start=05-01-2026T00:00:00+0000 | date_end=05-31-2026T23:59:59+0000
[2026-05-19 02:16:00] Page received | start=35326 | records=25 | hibob_records=8 | sent_date_min=2026-04-12 13:31:26 UTC | sent_date_max=2026-05-18 09:25:46 UTC | last_updated_min=2026-05-18 09:23:17 UTC | last_updated_max=2026-05-18 09:31:43 UTC
[2026-05-19 02:16:00] Page processed | start=35326 | range_processed=35350 | range_created=31027 | range_updated=4323 | range_skipped_no_hibob=0 | range_errors=0
[2026-05-19 02:16:00] Sleeping 3s before next page...
[2026-05-19 02:16:03] Requesting page | start=35351 | count=25 | date_start=05-01-2026T00:00:00+0000 | date_end=05-31-2026T23:59:59+0000
[2026-05-19 02:16:08] Page received | start=35351 | records=25 | hibob_records=4 | sent_date_min=2026-05-14 07:00:45 UTC | sent_date_max=2026-05-18 09:37:32 UTC | last_updated_min=2026-05-18 09:32:05 UTC | last_updated_max=2026-05-18 09:37:32 UTC
[2026-05-19 02:16:08] Page processed | start=35351 | range_processed=35375 | range_created=31052 | range_updated=4323 | range_skipped_no_hibob=0 | range_errors=0
[2026-05-19 02:16:08] Sleeping 3s before next page...
[2026-05-19 02:16:11] Requesting page | start=35376 | count=25 | date_start=05-01-2026T00:00:00+0000 | date_end=05-31-2026T23:59:59+0000
[2026-05-19 02:16:15] Page received | start=35376 | records=25 | hibob_records=3 | sent_date_min=2026-04-15 07:07:21 UTC | sent_date_max=2026-05-18 09:37:51 UTC | last_updated_min=2026-05-18 09:37:38 UTC | last_updated_max=2026-05-18 09:42:52 UTC
[2026-05-19 02:16:15] Page processed | start=35376 | range_processed=35400 | range_created=31074 | range_updated=4326 | range_skipped_no_hibob=0 | range_errors=0
[2026-05-19 02:16:15] Sleeping 3s before next page...
[2026-05-19 02:16:18] Requesting page | start=35401 | count=25 | date_start=05-01-2026T00:00:00+0000 | date_end=05-31-2026T23:59:59+0000
[2026-05-19 02:16:24] Page received | start=35401 | records=25 | hibob_records=4 | sent_date_min=2026-04-13 22:00:07 UTC | sent_date_max=2026-05-18 09:43:04 UTC | last_updated_min=2026-05-18 09:42:53 UTC | last_updated_max=2026-05-18 09:43:22 UTC
[2026-05-19 02:16:24] Page processed | start=35401 | range_processed=35425 | range_created=31099 | range_updated=4326 | range_skipped_no_hibob=0 | range_errors=0
[2026-05-19 02:16:24] Sleeping 3s before next page...
[2026-05-19 02:16:27] Requesting page | start=35426 | count=25 | date_start=05-01-2026T00:00:00+0000 | date_end=05-31-2026T23:59:59+0000
[2026-05-19 02:16:31] Page received | start=35426 | records=25 | hibob_records=3 | sent_date_min=2026-04-10 15:35:07 UTC | sent_date_max=2026-05-17 07:52:21 UTC | last_updated_min=2026-05-18 09:43:22 UTC | last_updated_max=2026-05-18 09:43:55 UTC
[2026-05-19 02:16:32] Page processed | start=35426 | range_processed=35450 | range_created=31124 | range_updated=4326 | range_skipped_no_hibob=0 | range_errors=0
[2026-05-19 02:16:32] Sleeping 3s before next page...
[2026-05-19 02:16:35] Requesting page | start=35451 | count=25 | date_start=05-01-2026T00:00:00+0000 | date_end=05-31-2026T23:59:59+0000
[2026-05-19 02:16:39] Page received | start=35451 | records=25 | hibob_records=1 | sent_date_min=2025-12-25 09:56:06 UTC | sent_date_max=2026-05-18 09:46:28 UTC | last_updated_min=2026-05-18 09:43:56 UTC | last_updated_max=2026-05-18 09:47:41 UTC
[2026-05-19 02:16:39] Page processed | start=35451 | range_processed=35475 | range_created=31148 | range_updated=4327 | range_skipped_no_hibob=0 | range_errors=0
[2026-05-19 02:16:39] Sleeping 3s before next page...
[2026-05-19 02:16:42] Requesting page | start=35476 | count=25 | date_start=05-01-2026T00:00:00+0000 | date_end=05-31-2026T23:59:59+0000
[2026-05-19 02:16:47] Page received | start=35476 | records=25 | hibob_records=5 | sent_date_min=2026-02-14 10:06:17 UTC | sent_date_max=2026-05-18 09:53:25 UTC | last_updated_min=2026-05-18 09:47:59 UTC | last_updated_max=2026-05-18 09:55:00 UTC
[2026-05-19 02:16:47] Page processed | start=35476 | range_processed=35500 | range_created=31173 | range_updated=4327 | range_skipped_no_hibob=0 | range_errors=0
[2026-05-19 02:16:47] Sleeping 3s before next page...
[2026-05-19 02:16:50] Requesting page | start=35501 | count=25 | date_start=05-01-2026T00:00:00+0000 | date_end=05-31-2026T23:59:59+0000
[2026-05-19 02:16:55] Page received | start=35501 | records=25 | hibob_records=1 | sent_date_min=2026-03-31 16:34:55 UTC | sent_date_max=2026-05-18 09:57:06 UTC | last_updated_min=2026-05-18 09:55:32 UTC | last_updated_max=2026-05-18 09:58:08 UTC
[2026-05-19 02:16:55] Page processed | start=35501 | range_processed=35525 | range_created=31197 | range_updated=4328 | range_skipped_no_hibob=0 | range_errors=0
[2026-05-19 02:16:55] Sleeping 3s before next page...
[2026-05-19 02:16:58] Requesting page | start=35526 | count=25 | date_start=05-01-2026T00:00:00+0000 | date_end=05-31-2026T23:59:59+0000
[2026-05-19 02:17:03] Page received | start=35526 | records=25 | hibob_records=8 | sent_date_min=2025-12-01 11:37:43 UTC | sent_date_max=2026-05-18 10:05:46 UTC | last_updated_min=2026-05-18 09:58:30 UTC | last_updated_max=2026-05-18 10:06:00 UTC
[2026-05-19 02:17:03] Page processed | start=35526 | range_processed=35550 | range_created=31220 | range_updated=4330 | range_skipped_no_hibob=0 | range_errors=0
[2026-05-19 02:17:03] Sleeping 3s before next page...
[2026-05-19 02:17:06] Requesting page | start=35551 | count=25 | date_start=05-01-2026T00:00:00+0000 | date_end=05-31-2026T23:59:59+0000
[2026-05-19 02:17:17] Page received | start=35551 | records=25 | hibob_records=5 | sent_date_min=2025-07-13 17:33:44 UTC | sent_date_max=2026-05-18 10:13:21 UTC | last_updated_min=2026-05-18 10:06:34 UTC | last_updated_max=2026-05-18 10:14:02 UTC
[2026-05-19 02:17:18] Page processed | start=35551 | range_processed=35575 | range_created=31243 | range_updated=4332 | range_skipped_no_hibob=0 | range_errors=0
[2026-05-19 02:17:18] Sleeping 3s before next page...
[2026-05-19 02:17:21] Requesting page | start=35576 | count=25 | date_start=05-01-2026T00:00:00+0000 | date_end=05-31-2026T23:59:59+0000
[2026-05-19 02:17:25] Page received | start=35576 | records=25 | hibob_records=10 | sent_date_min=2025-07-29 22:27:30 UTC | sent_date_max=2026-05-18 10:19:41 UTC | last_updated_min=2026-05-18 10:14:11 UTC | last_updated_max=2026-05-18 10:19:41 UTC
[2026-05-19 02:17:25] Page processed | start=35576 | range_processed=35600 | range_created=31266 | range_updated=4334 | range_skipped_no_hibob=0 | range_errors=0
[2026-05-19 02:17:25] Sleeping 3s before next page...
[2026-05-19 02:17:28] Requesting page | start=35601 | count=25 | date_start=05-01-2026T00:00:00+0000 | date_end=05-31-2026T23:59:59+0000
[2026-05-19 02:17:32] Page received | start=35601 | records=25 | hibob_records=9 | sent_date_min=2025-09-17 18:10:24 UTC | sent_date_max=2026-05-18 10:26:45 UTC | last_updated_min=2026-05-18 10:19:45 UTC | last_updated_max=2026-05-18 10:27:34 UTC
[2026-05-19 02:17:32] Page processed | start=35601 | range_processed=35625 | range_created=31286 | range_updated=4339 | range_skipped_no_hibob=0 | range_errors=0
[2026-05-19 02:17:32] Sleeping 3s before next page...
[2026-05-19 02:17:35] Requesting page | start=35626 | count=25 | date_start=05-01-2026T00:00:00+0000 | date_end=05-31-2026T23:59:59+0000
[2026-05-19 02:17:40] Page received | start=35626 | records=25 | hibob_records=7 | sent_date_min=2026-03-23 12:37:12 UTC | sent_date_max=2026-05-18 10:29:17 UTC | last_updated_min=2026-05-18 10:27:53 UTC | last_updated_max=2026-05-18 10:30:43 UTC
[2026-05-19 02:17:40] Page processed | start=35626 | range_processed=35650 | range_created=31311 | range_updated=4339 | range_skipped_no_hibob=0 | range_errors=0
[2026-05-19 02:17:40] Sleeping 3s before next page...
[2026-05-19 02:17:43] Requesting page | start=35651 | count=25 | date_start=05-01-2026T00:00:00+0000 | date_end=05-31-2026T23:59:59+0000
[2026-05-19 02:17:48] Page received | start=35651 | records=25 | hibob_records=12 | sent_date_min=2025-07-16 11:32:27 UTC | sent_date_max=2026-05-18 06:22:10 UTC | last_updated_min=2026-05-18 10:30:57 UTC | last_updated_max=2026-05-18 10:35:49 UTC
[2026-05-19 02:17:48] Page processed | start=35651 | range_processed=35675 | range_created=31335 | range_updated=4340 | range_skipped_no_hibob=0 | range_errors=0
[2026-05-19 02:17:48] Sleeping 3s before next page...
[2026-05-19 02:17:51] Requesting page | start=35676 | count=25 | date_start=05-01-2026T00:00:00+0000 | date_end=05-31-2026T23:59:59+0000
[2026-05-19 02:17:56] Page received | start=35676 | records=25 | hibob_records=9 | sent_date_min=2025-08-11 10:35:49 UTC | sent_date_max=2026-05-18 10:38:02 UTC | last_updated_min=2026-05-18 10:35:56 UTC | last_updated_max=2026-05-18 10:38:59 UTC
[2026-05-19 02:17:56] Page processed | start=35676 | range_processed=35700 | range_created=31360 | range_updated=4340 | range_skipped_no_hibob=0 | range_errors=0
[2026-05-19 02:17:56] Sleeping 3s before next page...
[2026-05-19 02:17:59] Requesting page | start=35701 | count=25 | date_start=05-01-2026T00:00:00+0000 | date_end=05-31-2026T23:59:59+0000
[2026-05-19 02:18:04] Page received | start=35701 | records=25 | hibob_records=13 | sent_date_min=2025-06-13 11:04:30 UTC | sent_date_max=2026-05-18 08:22:04 UTC | last_updated_min=2026-05-18 10:39:04 UTC | last_updated_max=2026-05-18 10:43:36 UTC
[2026-05-19 02:18:04] Page processed | start=35701 | range_processed=35725 | range_created=31385 | range_updated=4340 | range_skipped_no_hibob=0 | range_errors=0
[2026-05-19 02:18:04] Sleeping 3s before next page...
[2026-05-19 02:18:07] Requesting page | start=35726 | count=25 | date_start=05-01-2026T00:00:00+0000 | date_end=05-31-2026T23:59:59+0000
[2026-05-19 02:18:11] Page received | start=35726 | records=25 | hibob_records=13 | sent_date_min=2025-09-03 07:52:23 UTC | sent_date_max=2026-05-18 10:45:44 UTC | last_updated_min=2026-05-18 10:44:25 UTC | last_updated_max=2026-05-18 10:48:39 UTC
[2026-05-19 02:18:12] Page processed | start=35726 | range_processed=35750 | range_created=31406 | range_updated=4344 | range_skipped_no_hibob=0 | range_errors=0
[2026-05-19 02:18:12] Sleeping 3s before next page...
[2026-05-19 02:18:15] Requesting page | start=35751 | count=25 | date_start=05-01-2026T00:00:00+0000 | date_end=05-31-2026T23:59:59+0000
[2026-05-19 02:18:20] Page received | start=35751 | records=25 | hibob_records=8 | sent_date_min=2025-12-14 10:30:27 UTC | sent_date_max=2026-05-18 10:51:10 UTC | last_updated_min=2026-05-18 10:48:40 UTC | last_updated_max=2026-05-18 10:51:31 UTC
[2026-05-19 02:18:20] Page processed | start=35751 | range_processed=35775 | range_created=31429 | range_updated=4346 | range_skipped_no_hibob=0 | range_errors=0
[2026-05-19 02:18:20] Sleeping 3s before next page...
[2026-05-19 02:18:23] Requesting page | start=35776 | count=25 | date_start=05-01-2026T00:00:00+0000 | date_end=05-31-2026T23:59:59+0000
[2026-05-19 02:18:28] Page received | start=35776 | records=25 | hibob_records=9 | sent_date_min=2026-02-28 11:11:07 UTC | sent_date_max=2026-05-18 10:53:51 UTC | last_updated_min=2026-05-18 10:51:46 UTC | last_updated_max=2026-05-18 10:56:17 UTC
[2026-05-19 02:18:28] Page processed | start=35776 | range_processed=35800 | range_created=31453 | range_updated=4347 | range_skipped_no_hibob=0 | range_errors=0
[2026-05-19 02:18:28] Sleeping 3s before next page...
[2026-05-19 02:18:31] Requesting page | start=35801 | count=25 | date_start=05-01-2026T00:00:00+0000 | date_end=05-31-2026T23:59:59+0000
[2026-05-19 02:18:36] Page received | start=35801 | records=25 | hibob_records=9 | sent_date_min=2025-12-16 15:51:53 UTC | sent_date_max=2026-05-18 10:59:35 UTC | last_updated_min=2026-05-18 10:56:34 UTC | last_updated_max=2026-05-18 10:59:35 UTC
[2026-05-19 02:18:36] Page processed | start=35801 | range_processed=35825 | range_created=31477 | range_updated=4348 | range_skipped_no_hibob=0 | range_errors=0
[2026-05-19 02:18:36] Sleeping 3s before next page...
[2026-05-19 02:18:39] Requesting page | start=35826 | count=25 | date_start=05-01-2026T00:00:00+0000 | date_end=05-31-2026T23:59:59+0000
[2026-05-19 02:18:48] Page received | start=35826 | records=25 | hibob_records=6 | sent_date_min=2025-05-05 14:09:08 UTC | sent_date_max=2026-05-18 09:21:39 UTC | last_updated_min=2026-05-18 10:59:36 UTC | last_updated_max=2026-05-18 11:01:48 UTC
[2026-05-19 02:18:48] Page processed | start=35826 | range_processed=35850 | range_created=31485 | range_updated=4365 | range_skipped_no_hibob=0 | range_errors=0
[2026-05-19 02:18:48] Sleeping 3s before next page...
[2026-05-19 02:18:51] Requesting page | start=35851 | count=25 | date_start=05-01-2026T00:00:00+0000 | date_end=05-31-2026T23:59:59+0000
[2026-05-19 02:18:56] Page received | start=35851 | records=25 | hibob_records=6 | sent_date_min=2025-04-08 09:48:43 UTC | sent_date_max=2026-05-18 11:04:16 UTC | last_updated_min=2026-05-18 11:01:48 UTC | last_updated_max=2026-05-18 11:05:26 UTC
[2026-05-19 02:18:56] Page processed | start=35851 | range_processed=35875 | range_created=31506 | range_updated=4369 | range_skipped_no_hibob=0 | range_errors=0
[2026-05-19 02:18:56] Sleeping 3s before next page...
[2026-05-19 02:18:59] Requesting page | start=35876 | count=25 | date_start=05-01-2026T00:00:00+0000 | date_end=05-31-2026T23:59:59+0000
[2026-05-19 02:19:04] Page received | start=35876 | records=25 | hibob_records=7 | sent_date_min=2025-06-13 11:45:04 UTC | sent_date_max=2026-05-18 11:07:30 UTC | last_updated_min=2026-05-18 11:05:26 UTC | last_updated_max=2026-05-18 11:07:30 UTC
[2026-05-19 02:19:04] Page processed | start=35876 | range_processed=35900 | range_created=31529 | range_updated=4371 | range_skipped_no_hibob=0 | range_errors=0
[2026-05-19 02:19:04] Sleeping 3s before next page...
[2026-05-19 02:19:07] Requesting page | start=35901 | count=25 | date_start=05-01-2026T00:00:00+0000 | date_end=05-31-2026T23:59:59+0000
[2026-05-19 02:19:12] Page received | start=35901 | records=25 | hibob_records=8 | sent_date_min=2025-05-22 23:59:35 UTC | sent_date_max=2026-05-18 11:10:36 UTC | last_updated_min=2026-05-18 11:07:37 UTC | last_updated_max=2026-05-18 11:11:08 UTC
[2026-05-19 02:19:12] Page processed | start=35901 | range_processed=35925 | range_created=31553 | range_updated=4372 | range_skipped_no_hibob=0 | range_errors=0
[2026-05-19 02:19:12] Sleeping 3s before next page...
[2026-05-19 02:19:15] Requesting page | start=35926 | count=25 | date_start=05-01-2026T00:00:00+0000 | date_end=05-31-2026T23:59:59+0000
[2026-05-19 02:19:20] Page received | start=35926 | records=25 | hibob_records=9 | sent_date_min=2025-05-19 00:07:49 UTC | sent_date_max=2026-05-18 10:24:19 UTC | last_updated_min=2026-05-18 11:11:08 UTC | last_updated_max=2026-05-18 11:15:12 UTC
[2026-05-19 02:19:20] Page processed | start=35926 | range_processed=35950 | range_created=31574 | range_updated=4376 | range_skipped_no_hibob=0 | range_errors=0
[2026-05-19 02:19:20] Sleeping 3s before next page...
[2026-05-19 02:19:23] Requesting page | start=35951 | count=25 | date_start=05-01-2026T00:00:00+0000 | date_end=05-31-2026T23:59:59+0000
[2026-05-19 02:19:27] Page received | start=35951 | records=25 | hibob_records=11 | sent_date_min=2025-06-10 11:54:36 UTC | sent_date_max=2026-05-18 11:16:30 UTC | last_updated_min=2026-05-18 11:15:12 UTC | last_updated_max=2026-05-18 11:18:18 UTC
[2026-05-19 02:19:27] Page processed | start=35951 | range_processed=35975 | range_created=31597 | range_updated=4378 | range_skipped_no_hibob=0 | range_errors=0
[2026-05-19 02:19:27] Sleeping 3s before next page...
[2026-05-19 02:19:30] Requesting page | start=35976 | count=25 | date_start=05-01-2026T00:00:00+0000 | date_end=05-31-2026T23:59:59+0000
[2026-05-19 02:19:37] Page received | start=35976 | records=25 | hibob_records=5 | sent_date_min=2025-08-13 14:33:37 UTC | sent_date_max=2026-05-18 11:22:30 UTC | last_updated_min=2026-05-18 11:18:27 UTC | last_updated_max=2026-05-18 11:22:34 UTC
[2026-05-19 02:19:37] Page processed | start=35976 | range_processed=36000 | range_created=31622 | range_updated=4378 | range_skipped_no_hibob=0 | range_errors=0
[2026-05-19 02:19:37] Sleeping 3s before next page...
[2026-05-19 02:19:40] Requesting page | start=36001 | count=25 | date_start=05-01-2026T00:00:00+0000 | date_end=05-31-2026T23:59:59+0000
[2026-05-19 02:19:48] Page received | start=36001 | records=25 | hibob_records=12 | sent_date_min=2026-02-28 05:21:23 UTC | sent_date_max=2026-05-18 11:24:01 UTC | last_updated_min=2026-05-18 11:22:35 UTC | last_updated_max=2026-05-18 11:25:30 UTC
[2026-05-19 02:19:48] Page processed | start=36001 | range_processed=36025 | range_created=31646 | range_updated=4379 | range_skipped_no_hibob=0 | range_errors=0
[2026-05-19 02:19:48] Sleeping 3s before next page...
[2026-05-19 02:19:51] Requesting page | start=36026 | count=25 | date_start=05-01-2026T00:00:00+0000 | date_end=05-31-2026T23:59:59+0000
[2026-05-19 02:19:58] Page received | start=36026 | records=25 | hibob_records=8 | sent_date_min=2026-03-21 01:32:12 UTC | sent_date_max=2026-05-18 11:27:28 UTC | last_updated_min=2026-05-18 11:25:44 UTC | last_updated_max=2026-05-18 11:28:20 UTC
[2026-05-19 02:19:58] Page processed | start=36026 | range_processed=36050 | range_created=31669 | range_updated=4381 | range_skipped_no_hibob=0 | range_errors=0
[2026-05-19 02:19:58] Sleeping 3s before next page...
[2026-05-19 02:20:01] Requesting page | start=36051 | count=25 | date_start=05-01-2026T00:00:00+0000 | date_end=05-31-2026T23:59:59+0000
[2026-05-19 02:20:06] Page received | start=36051 | records=25 | hibob_records=4 | sent_date_min=2026-02-23 17:42:37 UTC | sent_date_max=2026-05-18 11:29:47 UTC | last_updated_min=2026-05-18 11:28:37 UTC | last_updated_max=2026-05-18 11:30:04 UTC
[2026-05-19 02:20:06] Page processed | start=36051 | range_processed=36075 | range_created=31692 | range_updated=4383 | range_skipped_no_hibob=0 | range_errors=0
[2026-05-19 02:20:06] Sleeping 3s before next page...
[2026-05-19 02:20:09] Requesting page | start=36076 | count=25 | date_start=05-01-2026T00:00:00+0000 | date_end=05-31-2026T23:59:59+0000
[2026-05-19 02:20:15] WARNING: Attempt 1/5 failed at start=36076 | status=500 | body={"candidates":[],"status":{"code":500,"messages":["Error occurred getting candidates"]}}
[2026-05-19 02:20:15] Sleeping 5s before retry...
[2026-05-19 02:20:24] Page received | start=36076 | records=25 | hibob_records=4 | sent_date_min=2026-05-08 09:07:30 UTC | sent_date_max=2026-05-15 00:07:13 UTC | last_updated_min=2026-05-18 11:30:04 UTC | last_updated_max=2026-05-18 11:30:04 UTC
[2026-05-19 02:20:24] Page processed | start=36076 | range_processed=36100 | range_created=31717 | range_updated=4383 | range_skipped_no_hibob=0 | range_errors=0
[2026-05-19 02:20:24] Sleeping 3s before next page...
[2026-05-19 02:20:27] Requesting page | start=36101 | count=25 | date_start=05-01-2026T00:00:00+0000 | date_end=05-31-2026T23:59:59+0000
[2026-05-19 02:20:32] Page received | start=36101 | records=25 | hibob_records=7 | sent_date_min=2026-04-28 13:15:06 UTC | sent_date_max=2026-05-15 03:07:55 UTC | last_updated_min=2026-05-18 11:30:04 UTC | last_updated_max=2026-05-18 11:30:05 UTC
[2026-05-19 02:20:32] Page processed | start=36101 | range_processed=36125 | range_created=31742 | range_updated=4383 | range_skipped_no_hibob=0 | range_errors=0
[2026-05-19 02:20:32] Sleeping 3s before next page...
[2026-05-19 02:20:35] Requesting page | start=36126 | count=25 | date_start=05-01-2026T00:00:00+0000 | date_end=05-31-2026T23:59:59+0000
[2026-05-19 02:20:40] Page received | start=36126 | records=25 | hibob_records=4 | sent_date_min=2026-03-31 06:39:22 UTC | sent_date_max=2026-05-14 23:52:07 UTC | last_updated_min=2026-05-18 11:30:05 UTC | last_updated_max=2026-05-18 11:30:05 UTC
[2026-05-19 02:20:40] Page processed | start=36126 | range_processed=36150 | range_created=31766 | range_updated=4384 | range_skipped_no_hibob=0 | range_errors=0
[2026-05-19 02:20:40] Sleeping 3s before next page...
[2026-05-19 02:20:43] Requesting page | start=36151 | count=25 | date_start=05-01-2026T00:00:00+0000 | date_end=05-31-2026T23:59:59+0000
[2026-05-19 02:20:49] Page received | start=36151 | records=25 | hibob_records=1 | sent_date_min=2026-03-30 17:22:29 UTC | sent_date_max=2026-05-14 21:46:58 UTC | last_updated_min=2026-05-18 11:30:05 UTC | last_updated_max=2026-05-18 11:30:05 UTC
[2026-05-19 02:20:49] Page processed | start=36151 | range_processed=36175 | range_created=31791 | range_updated=4384 | range_skipped_no_hibob=0 | range_errors=0
[2026-05-19 02:20:49] Sleeping 3s before next page...
[2026-05-19 02:20:52] Requesting page | start=36176 | count=25 | date_start=05-01-2026T00:00:00+0000 | date_end=05-31-2026T23:59:59+0000
[2026-05-19 02:20:57] Page received | start=36176 | records=25 | hibob_records=2 | sent_date_min=2026-03-31 19:22:25 UTC | sent_date_max=2026-05-15 12:37:46 UTC | last_updated_min=2026-05-18 11:30:05 UTC | last_updated_max=2026-05-18 11:30:06 UTC
[2026-05-19 02:20:57] Page processed | start=36176 | range_processed=36200 | range_created=31816 | range_updated=4384 | range_skipped_no_hibob=0 | range_errors=0
[2026-05-19 02:20:57] Sleeping 3s before next page...
[2026-05-19 02:21:00] Requesting page | start=36201 | count=25 | date_start=05-01-2026T00:00:00+0000 | date_end=05-31-2026T23:59:59+0000
[2026-05-19 02:21:05] Page received | start=36201 | records=25 | hibob_records=7 | sent_date_min=2025-09-08 09:03:58 UTC | sent_date_max=2026-05-18 11:33:28 UTC | last_updated_min=2026-05-18 11:30:06 UTC | last_updated_max=2026-05-18 11:35:02 UTC
[2026-05-19 02:21:05] Page processed | start=36201 | range_processed=36225 | range_created=31839 | range_updated=4386 | range_skipped_no_hibob=0 | range_errors=0
[2026-05-19 02:21:05] Sleeping 3s before next page...
[2026-05-19 02:21:08] Requesting page | start=36226 | count=25 | date_start=05-01-2026T00:00:00+0000 | date_end=05-31-2026T23:59:59+0000
[2026-05-19 02:21:13] Page received | start=36226 | records=25 | hibob_records=10 | sent_date_min=2026-02-11 13:56:02 UTC | sent_date_max=2026-05-18 11:39:02 UTC | last_updated_min=2026-05-18 11:35:20 UTC | last_updated_max=2026-05-18 11:39:02 UTC
[2026-05-19 02:21:13] Page processed | start=36226 | range_processed=36250 | range_created=31864 | range_updated=4386 | range_skipped_no_hibob=0 | range_errors=0
[2026-05-19 02:21:13] Sleeping 3s before next page...
[2026-05-19 02:21:16] Requesting page | start=36251 | count=25 | date_start=05-01-2026T00:00:00+0000 | date_end=05-31-2026T23:59:59+0000
[2026-05-19 02:21:21] Page received | start=36251 | records=25 | hibob_records=9 | sent_date_min=2025-03-21 11:46:39 UTC | sent_date_max=2026-05-18 11:46:43 UTC | last_updated_min=2026-05-18 11:39:17 UTC | last_updated_max=2026-05-18 11:47:00 UTC
[2026-05-19 02:21:21] Page processed | start=36251 | range_processed=36275 | range_created=31887 | range_updated=4388 | range_skipped_no_hibob=0 | range_errors=0
[2026-05-19 02:21:21] Sleeping 3s before next page...
[2026-05-19 02:21:24] Requesting page | start=36276 | count=25 | date_start=05-01-2026T00:00:00+0000 | date_end=05-31-2026T23:59:59+0000
[2026-05-19 02:21:29] Page received | start=36276 | records=25 | hibob_records=7 | sent_date_min=2025-05-27 06:32:01 UTC | sent_date_max=2026-05-18 11:50:02 UTC | last_updated_min=2026-05-18 11:47:13 UTC | last_updated_max=2026-05-18 11:52:00 UTC
[2026-05-19 02:21:29] Page processed | start=36276 | range_processed=36300 | range_created=31908 | range_updated=4392 | range_skipped_no_hibob=0 | range_errors=0
[2026-05-19 02:21:29] Sleeping 3s before next page...
[2026-05-19 02:21:32] Requesting page | start=36301 | count=25 | date_start=05-01-2026T00:00:00+0000 | date_end=05-31-2026T23:59:59+0000
[2026-05-19 02:21:37] Page received | start=36301 | records=25 | hibob_records=10 | sent_date_min=2026-01-07 05:27:06 UTC | sent_date_max=2026-05-18 11:55:35 UTC | last_updated_min=2026-05-18 11:52:03 UTC | last_updated_max=2026-05-18 11:55:35 UTC
[2026-05-19 02:21:38] Page processed | start=36301 | range_processed=36325 | range_created=31928 | range_updated=4397 | range_skipped_no_hibob=0 | range_errors=0
[2026-05-19 02:21:38] Sleeping 3s before next page...
[2026-05-19 02:21:41] Requesting page | start=36326 | count=25 | date_start=05-01-2026T00:00:00+0000 | date_end=05-31-2026T23:59:59+0000
[2026-05-19 02:21:45] Page received | start=36326 | records=25 | hibob_records=10 | sent_date_min=2026-01-09 11:21:00 UTC | sent_date_max=2026-05-18 11:52:46 UTC | last_updated_min=2026-05-18 11:55:40 UTC | last_updated_max=2026-05-18 12:00:04 UTC
[2026-05-19 02:21:45] Page processed | start=36326 | range_processed=36350 | range_created=31950 | range_updated=4400 | range_skipped_no_hibob=0 | range_errors=0
[2026-05-19 02:21:45] Sleeping 3s before next page...
[2026-05-19 02:21:48] Requesting page | start=36351 | count=25 | date_start=05-01-2026T00:00:00+0000 | date_end=05-31-2026T23:59:59+0000
[2026-05-19 02:21:53] Page received | start=36351 | records=25 | hibob_records=3 | sent_date_min=2026-05-07 14:22:34 UTC | sent_date_max=2026-05-14 06:22:21 UTC | last_updated_min=2026-05-18 12:00:04 UTC | last_updated_max=2026-05-18 12:00:04 UTC
[2026-05-19 02:21:53] Page processed | start=36351 | range_processed=36375 | range_created=31975 | range_updated=4400 | range_skipped_no_hibob=0 | range_errors=0
[2026-05-19 02:21:53] Sleeping 3s before next page...
[2026-05-19 02:21:56] Requesting page | start=36376 | count=25 | date_start=05-01-2026T00:00:00+0000 | date_end=05-31-2026T23:59:59+0000
[2026-05-19 02:22:01] Page received | start=36376 | records=25 | hibob_records=6 | sent_date_min=2026-05-03 11:18:54 UTC | sent_date_max=2026-05-14 12:11:22 UTC | last_updated_min=2026-05-18 12:00:04 UTC | last_updated_max=2026-05-18 12:00:05 UTC
[2026-05-19 02:22:01] Page processed | start=36376 | range_processed=36400 | range_created=32000 | range_updated=4400 | range_skipped_no_hibob=0 | range_errors=0
[2026-05-19 02:22:01] Sleeping 3s before next page...
[2026-05-19 02:22:04] Requesting page | start=36401 | count=25 | date_start=05-01-2026T00:00:00+0000 | date_end=05-31-2026T23:59:59+0000
[2026-05-19 02:22:12] Page received | start=36401 | records=25 | hibob_records=8 | sent_date_min=2026-04-01 17:52:21 UTC | sent_date_max=2026-05-15 09:12:28 UTC | last_updated_min=2026-05-18 12:00:05 UTC | last_updated_max=2026-05-18 12:00:06 UTC
[2026-05-19 02:22:12] Page processed | start=36401 | range_processed=36425 | range_created=32025 | range_updated=4400 | range_skipped_no_hibob=0 | range_errors=0
[2026-05-19 02:22:12] Sleeping 3s before next page...
[2026-05-19 02:22:15] Requesting page | start=36426 | count=25 | date_start=05-01-2026T00:00:00+0000 | date_end=05-31-2026T23:59:59+0000
[2026-05-19 02:22:21] Page received | start=36426 | records=25 | hibob_records=3 | sent_date_min=2026-04-05 19:23:45 UTC | sent_date_max=2026-05-15 11:23:05 UTC | last_updated_min=2026-05-18 12:00:06 UTC | last_updated_max=2026-05-18 12:00:06 UTC
[2026-05-19 02:22:21] Page processed | start=36426 | range_processed=36450 | range_created=32050 | range_updated=4400 | range_skipped_no_hibob=0 | range_errors=0
[2026-05-19 02:22:21] Sleeping 3s before next page...
[2026-05-19 02:22:24] Requesting page | start=36451 | count=25 | date_start=05-01-2026T00:00:00+0000 | date_end=05-31-2026T23:59:59+0000
[2026-05-19 02:22:29] Page received | start=36451 | records=25 | hibob_records=2 | sent_date_min=2025-09-28 15:44:23 UTC | sent_date_max=2026-05-15 11:37:12 UTC | last_updated_min=2026-05-18 12:00:06 UTC | last_updated_max=2026-05-18 12:00:07 UTC
[2026-05-19 02:22:29] Page processed | start=36451 | range_processed=36475 | range_created=32075 | range_updated=4400 | range_skipped_no_hibob=0 | range_errors=0
[2026-05-19 02:22:29] Sleeping 3s before next page...
[2026-05-19 02:22:32] Requesting page | start=36476 | count=25 | date_start=05-01-2026T00:00:00+0000 | date_end=05-31-2026T23:59:59+0000
[2026-05-19 02:22:37] Page received | start=36476 | records=25 | hibob_records=6 | sent_date_min=2026-04-15 14:31:00 UTC | sent_date_max=2026-05-15 11:55:34 UTC | last_updated_min=2026-05-18 12:00:07 UTC | last_updated_max=2026-05-18 12:00:08 UTC
[2026-05-19 02:22:37] Page processed | start=36476 | range_processed=36500 | range_created=32099 | range_updated=4401 | range_skipped_no_hibob=0 | range_errors=0
[2026-05-19 02:22:37] Sleeping 3s before next page...
[2026-05-19 02:22:40] Requesting page | start=36501 | count=25 | date_start=05-01-2026T00:00:00+0000 | date_end=05-31-2026T23:59:59+0000
[2026-05-19 02:22:45] Page received | start=36501 | records=25 | hibob_records=7 | sent_date_min=2026-02-24 11:56:20 UTC | sent_date_max=2026-05-15 10:06:09 UTC | last_updated_min=2026-05-18 12:00:08 UTC | last_updated_max=2026-05-18 12:00:23 UTC
[2026-05-19 02:22:46] Page processed | start=36501 | range_processed=36525 | range_created=32123 | range_updated=4402 | range_skipped_no_hibob=0 | range_errors=0
[2026-05-19 02:22:46] Sleeping 3s before next page...
[2026-05-19 02:22:49] Requesting page | start=36526 | count=25 | date_start=05-01-2026T00:00:00+0000 | date_end=05-31-2026T23:59:59+0000
[2026-05-19 02:22:57] Page received | start=36526 | records=25 | hibob_records=10 | sent_date_min=2025-09-06 15:37:17 UTC | sent_date_max=2026-05-18 12:00:43 UTC | last_updated_min=2026-05-18 12:00:41 UTC | last_updated_max=2026-05-18 12:04:40 UTC
[2026-05-19 02:22:57] Page processed | start=36526 | range_processed=36550 | range_created=32147 | range_updated=4403 | range_skipped_no_hibob=0 | range_errors=0
[2026-05-19 02:22:57] Sleeping 3s before next page...
[2026-05-19 02:23:00] Requesting page | start=36551 | count=25 | date_start=05-01-2026T00:00:00+0000 | date_end=05-31-2026T23:59:59+0000
[2026-05-19 02:23:05] Page received | start=36551 | records=25 | hibob_records=7 | sent_date_min=2026-02-23 11:49:38 UTC | sent_date_max=2026-05-18 12:07:45 UTC | last_updated_min=2026-05-18 12:04:57 UTC | last_updated_max=2026-05-18 12:07:53 UTC
[2026-05-19 02:23:05] Page processed | start=36551 | range_processed=36575 | range_created=32169 | range_updated=4406 | range_skipped_no_hibob=0 | range_errors=0
[2026-05-19 02:23:05] Sleeping 3s before next page...
[2026-05-19 02:23:08] Requesting page | start=36576 | count=25 | date_start=05-01-2026T00:00:00+0000 | date_end=05-31-2026T23:59:59+0000
[2026-05-19 02:23:12] Page received | start=36576 | records=25 | hibob_records=10 | sent_date_min=2026-04-11 12:32:24 UTC | sent_date_max=2026-05-18 12:07:52 UTC | last_updated_min=2026-05-18 12:08:05 UTC | last_updated_max=2026-05-18 12:12:57 UTC
[2026-05-19 02:23:13] Page processed | start=36576 | range_processed=36600 | range_created=32193 | range_updated=4407 | range_skipped_no_hibob=0 | range_errors=0
[2026-05-19 02:23:13] Sleeping 3s before next page...
[2026-05-19 02:23:16] Requesting page | start=36601 | count=25 | date_start=05-01-2026T00:00:00+0000 | date_end=05-31-2026T23:59:59+0000
[2026-05-19 02:23:25] Page received | start=36601 | records=25 | hibob_records=8 | sent_date_min=2025-10-06 06:59:06 UTC | sent_date_max=2026-05-18 12:15:26 UTC | last_updated_min=2026-05-18 12:13:13 UTC | last_updated_max=2026-05-18 12:17:07 UTC
[2026-05-19 02:23:25] Page processed | start=36601 | range_processed=36625 | range_created=32216 | range_updated=4409 | range_skipped_no_hibob=0 | range_errors=0
[2026-05-19 02:23:25] Sleeping 3s before next page...
[2026-05-19 02:23:28] Requesting page | start=36626 | count=25 | date_start=05-01-2026T00:00:00+0000 | date_end=05-31-2026T23:59:59+0000
[2026-05-19 02:23:33] Page received | start=36626 | records=25 | hibob_records=8 | sent_date_min=2025-10-08 18:41:03 UTC | sent_date_max=2026-05-18 12:22:07 UTC | last_updated_min=2026-05-18 12:17:29 UTC | last_updated_max=2026-05-18 12:22:07 UTC
[2026-05-19 02:23:33] Page processed | start=36626 | range_processed=36650 | range_created=32237 | range_updated=4413 | range_skipped_no_hibob=0 | range_errors=0
[2026-05-19 02:23:33] Sleeping 3s before next page...
[2026-05-19 02:23:36] Requesting page | start=36651 | count=25 | date_start=05-01-2026T00:00:00+0000 | date_end=05-31-2026T23:59:59+0000
[2026-05-19 02:23:41] Page received | start=36651 | records=25 | hibob_records=5 | sent_date_min=2026-02-18 19:52:15 UTC | sent_date_max=2026-05-18 12:24:00 UTC | last_updated_min=2026-05-18 12:22:13 UTC | last_updated_max=2026-05-18 12:25:11 UTC
[2026-05-19 02:23:41] Page processed | start=36651 | range_processed=36675 | range_created=32260 | range_updated=4415 | range_skipped_no_hibob=0 | range_errors=0
[2026-05-19 02:23:41] Sleeping 3s before next page...
[2026-05-19 02:23:44] Requesting page | start=36676 | count=25 | date_start=05-01-2026T00:00:00+0000 | date_end=05-31-2026T23:59:59+0000
[2026-05-19 02:23:49] Page received | start=36676 | records=25 | hibob_records=6 | sent_date_min=2025-08-15 18:16:36 UTC | sent_date_max=2026-05-18 12:28:45 UTC | last_updated_min=2026-05-18 12:25:25 UTC | last_updated_max=2026-05-18 12:29:31 UTC
[2026-05-19 02:23:50] Page processed | start=36676 | range_processed=36700 | range_created=32284 | range_updated=4416 | range_skipped_no_hibob=0 | range_errors=0
[2026-05-19 02:23:50] Sleeping 3s before next page...
[2026-05-19 02:23:53] Requesting page | start=36701 | count=25 | date_start=05-01-2026T00:00:00+0000 | date_end=05-31-2026T23:59:59+0000
[2026-05-19 02:23:58] Page received | start=36701 | records=25 | hibob_records=6 | sent_date_min=2025-08-26 20:01:09 UTC | sent_date_max=2026-05-15 12:28:11 UTC | last_updated_min=2026-05-18 12:29:57 UTC | last_updated_max=2026-05-18 12:30:04 UTC
[2026-05-19 02:23:58] Page processed | start=36701 | range_processed=36725 | range_created=32309 | range_updated=4416 | range_skipped_no_hibob=0 | range_errors=0
[2026-05-19 02:23:58] Sleeping 3s before next page...
[2026-05-19 02:24:01] Requesting page | start=36726 | count=25 | date_start=05-01-2026T00:00:00+0000 | date_end=05-31-2026T23:59:59+0000
[2026-05-19 02:24:05] Page received | start=36726 | records=25 | hibob_records=3 | sent_date_min=2026-04-01 18:52:10 UTC | sent_date_max=2026-05-15 09:33:25 UTC | last_updated_min=2026-05-18 12:30:04 UTC | last_updated_max=2026-05-18 12:30:07 UTC
[2026-05-19 02:24:05] Page processed | start=36726 | range_processed=36750 | range_created=32334 | range_updated=4416 | range_skipped_no_hibob=0 | range_errors=0
[2026-05-19 02:24:05] Sleeping 3s before next page...
[2026-05-19 02:24:08] Requesting page | start=36751 | count=25 | date_start=05-01-2026T00:00:00+0000 | date_end=05-31-2026T23:59:59+0000
[2026-05-19 02:24:13] Page received | start=36751 | records=25 | hibob_records=2 | sent_date_min=2026-04-01 07:44:29 UTC | sent_date_max=2026-05-15 10:52:05 UTC | last_updated_min=2026-05-18 12:30:07 UTC | last_updated_max=2026-05-18 12:30:07 UTC
[2026-05-19 02:24:13] Page processed | start=36751 | range_processed=36775 | range_created=32356 | range_updated=4419 | range_skipped_no_hibob=0 | range_errors=0
[2026-05-19 02:24:13] Sleeping 3s before next page...
[2026-05-19 02:24:16] Requesting page | start=36776 | count=25 | date_start=05-01-2026T00:00:00+0000 | date_end=05-31-2026T23:59:59+0000
[2026-05-19 02:24:21] Page received | start=36776 | records=25 | hibob_records=8 | sent_date_min=2025-09-04 09:23:13 UTC | sent_date_max=2026-05-18 12:32:42 UTC | last_updated_min=2026-05-18 12:30:07 UTC | last_updated_max=2026-05-18 12:34:13 UTC
[2026-05-19 02:24:21] Page processed | start=36776 | range_processed=36800 | range_created=32381 | range_updated=4419 | range_skipped_no_hibob=0 | range_errors=0
[2026-05-19 02:24:21] Sleeping 3s before next page...
[2026-05-19 02:24:24] Requesting page | start=36801 | count=25 | date_start=05-01-2026T00:00:00+0000 | date_end=05-31-2026T23:59:59+0000
[2026-05-19 02:24:28] Page received | start=36801 | records=25 | hibob_records=6 | sent_date_min=2026-04-28 14:53:32 UTC | sent_date_max=2026-05-18 12:37:28 UTC | last_updated_min=2026-05-18 12:34:17 UTC | last_updated_max=2026-05-18 12:37:53 UTC
[2026-05-19 02:24:29] Page processed | start=36801 | range_processed=36825 | range_created=32406 | range_updated=4419 | range_skipped_no_hibob=0 | range_errors=0
[2026-05-19 02:24:29] Sleeping 3s before next page...
[2026-05-19 02:24:32] Requesting page | start=36826 | count=25 | date_start=05-01-2026T00:00:00+0000 | date_end=05-31-2026T23:59:59+0000
[2026-05-19 02:24:36] Page received | start=36826 | records=25 | hibob_records=8 | sent_date_min=2025-03-31 18:33:48 UTC | sent_date_max=2026-05-18 12:41:15 UTC | last_updated_min=2026-05-18 12:37:54 UTC | last_updated_max=2026-05-18 12:41:22 UTC
[2026-05-19 02:24:37] Page processed | start=36826 | range_processed=36850 | range_created=32431 | range_updated=4419 | range_skipped_no_hibob=0 | range_errors=0
[2026-05-19 02:24:37] Sleeping 3s before next page...
[2026-05-19 02:24:40] Requesting page | start=36851 | count=25 | date_start=05-01-2026T00:00:00+0000 | date_end=05-31-2026T23:59:59+0000
[2026-05-19 02:24:44] Page received | start=36851 | records=25 | hibob_records=8 | sent_date_min=2026-02-28 10:44:26 UTC | sent_date_max=2026-05-18 12:44:43 UTC | last_updated_min=2026-05-18 12:41:36 UTC | last_updated_max=2026-05-18 12:45:34 UTC
[2026-05-19 02:24:45] Page processed | start=36851 | range_processed=36875 | range_created=32455 | range_updated=4420 | range_skipped_no_hibob=0 | range_errors=0
[2026-05-19 02:24:45] Sleeping 3s before next page...
[2026-05-19 02:24:48] Requesting page | start=36876 | count=25 | date_start=05-01-2026T00:00:00+0000 | date_end=05-31-2026T23:59:59+0000
[2026-05-19 02:24:52] Page received | start=36876 | records=25 | hibob_records=10 | sent_date_min=2026-02-28 05:39:28 UTC | sent_date_max=2026-05-18 12:48:10 UTC | last_updated_min=2026-05-18 12:45:36 UTC | last_updated_max=2026-05-18 12:48:40 UTC
[2026-05-19 02:24:52] Page processed | start=36876 | range_processed=36900 | range_created=32478 | range_updated=4422 | range_skipped_no_hibob=0 | range_errors=0
[2026-05-19 02:24:52] Sleeping 3s before next page...
[2026-05-19 02:24:55] Requesting page | start=36901 | count=25 | date_start=05-01-2026T00:00:00+0000 | date_end=05-31-2026T23:59:59+0000
[2026-05-19 02:25:00] Page received | start=36901 | records=25 | hibob_records=6 | sent_date_min=2026-01-19 11:08:52 UTC | sent_date_max=2026-05-18 12:52:09 UTC | last_updated_min=2026-05-18 12:48:50 UTC | last_updated_max=2026-05-18 12:52:12 UTC
[2026-05-19 02:25:00] Page processed | start=36901 | range_processed=36925 | range_created=32502 | range_updated=4423 | range_skipped_no_hibob=0 | range_errors=0
[2026-05-19 02:25:00] Sleeping 3s before next page...
[2026-05-19 02:25:03] Requesting page | start=36926 | count=25 | date_start=05-01-2026T00:00:00+0000 | date_end=05-31-2026T23:59:59+0000
[2026-05-19 02:25:08] Page received | start=36926 | records=25 | hibob_records=9 | sent_date_min=2026-03-06 06:10:29 UTC | sent_date_max=2026-05-18 12:57:05 UTC | last_updated_min=2026-05-18 12:52:15 UTC | last_updated_max=2026-05-18 12:57:05 UTC
[2026-05-19 02:25:08] Page processed | start=36926 | range_processed=36950 | range_created=32527 | range_updated=4423 | range_skipped_no_hibob=0 | range_errors=0
[2026-05-19 02:25:08] Sleeping 3s before next page...
[2026-05-19 02:25:11] Requesting page | start=36951 | count=25 | date_start=05-01-2026T00:00:00+0000 | date_end=05-31-2026T23:59:59+0000
[2026-05-19 02:25:16] Page received | start=36951 | records=25 | hibob_records=6 | sent_date_min=2026-03-22 20:07:06 UTC | sent_date_max=2026-05-18 11:42:25 UTC | last_updated_min=2026-05-18 12:57:07 UTC | last_updated_max=2026-05-18 13:00:04 UTC
[2026-05-19 02:25:16] Page processed | start=36951 | range_processed=36975 | range_created=32551 | range_updated=4424 | range_skipped_no_hibob=0 | range_errors=0
[2026-05-19 02:25:16] Sleeping 3s before next page...
[2026-05-19 02:25:19] Requesting page | start=36976 | count=25 | date_start=05-01-2026T00:00:00+0000 | date_end=05-31-2026T23:59:59+0000
[2026-05-19 02:25:23] Page received | start=36976 | records=25 | hibob_records=5 | sent_date_min=2026-05-07 14:37:17 UTC | sent_date_max=2026-05-18 12:59:49 UTC | last_updated_min=2026-05-18 13:00:04 UTC | last_updated_max=2026-05-18 13:00:04 UTC
[2026-05-19 02:25:23] Page processed | start=36976 | range_processed=37000 | range_created=32576 | range_updated=4424 | range_skipped_no_hibob=0 | range_errors=0
[2026-05-19 02:25:23] Sleeping 3s before next page...
[2026-05-19 02:25:26] Requesting page | start=37001 | count=25 | date_start=05-01-2026T00:00:00+0000 | date_end=05-31-2026T23:59:59+0000
[2026-05-19 02:25:31] Page received | start=37001 | records=25 | hibob_records=8 | sent_date_min=2026-04-12 19:37:38 UTC | sent_date_max=2026-05-15 10:23:39 UTC | last_updated_min=2026-05-18 13:00:04 UTC | last_updated_max=2026-05-18 13:00:05 UTC
[2026-05-19 02:25:31] Page processed | start=37001 | range_processed=37025 | range_created=32600 | range_updated=4425 | range_skipped_no_hibob=0 | range_errors=0
[2026-05-19 02:25:31] Sleeping 3s before next page...
[2026-05-19 02:25:34] Requesting page | start=37026 | count=25 | date_start=05-01-2026T00:00:00+0000 | date_end=05-31-2026T23:59:59+0000
[2026-05-19 02:25:39] Page received | start=37026 | records=25 | hibob_records=4 | sent_date_min=2026-04-26 16:37:33 UTC | sent_date_max=2026-05-18 12:46:20 UTC | last_updated_min=2026-05-18 13:00:05 UTC | last_updated_max=2026-05-18 13:00:34 UTC
[2026-05-19 02:25:39] Page processed | start=37026 | range_processed=37050 | range_created=32625 | range_updated=4425 | range_skipped_no_hibob=0 | range_errors=0
[2026-05-19 02:25:39] Sleeping 3s before next page...
[2026-05-19 02:25:42] Requesting page | start=37051 | count=25 | date_start=05-01-2026T00:00:00+0000 | date_end=05-31-2026T23:59:59+0000
[2026-05-19 02:25:47] Page received | start=37051 | records=25 | hibob_records=4 | sent_date_min=2026-01-17 02:22:27 UTC | sent_date_max=2026-05-18 13:01:05 UTC | last_updated_min=2026-05-18 13:00:36 UTC | last_updated_max=2026-05-18 13:03:35 UTC
[2026-05-19 02:25:47] Page processed | start=37051 | range_processed=37075 | range_created=32648 | range_updated=4427 | range_skipped_no_hibob=0 | range_errors=0
[2026-05-19 02:25:47] Sleeping 3s before next page...
[2026-05-19 02:25:54] Page received | start=37076 | records=25 | hibob_records=7 | sent_date_min=2026-04-14 14:40:28 UTC | sent_date_max=2026-05-18 13:05:04 UTC | last_updated_min=2026-05-18 13:03:39 UTC | last_updated_max=2026-05-18 13:06:35 UTC
[2026-05-19 02:25:55] Page processed | start=37076 | range_processed=37100 | range_created=32672 | range_updated=4428 | range_skipped_no_hibob=0 | range_errors=0
[2026-05-19 02:25:55] Sleeping 3s before next page...
[2026-05-19 02:25:58] Requesting page | start=37101 | count=25 | date_start=05-01-2026T00:00:00+0000 | date_end=05-31-2026T23:59:59+0000
[2026-05-19 02:26:03] Page received | start=37101 | records=25 | hibob_records=3 | sent_date_min=2025-12-16 09:29:12 UTC | sent_date_max=2026-05-18 13:07:17 UTC | last_updated_min=2026-05-18 13:06:39 UTC | last_updated_max=2026-05-18 13:07:24 UTC
[2026-05-19 02:26:03] Page processed | start=37101 | range_processed=37125 | range_created=32696 | range_updated=4429 | range_skipped_no_hibob=0 | range_errors=0
[2026-05-19 02:26:03] Sleeping 3s before next page...
[2026-05-19 02:26:06] Requesting page | start=37126 | count=25 | date_start=05-01-2026T00:00:00+0000 | date_end=05-31-2026T23:59:59+0000
[2026-05-19 02:26:11] Page received | start=37126 | records=25 | hibob_records=6 | sent_date_min=2026-04-16 06:49:37 UTC | sent_date_max=2026-05-18 13:07:44 UTC | last_updated_min=2026-05-18 13:07:25 UTC | last_updated_max=2026-05-18 13:10:36 UTC
[2026-05-19 02:26:11] Page processed | start=37126 | range_processed=37150 | range_created=32720 | range_updated=4430 | range_skipped_no_hibob=0 | range_errors=0
[2026-05-19 02:26:11] Sleeping 3s before next page...
[2026-05-19 02:26:14] Requesting page | start=37151 | count=25 | date_start=05-01-2026T00:00:00+0000 | date_end=05-31-2026T23:59:59+0000
[2026-05-19 02:26:18] Page received | start=37151 | records=25 | hibob_records=7 | sent_date_min=2026-04-28 16:22:13 UTC | sent_date_max=2026-05-18 12:12:34 UTC | last_updated_min=2026-05-18 13:10:37 UTC | last_updated_max=2026-05-18 13:13:53 UTC
[2026-05-19 02:26:18] Page processed | start=37151 | range_processed=37175 | range_created=32745 | range_updated=4430 | range_skipped_no_hibob=0 | range_errors=0
[2026-05-19 02:26:18] Sleeping 3s before next page...
[2026-05-19 02:26:21] Requesting page | start=37176 | count=25 | date_start=05-01-2026T00:00:00+0000 | date_end=05-31-2026T23:59:59+0000
[2026-05-19 02:26:26] Page received | start=37176 | records=25 | hibob_records=10 | sent_date_min=2025-09-27 13:25:01 UTC | sent_date_max=2026-05-18 13:14:08 UTC | last_updated_min=2026-05-18 13:13:59 UTC | last_updated_max=2026-05-18 13:17:51 UTC
[2026-05-19 02:26:26] Page processed | start=37176 | range_processed=37200 | range_created=32769 | range_updated=4431 | range_skipped_no_hibob=0 | range_errors=0
[2026-05-19 02:26:26] Sleeping 3s before next page...
[2026-05-19 02:26:29] Requesting page | start=37201 | count=25 | date_start=05-01-2026T00:00:00+0000 | date_end=05-31-2026T23:59:59+0000
[2026-05-19 02:26:34] Page received | start=37201 | records=25 | hibob_records=9 | sent_date_min=2026-02-27 03:07:05 UTC | sent_date_max=2026-05-18 13:19:59 UTC | last_updated_min=2026-05-18 13:17:53 UTC | last_updated_max=2026-05-18 13:21:06 UTC
[2026-05-19 02:26:34] Page processed | start=37201 | range_processed=37225 | range_created=32792 | range_updated=4433 | range_skipped_no_hibob=0 | range_errors=0
[2026-05-19 02:26:34] Sleeping 3s before next page...
[2026-05-19 02:26:37] Requesting page | start=37226 | count=25 | date_start=05-01-2026T00:00:00+0000 | date_end=05-31-2026T23:59:59+0000
[2026-05-19 02:26:42] Page received | start=37226 | records=25 | hibob_records=7 | sent_date_min=2026-03-01 15:40:19 UTC | sent_date_max=2026-05-18 13:22:24 UTC | last_updated_min=2026-05-18 13:21:11 UTC | last_updated_max=2026-05-18 13:24:55 UTC
[2026-05-19 02:26:42] Page processed | start=37226 | range_processed=37250 | range_created=32817 | range_updated=4433 | range_skipped_no_hibob=0 | range_errors=0
[2026-05-19 02:26:42] Sleeping 3s before next page...
[2026-05-19 02:26:45] Requesting page | start=37251 | count=25 | date_start=05-01-2026T00:00:00+0000 | date_end=05-31-2026T23:59:59+0000
[2026-05-19 02:26:47] WARNING: Attempt 1/5 failed at start=37251 | status=500 | body={"candidates":[],"status":{"code":500,"messages":["Error occurred getting candidates"]}}
[2026-05-19 02:26:47] Sleeping 5s before retry...
[2026-05-19 02:26:57] Page received | start=37251 | records=25 | hibob_records=9 | sent_date_min=2026-02-15 19:52:11 UTC | sent_date_max=2026-05-18 13:30:10 UTC | last_updated_min=2026-05-18 13:24:56 UTC | last_updated_max=2026-05-18 13:30:10 UTC
[2026-05-19 02:26:57] Page processed | start=37251 | range_processed=37275 | range_created=32841 | range_updated=4434 | range_skipped_no_hibob=0 | range_errors=0
[2026-05-19 02:26:57] Sleeping 3s before next page...
[2026-05-19 02:27:00] Requesting page | start=37276 | count=25 | date_start=05-01-2026T00:00:00+0000 | date_end=05-31-2026T23:59:59+0000
[2026-05-19 02:27:05] Page received | start=37276 | records=25 | hibob_records=16 | sent_date_min=2026-03-13 05:52:24 UTC | sent_date_max=2026-05-18 13:33:37 UTC | last_updated_min=2026-05-18 13:30:12 UTC | last_updated_max=2026-05-18 13:34:27 UTC
[2026-05-19 02:27:05] Page processed | start=37276 | range_processed=37300 | range_created=32866 | range_updated=4434 | range_skipped_no_hibob=0 | range_errors=0
[2026-05-19 02:27:05] Sleeping 3s before next page...
[2026-05-19 02:27:08] Requesting page | start=37301 | count=25 | date_start=05-01-2026T00:00:00+0000 | date_end=05-31-2026T23:59:59+0000
[2026-05-19 02:27:13] Page received | start=37301 | records=25 | hibob_records=6 | sent_date_min=2026-04-01 06:37:19 UTC | sent_date_max=2026-05-18 13:37:37 UTC | last_updated_min=2026-05-18 13:34:46 UTC | last_updated_max=2026-05-18 13:38:54 UTC
[2026-05-19 02:27:13] Page processed | start=37301 | range_processed=37325 | range_created=32891 | range_updated=4434 | range_skipped_no_hibob=0 | range_errors=0
[2026-05-19 02:27:13] Sleeping 3s before next page...
[2026-05-19 02:27:16] Requesting page | start=37326 | count=25 | date_start=05-01-2026T00:00:00+0000 | date_end=05-31-2026T23:59:59+0000
[2026-05-19 02:27:20] Page received | start=37326 | records=25 | hibob_records=3 | sent_date_min=2026-02-20 17:12:30 UTC | sent_date_max=2026-05-18 13:43:32 UTC | last_updated_min=2026-05-18 13:38:55 UTC | last_updated_max=2026-05-18 13:45:54 UTC
[2026-05-19 02:27:21] Page processed | start=37326 | range_processed=37350 | range_created=32914 | range_updated=4436 | range_skipped_no_hibob=0 | range_errors=0
[2026-05-19 02:27:21] Sleeping 3s before next page...
[2026-05-19 02:27:24] Requesting page | start=37351 | count=25 | date_start=05-01-2026T00:00:00+0000 | date_end=05-31-2026T23:59:59+0000
[2026-05-19 02:27:28] Page received | start=37351 | records=25 | hibob_records=7 | sent_date_min=2026-03-23 15:50:10 UTC | sent_date_max=2026-05-18 13:52:31 UTC | last_updated_min=2026-05-18 13:46:01 UTC | last_updated_max=2026-05-18 13:52:31 UTC
[2026-05-19 02:27:29] Page processed | start=37351 | range_processed=37375 | range_created=32937 | range_updated=4438 | range_skipped_no_hibob=0 | range_errors=0
[2026-05-19 02:27:29] Sleeping 3s before next page...
[2026-05-19 02:27:32] Requesting page | start=37376 | count=25 | date_start=05-01-2026T00:00:00+0000 | date_end=05-31-2026T23:59:59+0000
[2026-05-19 02:27:36] Page received | start=37376 | records=25 | hibob_records=4 | sent_date_min=2026-04-02 14:52:33 UTC | sent_date_max=2026-05-18 13:56:54 UTC | last_updated_min=2026-05-18 13:52:41 UTC | last_updated_max=2026-05-18 13:56:56 UTC
[2026-05-19 02:27:36] Page processed | start=37376 | range_processed=37400 | range_created=32962 | range_updated=4438 | range_skipped_no_hibob=0 | range_errors=0
[2026-05-19 02:27:36] Sleeping 3s before next page...
[2026-05-19 02:27:39] Requesting page | start=37401 | count=25 | date_start=05-01-2026T00:00:00+0000 | date_end=05-31-2026T23:59:59+0000
[2026-05-19 02:27:44] Page received | start=37401 | records=25 | hibob_records=9 | sent_date_min=2026-04-19 00:38:27 UTC | sent_date_max=2026-05-18 13:56:58 UTC | last_updated_min=2026-05-18 13:56:58 UTC | last_updated_max=2026-05-18 14:02:36 UTC
[2026-05-19 02:27:44] Page processed | start=37401 | range_processed=37425 | range_created=32987 | range_updated=4438 | range_skipped_no_hibob=0 | range_errors=0
[2026-05-19 02:27:44] Sleeping 3s before next page...
[2026-05-19 02:27:47] Requesting page | start=37426 | count=25 | date_start=05-01-2026T00:00:00+0000 | date_end=05-31-2026T23:59:59+0000
[2026-05-19 02:27:51] Page received | start=37426 | records=25 | hibob_records=11 | sent_date_min=2026-02-27 16:22:02 UTC | sent_date_max=2026-05-18 07:51:47 UTC | last_updated_min=2026-05-18 14:02:39 UTC | last_updated_max=2026-05-18 14:06:14 UTC
[2026-05-19 02:27:52] Page processed | start=37426 | range_processed=37450 | range_created=33010 | range_updated=4440 | range_skipped_no_hibob=0 | range_errors=0
[2026-05-19 02:27:52] Sleeping 3s before next page...
[2026-05-19 02:27:55] Requesting page | start=37451 | count=25 | date_start=05-01-2026T00:00:00+0000 | date_end=05-31-2026T23:59:59+0000
[2026-05-19 02:27:59] Page received | start=37451 | records=25 | hibob_records=10 | sent_date_min=2026-05-05 21:37:17 UTC | sent_date_max=2026-05-18 14:07:32 UTC | last_updated_min=2026-05-18 14:06:14 UTC | last_updated_max=2026-05-18 14:07:32 UTC
[2026-05-19 02:27:59] Page processed | start=37451 | range_processed=37475 | range_created=33035 | range_updated=4440 | range_skipped_no_hibob=0 | range_errors=0
[2026-05-19 02:27:59] Sleeping 3s before next page...
[2026-05-19 02:28:02] Requesting page | start=37476 | count=25 | date_start=05-01-2026T00:00:00+0000 | date_end=05-31-2026T23:59:59+0000
[2026-05-19 02:28:07] Page received | start=37476 | records=25 | hibob_records=4 | sent_date_min=2026-05-04 14:07:23 UTC | sent_date_max=2026-05-18 14:09:13 UTC | last_updated_min=2026-05-18 14:07:38 UTC | last_updated_max=2026-05-18 14:10:41 UTC
[2026-05-19 02:28:07] Page processed | start=37476 | range_processed=37500 | range_created=33060 | range_updated=4440 | range_skipped_no_hibob=0 | range_errors=0
[2026-05-19 02:28:07] Sleeping 3s before next page...
[2026-05-19 02:28:10] Requesting page | start=37501 | count=25 | date_start=05-01-2026T00:00:00+0000 | date_end=05-31-2026T23:59:59+0000
[2026-05-19 02:28:15] Page received | start=37501 | records=25 | hibob_records=11 | sent_date_min=2026-04-02 17:28:35 UTC | sent_date_max=2026-05-18 14:17:07 UTC | last_updated_min=2026-05-18 14:10:46 UTC | last_updated_max=2026-05-18 14:17:13 UTC
[2026-05-19 02:28:15] Page processed | start=37501 | range_processed=37525 | range_created=33085 | range_updated=4440 | range_skipped_no_hibob=0 | range_errors=0
[2026-05-19 02:28:15] Sleeping 3s before next page...
[2026-05-19 02:28:18] Requesting page | start=37526 | count=25 | date_start=05-01-2026T00:00:00+0000 | date_end=05-31-2026T23:59:59+0000
[2026-05-19 02:28:22] Page received | start=37526 | records=25 | hibob_records=9 | sent_date_min=2026-03-11 00:37:11 UTC | sent_date_max=2026-05-18 14:22:07 UTC | last_updated_min=2026-05-18 14:17:20 UTC | last_updated_max=2026-05-18 14:22:07 UTC
[2026-05-19 02:28:22] Page processed | start=37526 | range_processed=37550 | range_created=33110 | range_updated=4440 | range_skipped_no_hibob=0 | range_errors=0
[2026-05-19 02:28:22] Sleeping 3s before next page...
[2026-05-19 02:28:25] Requesting page | start=37551 | count=25 | date_start=05-01-2026T00:00:00+0000 | date_end=05-31-2026T23:59:59+0000
[2026-05-19 02:28:30] Page received | start=37551 | records=25 | hibob_records=5 | sent_date_min=2026-04-10 10:24:08 UTC | sent_date_max=2026-05-18 14:28:00 UTC | last_updated_min=2026-05-18 14:22:16 UTC | last_updated_max=2026-05-18 14:28:20 UTC
[2026-05-19 02:28:30] Page processed | start=37551 | range_processed=37575 | range_created=33135 | range_updated=4440 | range_skipped_no_hibob=0 | range_errors=0
[2026-05-19 02:28:30] Sleeping 3s before next page...
[2026-05-19 02:28:33] Requesting page | start=37576 | count=25 | date_start=05-01-2026T00:00:00+0000 | date_end=05-31-2026T23:59:59+0000
[2026-05-19 02:28:43] Page received | start=37576 | records=25 | hibob_records=7 | sent_date_min=2026-02-25 05:45:37 UTC | sent_date_max=2026-05-18 14:34:35 UTC | last_updated_min=2026-05-18 14:29:09 UTC | last_updated_max=2026-05-18 14:34:35 UTC
[2026-05-19 02:28:43] Page processed | start=37576 | range_processed=37600 | range_created=33160 | range_updated=4440 | range_skipped_no_hibob=0 | range_errors=0
[2026-05-19 02:28:43] Sleeping 3s before next page...
[2026-05-19 02:28:46] Requesting page | start=37601 | count=25 | date_start=05-01-2026T00:00:00+0000 | date_end=05-31-2026T23:59:59+0000
[2026-05-19 02:28:51] Page received | start=37601 | records=25 | hibob_records=5 | sent_date_min=2026-02-28 11:51:38 UTC | sent_date_max=2026-05-18 14:37:17 UTC | last_updated_min=2026-05-18 14:34:46 UTC | last_updated_max=2026-05-18 14:37:17 UTC
[2026-05-19 02:28:51] Page processed | start=37601 | range_processed=37625 | range_created=33184 | range_updated=4441 | range_skipped_no_hibob=0 | range_errors=0
[2026-05-19 02:28:51] Sleeping 3s before next page...
[2026-05-19 02:28:54] Requesting page | start=37626 | count=25 | date_start=05-01-2026T00:00:00+0000 | date_end=05-31-2026T23:59:59+0000
[2026-05-19 02:28:58] Page received | start=37626 | records=25 | hibob_records=5 | sent_date_min=2026-04-16 20:37:24 UTC | sent_date_max=2026-05-18 14:40:10 UTC | last_updated_min=2026-05-18 14:37:27 UTC | last_updated_max=2026-05-18 14:40:27 UTC
[2026-05-19 02:28:58] Page processed | start=37626 | range_processed=37650 | range_created=33209 | range_updated=4441 | range_skipped_no_hibob=0 | range_errors=0
[2026-05-19 02:28:58] Sleeping 3s before next page...
[2026-05-19 02:29:01] Requesting page | start=37651 | count=25 | date_start=05-01-2026T00:00:00+0000 | date_end=05-31-2026T23:59:59+0000
[2026-05-19 02:29:06] Page received | start=37651 | records=25 | hibob_records=5 | sent_date_min=2025-08-29 12:20:58 UTC | sent_date_max=2026-05-18 12:38:10 UTC | last_updated_min=2026-05-18 14:40:32 UTC | last_updated_max=2026-05-18 14:45:08 UTC
[2026-05-19 02:29:06] Page processed | start=37651 | range_processed=37675 | range_created=33234 | range_updated=4441 | range_skipped_no_hibob=0 | range_errors=0
[2026-05-19 02:29:06] Sleeping 3s before next page...
[2026-05-19 02:29:09] Requesting page | start=37676 | count=25 | date_start=05-01-2026T00:00:00+0000 | date_end=05-31-2026T23:59:59+0000
[2026-05-19 02:29:13] Page received | start=37676 | records=25 | hibob_records=5 | sent_date_min=2026-03-31 21:29:14 UTC | sent_date_max=2026-05-18 12:39:12 UTC | last_updated_min=2026-05-18 14:45:42 UTC | last_updated_max=2026-05-18 14:50:08 UTC
[2026-05-19 02:29:14] Page processed | start=37676 | range_processed=37700 | range_created=33258 | range_updated=4442 | range_skipped_no_hibob=0 | range_errors=0
[2026-05-19 02:29:14] Sleeping 3s before next page...
[2026-05-19 02:29:17] Requesting page | start=37701 | count=25 | date_start=05-01-2026T00:00:00+0000 | date_end=05-31-2026T23:59:59+0000
[2026-05-19 02:29:21] Page received | start=37701 | records=25 | hibob_records=3 | sent_date_min=2026-03-29 19:52:25 UTC | sent_date_max=2026-05-18 14:53:06 UTC | last_updated_min=2026-05-18 14:50:11 UTC | last_updated_max=2026-05-18 14:53:06 UTC
[2026-05-19 02:29:21] Page processed | start=37701 | range_processed=37725 | range_created=33283 | range_updated=4442 | range_skipped_no_hibob=0 | range_errors=0
[2026-05-19 02:29:21] Sleeping 3s before next page...
[2026-05-19 02:29:24] Requesting page | start=37726 | count=25 | date_start=05-01-2026T00:00:00+0000 | date_end=05-31-2026T23:59:59+0000
[2026-05-19 02:29:29] Page received | start=37726 | records=25 | hibob_records=4 | sent_date_min=2026-03-18 09:40:38 UTC | sent_date_max=2026-05-18 15:00:04 UTC | last_updated_min=2026-05-18 14:53:12 UTC | last_updated_max=2026-05-18 15:00:06 UTC
[2026-05-19 02:29:29] Page processed | start=37726 | range_processed=37750 | range_created=33308 | range_updated=4442 | range_skipped_no_hibob=0 | range_errors=0
[2026-05-19 02:29:29] Sleeping 3s before next page...
[2026-05-19 02:29:32] Requesting page | start=37751 | count=25 | date_start=05-01-2026T00:00:00+0000 | date_end=05-31-2026T23:59:59+0000
[2026-05-19 02:29:37] Page received | start=37751 | records=25 | hibob_records=3 | sent_date_min=2026-01-30 09:29:58 UTC | sent_date_max=2026-05-18 15:07:23 UTC | last_updated_min=2026-05-18 15:00:07 UTC | last_updated_max=2026-05-18 15:07:29 UTC
[2026-05-19 02:29:37] Page processed | start=37751 | range_processed=37775 | range_created=33331 | range_updated=4444 | range_skipped_no_hibob=0 | range_errors=0
[2026-05-19 02:29:37] Sleeping 3s before next page...
[2026-05-19 02:29:40] Requesting page | start=37776 | count=25 | date_start=05-01-2026T00:00:00+0000 | date_end=05-31-2026T23:59:59+0000
[2026-05-19 02:29:44] Page received | start=37776 | records=25 | hibob_records=5 | sent_date_min=2025-11-16 13:53:26 UTC | sent_date_max=2026-05-18 15:18:23 UTC | last_updated_min=2026-05-18 15:07:41 UTC | last_updated_max=2026-05-18 15:20:17 UTC
[2026-05-19 02:29:45] Page processed | start=37776 | range_processed=37800 | range_created=33356 | range_updated=4444 | range_skipped_no_hibob=0 | range_errors=0
[2026-05-19 02:29:45] Sleeping 3s before next page...
[2026-05-19 02:29:48] Requesting page | start=37801 | count=25 | date_start=05-01-2026T00:00:00+0000 | date_end=05-31-2026T23:59:59+0000
[2026-05-19 02:29:52] Page received | start=37801 | records=25 | hibob_records=8 | sent_date_min=2026-02-26 23:38:30 UTC | sent_date_max=2026-05-18 15:26:27 UTC | last_updated_min=2026-05-18 15:20:35 UTC | last_updated_max=2026-05-18 15:26:27 UTC
[2026-05-19 02:29:52] Page processed | start=37801 | range_processed=37825 | range_created=33381 | range_updated=4444 | range_skipped_no_hibob=0 | range_errors=0
[2026-05-19 02:29:52] Sleeping 3s before next page...
[2026-05-19 02:29:55] Requesting page | start=37826 | count=25 | date_start=05-01-2026T00:00:00+0000 | date_end=05-31-2026T23:59:59+0000
[2026-05-19 02:30:01] Page received | start=37826 | records=25 | hibob_records=10 | sent_date_min=2026-02-19 15:25:24 UTC | sent_date_max=2026-05-18 15:27:17 UTC | last_updated_min=2026-05-18 15:26:40 UTC | last_updated_max=2026-05-18 15:35:35 UTC
[2026-05-19 02:30:01] Page processed | start=37826 | range_processed=37850 | range_created=33406 | range_updated=4444 | range_skipped_no_hibob=0 | range_errors=0
[2026-05-19 02:30:01] Sleeping 3s before next page...
[2026-05-19 02:30:04] Requesting page | start=37851 | count=25 | date_start=05-01-2026T00:00:00+0000 | date_end=05-31-2026T23:59:59+0000
[2026-05-19 02:30:09] Page received | start=37851 | records=25 | hibob_records=5 | sent_date_min=2026-01-19 08:38:25 UTC | sent_date_max=2026-05-18 15:45:55 UTC | last_updated_min=2026-05-18 15:36:54 UTC | last_updated_max=2026-05-18 15:46:30 UTC
[2026-05-19 02:30:09] Page processed | start=37851 | range_processed=37875 | range_created=33431 | range_updated=4444 | range_skipped_no_hibob=0 | range_errors=0
[2026-05-19 02:30:09] Sleeping 3s before next page...
[2026-05-19 02:30:12] Requesting page | start=37876 | count=25 | date_start=05-01-2026T00:00:00+0000 | date_end=05-31-2026T23:59:59+0000
[2026-05-19 02:30:16] Page received | start=37876 | records=25 | hibob_records=4 | sent_date_min=2026-04-22 14:30:11 UTC | sent_date_max=2026-05-18 15:53:49 UTC | last_updated_min=2026-05-18 15:48:02 UTC | last_updated_max=2026-05-18 15:54:32 UTC
[2026-05-19 02:30:17] Page processed | start=37876 | range_processed=37900 | range_created=33456 | range_updated=4444 | range_skipped_no_hibob=0 | range_errors=0
[2026-05-19 02:30:17] Sleeping 3s before next page...
[2026-05-19 02:30:20] Requesting page | start=37901 | count=25 | date_start=05-01-2026T00:00:00+0000 | date_end=05-31-2026T23:59:59+0000
[2026-05-19 02:30:26] Page received | start=37901 | records=25 | hibob_records=3 | sent_date_min=2025-12-11 16:37:10 UTC | sent_date_max=2026-05-18 16:11:49 UTC | last_updated_min=2026-05-18 15:54:32 UTC | last_updated_max=2026-05-18 16:12:03 UTC
[2026-05-19 02:30:26] Page processed | start=37901 | range_processed=37925 | range_created=33481 | range_updated=4444 | range_skipped_no_hibob=0 | range_errors=0
[2026-05-19 02:30:26] Sleeping 3s before next page...
[2026-05-19 02:30:29] Requesting page | start=37926 | count=25 | date_start=05-01-2026T00:00:00+0000 | date_end=05-31-2026T23:59:59+0000
[2026-05-19 02:30:34] Page received | start=37926 | records=25 | hibob_records=0 | sent_date_min=2025-12-18 10:07:51 UTC | sent_date_max=2026-04-27 19:38:21 UTC | last_updated_min=2026-05-18 16:12:04 UTC | last_updated_max=2026-05-18 16:12:12 UTC
[2026-05-19 02:30:35] Page processed | start=37926 | range_processed=37950 | range_created=33500 | range_updated=4450 | range_skipped_no_hibob=0 | range_errors=0
[2026-05-19 02:30:35] Sleeping 3s before next page...
[2026-05-19 02:30:38] Requesting page | start=37951 | count=25 | date_start=05-01-2026T00:00:00+0000 | date_end=05-31-2026T23:59:59+0000
[2026-05-19 02:30:43] Page received | start=37951 | records=25 | hibob_records=2 | sent_date_min=2026-04-27 21:22:22 UTC | sent_date_max=2026-05-18 16:12:32 UTC | last_updated_min=2026-05-18 16:12:12 UTC | last_updated_max=2026-05-18 16:12:32 UTC
[2026-05-19 02:30:43] Page processed | start=37951 | range_processed=37975 | range_created=33525 | range_updated=4450 | range_skipped_no_hibob=0 | range_errors=0
[2026-05-19 02:30:43] Sleeping 3s before next page...
[2026-05-19 02:30:46] Requesting page | start=37976 | count=25 | date_start=05-01-2026T00:00:00+0000 | date_end=05-31-2026T23:59:59+0000
[2026-05-19 02:30:55] Page received | start=37976 | records=25 | hibob_records=8 | sent_date_min=2025-12-10 09:51:17 UTC | sent_date_max=2026-05-18 16:33:49 UTC | last_updated_min=2026-05-18 16:13:11 UTC | last_updated_max=2026-05-18 16:33:49 UTC
[2026-05-19 02:30:56] Page processed | start=37976 | range_processed=38000 | range_created=33549 | range_updated=4451 | range_skipped_no_hibob=0 | range_errors=0
[2026-05-19 02:30:56] Sleeping 3s before next page...
[2026-05-19 02:30:59] Requesting page | start=38001 | count=25 | date_start=05-01-2026T00:00:00+0000 | date_end=05-31-2026T23:59:59+0000
[2026-05-19 02:31:03] Page received | start=38001 | records=25 | hibob_records=7 | sent_date_min=2025-12-04 12:25:13 UTC | sent_date_max=2026-05-18 16:51:07 UTC | last_updated_min=2026-05-18 16:33:50 UTC | last_updated_max=2026-05-18 16:51:10 UTC
[2026-05-19 02:31:03] Page processed | start=38001 | range_processed=38025 | range_created=33573 | range_updated=4452 | range_skipped_no_hibob=0 | range_errors=0
[2026-05-19 02:31:03] Sleeping 3s before next page...
[2026-05-19 02:31:06] Requesting page | start=38026 | count=25 | date_start=05-01-2026T00:00:00+0000 | date_end=05-31-2026T23:59:59+0000
[2026-05-19 02:31:12] Page received | start=38026 | records=25 | hibob_records=6 | sent_date_min=2026-02-27 22:07:13 UTC | sent_date_max=2026-05-18 17:07:31 UTC | last_updated_min=2026-05-18 16:51:11 UTC | last_updated_max=2026-05-18 17:12:23 UTC
[2026-05-19 02:31:12] Page processed | start=38026 | range_processed=38050 | range_created=33598 | range_updated=4452 | range_skipped_no_hibob=0 | range_errors=0
[2026-05-19 02:31:12] Sleeping 3s before next page...
[2026-05-19 02:31:15] Requesting page | start=38051 | count=25 | date_start=05-01-2026T00:00:00+0000 | date_end=05-31-2026T23:59:59+0000
[2026-05-19 02:31:20] Page received | start=38051 | records=25 | hibob_records=2 | sent_date_min=2026-04-24 12:34:56 UTC | sent_date_max=2026-05-18 17:19:10 UTC | last_updated_min=2026-05-18 17:12:59 UTC | last_updated_max=2026-05-18 17:19:10 UTC
[2026-05-19 02:31:20] Page processed | start=38051 | range_processed=38075 | range_created=33623 | range_updated=4452 | range_skipped_no_hibob=0 | range_errors=0
[2026-05-19 02:31:20] Sleeping 3s before next page...
[2026-05-19 02:31:23] Requesting page | start=38076 | count=25 | date_start=05-01-2026T00:00:00+0000 | date_end=05-31-2026T23:59:59+0000
[2026-05-19 02:31:27] Page received | start=38076 | records=25 | hibob_records=6 | sent_date_min=2026-03-14 05:52:13 UTC | sent_date_max=2026-05-18 17:32:27 UTC | last_updated_min=2026-05-18 17:20:27 UTC | last_updated_max=2026-05-18 17:35:56 UTC
[2026-05-19 02:31:27] Page processed | start=38076 | range_processed=38100 | range_created=33647 | range_updated=4453 | range_skipped_no_hibob=0 | range_errors=0
[2026-05-19 02:31:27] Sleeping 3s before next page...
[2026-05-19 02:31:30] Requesting page | start=38101 | count=25 | date_start=05-01-2026T00:00:00+0000 | date_end=05-31-2026T23:59:59+0000
[2026-05-19 02:31:34] Page received | start=38101 | records=25 | hibob_records=1 | sent_date_min=2026-05-15 18:07:06 UTC | sent_date_max=2026-05-18 17:37:27 UTC | last_updated_min=2026-05-18 17:35:56 UTC | last_updated_max=2026-05-18 17:37:27 UTC
[2026-05-19 02:31:34] Page processed | start=38101 | range_processed=38125 | range_created=33672 | range_updated=4453 | range_skipped_no_hibob=0 | range_errors=0
[2026-05-19 02:31:34] Sleeping 3s before next page...
[2026-05-19 02:31:37] Requesting page | start=38126 | count=25 | date_start=05-01-2026T00:00:00+0000 | date_end=05-31-2026T23:59:59+0000
[2026-05-19 02:31:41] Page received | start=38126 | records=25 | hibob_records=0 | sent_date_min=2026-05-15 14:07:31 UTC | sent_date_max=2026-05-18 17:37:33 UTC | last_updated_min=2026-05-18 17:37:33 UTC | last_updated_max=2026-05-18 17:37:36 UTC
[2026-05-19 02:31:41] Page processed | start=38126 | range_processed=38150 | range_created=33697 | range_updated=4453 | range_skipped_no_hibob=0 | range_errors=0
[2026-05-19 02:31:41] Sleeping 3s before next page...
[2026-05-19 02:31:44] Requesting page | start=38151 | count=25 | date_start=05-01-2026T00:00:00+0000 | date_end=05-31-2026T23:59:59+0000
[2026-05-19 02:31:49] Page received | start=38151 | records=25 | hibob_records=0 | sent_date_min=2026-03-21 14:22:03 UTC | sent_date_max=2026-05-18 17:52:22 UTC | last_updated_min=2026-05-18 17:37:37 UTC | last_updated_max=2026-05-18 17:52:22 UTC
[2026-05-19 02:31:49] Page processed | start=38151 | range_processed=38175 | range_created=33721 | range_updated=4454 | range_skipped_no_hibob=0 | range_errors=0
[2026-05-19 02:31:49] Sleeping 3s before next page...
[2026-05-19 02:31:52] Requesting page | start=38176 | count=25 | date_start=05-01-2026T00:00:00+0000 | date_end=05-31-2026T23:59:59+0000
[2026-05-19 02:31:57] Page received | start=38176 | records=25 | hibob_records=3 | sent_date_min=2026-05-05 14:31:18 UTC | sent_date_max=2026-05-18 18:09:26 UTC | last_updated_min=2026-05-18 17:52:28 UTC | last_updated_max=2026-05-18 18:09:26 UTC
[2026-05-19 02:31:57] Page processed | start=38176 | range_processed=38200 | range_created=33746 | range_updated=4454 | range_skipped_no_hibob=0 | range_errors=0
[2026-05-19 02:31:57] Sleeping 3s before next page...
[2026-05-19 02:32:00] Requesting page | start=38201 | count=25 | date_start=05-01-2026T00:00:00+0000 | date_end=05-31-2026T23:59:59+0000
[2026-05-19 02:32:04] Page received | start=38201 | records=25 | hibob_records=4 | sent_date_min=2026-04-26 18:01:38 UTC | sent_date_max=2026-05-18 18:22:16 UTC | last_updated_min=2026-05-18 18:09:35 UTC | last_updated_max=2026-05-18 18:22:16 UTC
[2026-05-19 02:32:04] Page processed | start=38201 | range_processed=38225 | range_created=33771 | range_updated=4454 | range_skipped_no_hibob=0 | range_errors=0
[2026-05-19 02:32:04] Sleeping 3s before next page...
[2026-05-19 02:32:07] Requesting page | start=38226 | count=25 | date_start=05-01-2026T00:00:00+0000 | date_end=05-31-2026T23:59:59+0000
[2026-05-19 02:32:12] Page received | start=38226 | records=25 | hibob_records=4 | sent_date_min=2026-03-30 16:53:05 UTC | sent_date_max=2026-05-18 18:37:11 UTC | last_updated_min=2026-05-18 18:22:22 UTC | last_updated_max=2026-05-18 18:37:11 UTC
[2026-05-19 02:32:12] Page processed | start=38226 | range_processed=38250 | range_created=33796 | range_updated=4454 | range_skipped_no_hibob=0 | range_errors=0
[2026-05-19 02:32:12] Sleeping 3s before next page...
[2026-05-19 02:32:15] Requesting page | start=38251 | count=25 | date_start=05-01-2026T00:00:00+0000 | date_end=05-31-2026T23:59:59+0000
[2026-05-19 02:32:19] Page received | start=38251 | records=25 | hibob_records=4 | sent_date_min=2025-06-20 22:28:37 UTC | sent_date_max=2026-05-18 18:52:43 UTC | last_updated_min=2026-05-18 18:37:23 UTC | last_updated_max=2026-05-18 19:00:23 UTC
[2026-05-19 02:32:20] Page processed | start=38251 | range_processed=38275 | range_created=33821 | range_updated=4454 | range_skipped_no_hibob=0 | range_errors=0
[2026-05-19 02:32:20] Sleeping 3s before next page...
[2026-05-19 02:32:23] Requesting page | start=38276 | count=25 | date_start=05-01-2026T00:00:00+0000 | date_end=05-31-2026T23:59:59+0000
[2026-05-19 02:32:28] Page received | start=38276 | records=25 | hibob_records=3 | sent_date_min=2026-03-30 18:52:19 UTC | sent_date_max=2026-05-18 19:22:16 UTC | last_updated_min=2026-05-18 19:00:26 UTC | last_updated_max=2026-05-18 19:22:16 UTC
[2026-05-19 02:32:28] Page processed | start=38276 | range_processed=38300 | range_created=33845 | range_updated=4455 | range_skipped_no_hibob=0 | range_errors=0
[2026-05-19 02:32:28] Sleeping 3s before next page...
[2026-05-19 02:32:31] Requesting page | start=38301 | count=25 | date_start=05-01-2026T00:00:00+0000 | date_end=05-31-2026T23:59:59+0000
[2026-05-19 02:32:36] Page received | start=38301 | records=25 | hibob_records=9 | sent_date_min=2025-12-22 14:38:24 UTC | sent_date_max=2026-05-18 19:29:42 UTC | last_updated_min=2026-05-18 19:25:25 UTC | last_updated_max=2026-05-18 19:31:28 UTC
[2026-05-19 02:32:36] Page processed | start=38301 | range_processed=38325 | range_created=33861 | range_updated=4464 | range_skipped_no_hibob=0 | range_errors=0
[2026-05-19 02:32:36] Sleeping 3s before next page...
[2026-05-19 02:32:39] Requesting page | start=38326 | count=25 | date_start=05-01-2026T00:00:00+0000 | date_end=05-31-2026T23:59:59+0000
[2026-05-19 02:32:43] Page received | start=38326 | records=25 | hibob_records=9 | sent_date_min=2026-03-06 15:06:22 UTC | sent_date_max=2026-05-18 19:58:33 UTC | last_updated_min=2026-05-18 19:35:47 UTC | last_updated_max=2026-05-18 20:00:20 UTC
[2026-05-19 02:32:43] Page processed | start=38326 | range_processed=38350 | range_created=33886 | range_updated=4464 | range_skipped_no_hibob=0 | range_errors=0
[2026-05-19 02:32:43] Sleeping 3s before next page...
[2026-05-19 02:32:46] Requesting page | start=38351 | count=25 | date_start=05-01-2026T00:00:00+0000 | date_end=05-31-2026T23:59:59+0000
[2026-05-19 02:32:51] Page received | start=38351 | records=25 | hibob_records=5 | sent_date_min=2026-02-27 16:07:21 UTC | sent_date_max=2026-05-18 20:22:20 UTC | last_updated_min=2026-05-18 20:00:20 UTC | last_updated_max=2026-05-18 20:22:20 UTC
[2026-05-19 02:32:51] Page processed | start=38351 | range_processed=38375 | range_created=33911 | range_updated=4464 | range_skipped_no_hibob=0 | range_errors=0
[2026-05-19 02:32:51] Sleeping 3s before next page...
[2026-05-19 02:32:54] Requesting page | start=38376 | count=25 | date_start=05-01-2026T00:00:00+0000 | date_end=05-31-2026T23:59:59+0000
[2026-05-19 02:32:59] Page received | start=38376 | records=25 | hibob_records=5 | sent_date_min=2026-03-09 19:42:56 UTC | sent_date_max=2026-05-18 20:44:27 UTC | last_updated_min=2026-05-18 20:22:26 UTC | last_updated_max=2026-05-18 20:49:36 UTC
[2026-05-19 02:32:59] Page processed | start=38376 | range_processed=38400 | range_created=33936 | range_updated=4464 | range_skipped_no_hibob=0 | range_errors=0
[2026-05-19 02:32:59] Sleeping 3s before next page...
[2026-05-19 02:33:02] Requesting page | start=38401 | count=25 | date_start=05-01-2026T00:00:00+0000 | date_end=05-31-2026T23:59:59+0000
[2026-05-19 02:33:07] Page received | start=38401 | records=25 | hibob_records=6 | sent_date_min=2026-04-13 14:43:35 UTC | sent_date_max=2026-05-18 21:07:40 UTC | last_updated_min=2026-05-18 20:51:32 UTC | last_updated_max=2026-05-18 21:07:40 UTC
[2026-05-19 02:33:07] Page processed | start=38401 | range_processed=38425 | range_created=33961 | range_updated=4464 | range_skipped_no_hibob=0 | range_errors=0
[2026-05-19 02:33:07] Sleeping 3s before next page...
[2026-05-19 02:33:10] Requesting page | start=38426 | count=25 | date_start=05-01-2026T00:00:00+0000 | date_end=05-31-2026T23:59:59+0000
[2026-05-19 02:33:15] Page received | start=38426 | records=25 | hibob_records=8 | sent_date_min=2026-02-23 08:43:36 UTC | sent_date_max=2026-05-18 21:52:26 UTC | last_updated_min=2026-05-18 21:07:43 UTC | last_updated_max=2026-05-18 21:52:26 UTC
[2026-05-19 02:33:15] Page processed | start=38426 | range_processed=38450 | range_created=33985 | range_updated=4465 | range_skipped_no_hibob=0 | range_errors=0
[2026-05-19 02:33:15] Sleeping 3s before next page...
[2026-05-19 02:33:18] Requesting page | start=38451 | count=25 | date_start=05-01-2026T00:00:00+0000 | date_end=05-31-2026T23:59:59+0000
[2026-05-19 02:33:22] Page received | start=38451 | records=25 | hibob_records=2 | sent_date_min=2026-03-12 19:22:17 UTC | sent_date_max=2026-05-18 22:20:05 UTC | last_updated_min=2026-05-18 21:52:31 UTC | last_updated_max=2026-05-18 22:20:18 UTC
[2026-05-19 02:33:22] Page processed | start=38451 | range_processed=38475 | range_created=34009 | range_updated=4466 | range_skipped_no_hibob=0 | range_errors=0
[2026-05-19 02:33:22] Sleeping 3s before next page...
[2026-05-19 02:33:26] Requesting page | start=38476 | count=25 | date_start=05-01-2026T00:00:00+0000 | date_end=05-31-2026T23:59:59+0000
[2026-05-19 02:33:30] Page received | start=38476 | records=25 | hibob_records=1 | sent_date_min=2026-05-15 16:08:25 UTC | sent_date_max=2026-05-18 22:37:12 UTC | last_updated_min=2026-05-18 22:20:23 UTC | last_updated_max=2026-05-18 22:37:12 UTC
[2026-05-19 02:33:30] Page processed | start=38476 | range_processed=38500 | range_created=34034 | range_updated=4466 | range_skipped_no_hibob=0 | range_errors=0
[2026-05-19 02:33:30] Sleeping 3s before next page...
[2026-05-19 02:33:33] Requesting page | start=38501 | count=25 | date_start=05-01-2026T00:00:00+0000 | date_end=05-31-2026T23:59:59+0000
[2026-05-19 02:33:37] Page received | start=38501 | records=25 | hibob_records=6 | sent_date_min=2026-04-12 21:22:49 UTC | sent_date_max=2026-05-18 23:52:04 UTC | last_updated_min=2026-05-18 22:37:18 UTC | last_updated_max=2026-05-18 23:52:04 UTC
[2026-05-19 02:33:38] Page processed | start=38501 | range_processed=38525 | range_created=34057 | range_updated=4468 | range_skipped_no_hibob=0 | range_errors=0
[2026-05-19 02:33:38] Sleeping 3s before next page...
[2026-05-19 02:33:41] Requesting page | start=38526 | count=25 | date_start=05-01-2026T00:00:00+0000 | date_end=05-31-2026T23:59:59+0000
[2026-05-19 02:33:45] Page received | start=38526 | records=25 | hibob_records=6 | sent_date_min=2025-03-29 19:52:51 UTC | sent_date_max=2026-05-19 00:52:16 UTC | last_updated_min=2026-05-18 23:52:11 UTC | last_updated_max=2026-05-19 00:52:16 UTC
[2026-05-19 02:33:45] Page processed | start=38526 | range_processed=38550 | range_created=34081 | range_updated=4469 | range_skipped_no_hibob=0 | range_errors=0
[2026-05-19 02:33:45] Sleeping 3s before next page...
[2026-05-19 02:33:48] Requesting page | start=38551 | count=25 | date_start=05-01-2026T00:00:00+0000 | date_end=05-31-2026T23:59:59+0000
[2026-05-19 02:33:52] Page received | start=38551 | records=25 | hibob_records=2 | sent_date_min=2026-01-13 00:22:55 UTC | sent_date_max=2026-05-19 02:07:18 UTC | last_updated_min=2026-05-19 00:52:20 UTC | last_updated_max=2026-05-19 02:07:18 UTC
[2026-05-19 02:33:52] Page processed | start=38551 | range_processed=38575 | range_created=34103 | range_updated=4472 | range_skipped_no_hibob=0 | range_errors=0
[2026-05-19 02:33:52] Sleeping 3s before next page...
[2026-05-19 02:33:55] Requesting page | start=38576 | count=25 | date_start=05-01-2026T00:00:00+0000 | date_end=05-31-2026T23:59:59+0000
[2026-05-19 02:33:59] Page received | start=38576 | records=14 | hibob_records=4 | sent_date_min=2026-05-19 02:07:27 UTC | sent_date_max=2026-05-19 02:30:54 UTC | last_updated_min=2026-05-19 02:07:27 UTC | last_updated_max=2026-05-19 02:30:54 UTC
[2026-05-19 02:33:59] Page processed | start=38576 | range_processed=38589 | range_created=34117 | range_updated=4472 | range_skipped_no_hibob=0 | range_errors=0
[2026-05-19 02:33:59] Last page reached for this range.
[2026-05-19 02:33:59] Finished range: 2026-05 | processed=38589 | created=34117 | updated=4472 | skipped_no_hibob=0 | errors=0
[2026-05-19 02:34:00] ==========================================================================================
[2026-05-19 02:34:00] JOBVITE APPLICATION SYNC FINISHED
[2026-05-19 02:34:00] Global totals | pages=1544 | api_records=38589 | hibob_records=8588 | processed=38589 | created=34117 | updated=4472 | skipped_no_hibob=0 | errors=0
[2026-05-19 02:34:00] Local DB after sync | total_records=99375 | hibob_records=16457 | first_sent_date=2022-03-28 07:00:00 UTC | last_sent_date=2026-05-19 02:30:54 UTC | last_updated_date=2026-05-19 02:30:54 UTC
[2026-05-19 02:34:00] Run finished at: 2026-05-19 02:34:00 UTC
[2026-05-19 02:34:00] Duration: 3:32:51.588536
[2026-05-19 02:34:00] ==========================================================================================
[2026-05-19 14:23:29] ==========================================================================================
[2026-05-19 14:23:29] JOBVITE APPLICATION SYNC STARTED
[2026-05-19 14:23:29] Run started at: 2026-05-19 14:23:29 UTC
[2026-05-19 14:23:29] Local DB before sync | total_records=99375 | hibob_records=16457 | first_sent_date=2022-03-28 07:00:00 UTC | last_sent_date=2026-05-19 02:30:54 UTC | last_updated_date=2026-05-19 02:30:54 UTC
[2026-05-19 14:23:29] Date ranges to process:
[2026-05-19 14:23:29]   1. 2026-05 | 05-01-2026T00:00:00+0000 -> 05-31-2026T23:59:59+0000
[2026-05-19 14:23:29] ------------------------------------------------------------------------------------------
[2026-05-19 14:23:29] WARNING: Starting range: 2026-05 | 05-01-2026T00:00:00+0000 -> 05-31-2026T23:59:59+0000
[2026-05-19 14:23:29] Requesting page | start=1 | count=100 | date_start=05-01-2026T00:00:00+0000 | date_end=05-31-2026T23:59:59+0000
[2026-05-19 14:23:46] Page received | start=1 | records=100 | hibob_records=30 | sent_date_min=2025-04-30 14:15:41 UTC | sent_date_max=2026-05-01 09:17:28 UTC | last_updated_min=2026-05-01 00:39:41 UTC | last_updated_max=2026-05-01 09:20:53 UTC
[2026-05-19 14:23:47] Page processed | start=1 | range_processed=100 | range_created=0 | range_updated=100 | range_skipped_no_hibob=0 | range_errors=0
[2026-05-19 14:23:47] Sleeping 3s before next page...
[2026-05-19 14:23:50] Requesting page | start=101 | count=100 | date_start=05-01-2026T00:00:00+0000 | date_end=05-31-2026T23:59:59+0000
[2026-05-19 14:23:59] Page received | start=101 | records=100 | hibob_records=25 | sent_date_min=2025-01-09 13:25:07 UTC | sent_date_max=2026-05-01 11:27:37 UTC | last_updated_min=2026-05-01 09:22:09 UTC | last_updated_max=2026-05-01 11:30:05 UTC
[2026-05-19 14:24:00] Page processed | start=101 | range_processed=200 | range_created=0 | range_updated=200 | range_skipped_no_hibob=0 | range_errors=0
[2026-05-19 14:24:00] Sleeping 3s before next page...
[2026-05-19 14:24:03] Requesting page | start=201 | count=100 | date_start=05-01-2026T00:00:00+0000 | date_end=05-31-2026T23:59:59+0000
[2026-05-19 14:24:11] Page received | start=201 | records=100 | hibob_records=22 | sent_date_min=2026-02-21 12:05:19 UTC | sent_date_max=2026-05-01 12:22:30 UTC | last_updated_min=2026-05-01 11:30:05 UTC | last_updated_max=2026-05-01 12:30:08 UTC
[2026-05-19 14:24:12] Page processed | start=201 | range_processed=300 | range_created=0 | range_updated=300 | range_skipped_no_hibob=0 | range_errors=0
[2026-05-19 14:24:12] Sleeping 3s before next page...
[2026-05-19 14:24:15] Requesting page | start=301 | count=100 | date_start=05-01-2026T00:00:00+0000 | date_end=05-31-2026T23:59:59+0000
[2026-05-19 14:24:24] Page received | start=301 | records=100 | hibob_records=29 | sent_date_min=2026-02-11 16:52:40 UTC | sent_date_max=2026-05-01 12:51:46 UTC | last_updated_min=2026-05-01 12:30:08 UTC | last_updated_max=2026-05-01 12:55:24 UTC
[2026-05-19 14:24:24] Page processed | start=301 | range_processed=400 | range_created=0 | range_updated=400 | range_skipped_no_hibob=0 | range_errors=0
[2026-05-19 14:24:24] Sleeping 3s before next page...
[2026-05-19 14:24:27] Requesting page | start=401 | count=100 | date_start=05-01-2026T00:00:00+0000 | date_end=05-31-2026T23:59:59+0000
[2026-05-19 14:24:34] Page received | start=401 | records=100 | hibob_records=16 | sent_date_min=2025-07-25 14:17:33 UTC | sent_date_max=2026-05-01 13:33:25 UTC | last_updated_min=2026-05-01 12:55:57 UTC | last_updated_max=2026-05-01 13:43:56 UTC
[2026-05-19 14:24:35] Page processed | start=401 | range_processed=500 | range_created=0 | range_updated=500 | range_skipped_no_hibob=0 | range_errors=0
[2026-05-19 14:24:35] Sleeping 3s before next page...
